soc_code,occ_title,emp_2024,emp_2034,pct_chg_2024_2034,openings_2024_2034,median_wage_2024,education_2024,emp_2021,emp_2031,pct_chg_2021_2031,openings_2021_2031,bls_merge,revision_pp,aioe_felten,gpts_dv_rating_alpha,gpts_dv_rating_beta,gpts_dv_rating_gamma,gpts_human_rating_alpha,gpts_human_rating_beta,gpts_human_rating_gamma,aei_observed_exposure,n_onet_tasks,mean_task_importance,aei_claude_usage_share,gpts_task_alpha_mean,gpts_task_beta_mean,gpts_task_gamma_mean,kmeans_cluster,kmeans_silhouette,gmm_cluster,gmm_max_prob,gmm_prob_0,gmm_prob_1,gmm_prob_2,gmm_prob_3,gmm_prob_4,gmm_prob_5,gmm_prob_6,ward_cluster,dbscan_cluster,dbscan_noise,pca1,pca2,feat_ai_exposure,feat_llm_exposure,feat_log_claude_usage,feat_aioe_felten,feat_growth_pre,feat_log_employment,feat_log_wage,feat_n_onet_tasks,feat_mean_task_importance
11-1011,Chief executives,309.4,322.7,4.3,22.2,206420.0,Bachelor's degree,283.9,263.3,-7.3,17.7,both_vintages,11.6,1.334246,0.1333333333333333,0.5077777777777778,0.8822222222222222,0.1177777777777777,0.3694444444444443,0.6211111111111112,0.0333,49.0,3.8797959183673463,0.164845999942483,0.1224489795918367,0.4897959183673469,0.8571428571428571,0,0.15817946836127614,1,0.9953919617134711,0.00031769984683043526,0.9953919617134711,0.0,0.004290338379971641,5.972665884363731e-11,2.9720930262077726e-166,0.0,2,-1,True,2.0553760399665477,-0.3061420123323945,0.0333,0.3694444444444443,0.15258888938936993,1.334246,-7.3,5.573294066502264,12.237668207119924,49.0,3.8797959183673463
11-1021,General and operations managers,3712.9,3876.8,4.4,308.7,102950.0,Bachelor's degree,3118.4,3328.2,6.7,300.4,both_vintages,-2.3,0.5748773,0.0,0.4807692307692308,0.9615384615384616,0.1153846153846153,0.3846153846153846,0.6538461538461539,0.1378,17.0,3.695882352941176,0.0347152323866413,0.0,0.4705882352941176,0.9411764705882352,0,0.11908138818745669,1,0.9967359322590168,0.0010876770721204283,0.9967359322590168,0.0,0.000435153184993943,0.0017412374838692629,4.645056603763537e-19,0.0,2,-1,True,1.554690776270873,1.1958436605766924,0.1378,0.3846153846153846,0.03412625106930158,0.5748773,6.7,8.110186896289244,11.541998712455936,17.0,3.695882352941176
11-1031,Legislators,27.7,28.6,3.4,2.2,44810.0,Bachelor's degree,45.5,47.0,3.3,3.8,both_vintages,0.1,,0.0333333333333333,0.4,0.7666666666666666,0.2666666666666666,0.5166666666666666,0.7666666666666666,0.0,30.0,,0.0234173756927638,0.0333333333333333,0.4,0.7666666666666667,1,0.1792760095134891,2,0.9996444626777632,1.8760136622884162e-05,0.00022185666544055562,0.9996444626777632,5.785729774164842e-15,2.493508430457482e-05,8.998543586304314e-05,0.0,2,0,False,-0.0426355255802472,0.13131223253253266,0.0,0.5166666666666666,0.023147395642967878,-0.1260282,3.3,3.8501476017100584,10.710186607780189,30.0,4.019375
11-2011,Advertising and promotions managers,27.0,26.4,-2.2,2.1,126960.0,Bachelor's degree,28.0,30.0,7.1,3.0,both_vintages,-9.3,1.294387,0.0,0.4767441860465116,0.9534883720930232,0.2558139534883721,0.5465116279069767,0.8372093023255813,0.1731,30.0,3.691904761904762,0.160737688417437,0.0,0.4666666666666667,0.9333333333333332,0,0.3075836328679781,1,0.9894362273004226,4.936270032283939e-07,0.9894362273004226,0.0,0.0007812328683516958,0.009782046204222941,3.937971966932264e-182,0.0,2,0,False,2.5031648194045837,-0.8385532352398163,0.1731,0.5465116279069767,0.14905574128609966,1.294387,7.1,3.4011973816621555,11.751627355200291,30.0,3.691904761904762
11-2021,Marketing managers,407.0,433.7,6.6,34.3,161030.0,Bachelor's degree,319.0,350.7,9.9,32.2,both_vintages,-3.3000000000000007,1.315032,0.0625,0.5,0.9375,0.21875,0.578125,0.9375,0.3195,20.0,3.4295,0.0513538940630786,0.05,0.5,0.95,0,0.28160597405761467,1,0.9912383715332975,1.6631614913611697e-14,0.9912383715332975,0.0,0.00014970135588677995,0.008611927110798903,2.6309100942037967e-100,0.0,2,-1,True,3.4033351093685646,-0.05222870938749223,0.3195,0.578125,0.050078756494832746,1.315032,9.9,5.859931157146132,11.989345962012042,20.0,3.4295
11-2022,Sales managers,619.5,648.5,4.7,49.0,138060.0,Bachelor's degree,469.8,493.6,5.1,41.9,both_vintages,-0.3999999999999994,1.26628,0.0,0.45,0.9,0.1,0.4833333333333333,0.8666666666666667,0.0433,17.0,3.7294117647058815,0.0244444535740255,0.0,0.4411764705882353,0.8823529411764706,0,0.19755872430156174,1,0.9259519829992325,0.07341698265805975,0.9259519829992325,0.0,0.0003186786436298767,0.0002807454581633502,3.161024091522588e-05,0.0,2,0,False,1.791202140504467,-0.15590775368646914,0.0433,0.4833333333333333,0.024150469144021594,1.26628,5.1,6.201725472591178,11.835443652257467,17.0,3.7294117647058815
11-2032,Public relations managers,83.2,87.3,5.0,6.6,138520.0,Bachelor's degree,66.7,71.7,7.6,6.1,both_vintages,-2.6,,0.15,0.55,0.95,0.25,0.5750000000000001,0.9,0.2315,20.0,,0.1449206890460086,0.15,0.55,0.95,0,0.1773133816858346,1,0.9951618141080861,1.5597570556257684e-11,0.9951618141080861,0.0,0.004542587917988868,0.000295597958327207,3.855261176427766e-160,0.0,2,-1,True,1.7740061547725392,-0.6065544256755397,0.2315,0.5750000000000001,0.13533536739839297,-0.1260282,7.6,4.272490747605575,11.838769998516359,20.0,4.019375
11-2033,Fundraising managers,45.7,47.6,4.2,3.6,123480.0,Bachelor's degree,31.4,34.5,9.7,3.0,both_vintages,-5.499999999999999,,0.125,0.5625,1.0,0.25,0.5,0.75,,16.0,3.741875,0.1523156497910922,0.125,0.5625,1.0,0,0.05805447689412304,1,0.9906588101855712,0.005494201991808641,0.9906588101855712,2.866152379823497e-76,0.000890596635692175,0.002956391186928187,2.3354351173986814e-115,0.0,2,0,False,0.9721910937154157,-0.6135709207450438,0.0,0.5,0.14177352629689666,-0.1260282,9.7,3.5409593240373143,11.723834478616096,16.0,3.741875
11-3012,Administrative services managers,271.2,283.8,4.6,23.2,108390.0,Bachelor's degree,239.0,255.1,6.7,22.0,both_vintages,-2.1000000000000005,,0.0869565217391304,0.3913043478260869,0.6956521739130435,0.2608695652173913,0.5,0.7391304347826086,0.0,18.0,3.655,0.0,0.1111111111111111,0.4166666666666667,0.7222222222222222,0,0.039876777283724636,2,0.9995563463953726,1.6600689060047657e-07,0.00044266406462241365,0.9995563463953726,2.5068331289469545e-07,5.728243799613581e-07,2.542127710126186e-11,1.8074331946713195e-16,2,0,False,0.8655598332661022,0.2516064187306102,0.0,0.5,0.0,-0.1260282,6.7,5.541655625147766,11.593491112809795,18.0,3.655
11-3013,Facilities managers,151.4,157.1,3.8,13.2,104690.0,Bachelor's degree,109.1,116.6,6.9,9.9,both_vintages,-3.1000000000000005,,0.0357142857142857,0.4001623376623376,0.7646103896103895,0.1704545454545454,0.4042207792207792,0.637987012987013,0.1345,39.0,3.968461538461539,0.2007937257866385,0.0512820512820512,0.4358974358974359,0.8205128205128205,0,0.07729140160085918,1,0.9992953839663392,1.48756321542631e-06,0.9992953839663392,0.0,0.0006999036887935212,3.224781652696342e-06,5.795311254296467e-237,0.0,2,0,False,1.2653307374756928,0.4412420672061195,0.1345,0.4042207792207792,0.18298277629568194,-0.1260282,6.9,4.758749273916392,11.5587588813134,39.0,3.968461538461539
11-3021,Computer and information systems managers,667.1,768.7,15.2,55.6,171200.0,Bachelor's degree,509.1,591.5,16.2,48.5,both_vintages,-1.0,1.059853,0.1212121212121212,0.5303030303030303,0.9393939393939394,0.303030303030303,0.5606060606060607,0.8181818181818182,0.1559,17.0,3.84,0.0785714579165105,0.1176470588235294,0.5294117647058824,0.9411764705882352,0,0.23546545003875638,1,0.9813082368054217,0.01750069400985241,0.9813082368054217,0.0,0.0004215680396872079,0.0007695011450382538,5.026145800732984e-53,0.0,2,-1,True,2.5381929095773974,0.11131305394570706,0.1559,0.5606060606060607,0.07563744141298039,1.059853,16.2,6.3826616834184415,12.050587742689778,17.0,3.84
11-3031,Financial managers,868.6,997.4,14.8,74.6,161700.0,Bachelor's degree,730.8,854.0,16.8,71.3,both_vintages,-2.0,1.446232,0.0,0.4850552306692657,0.9701104613385316,0.1221201151025712,0.4541306971131532,0.7861412791237351,0.3907,59.0,4.030677966101695,0.295284890862703,0.0,0.4830508474576271,0.9661016949152542,0,0.2451909907028961,3,0.9999545957681247,9.569738770549536e-40,4.54042318516462e-05,0.0,0.9999545957681247,2.482238205459139e-14,0.0,0.0,2,-1,True,3.869393754343092,1.316070404241681,0.3907,0.4541306971131532,0.2587306639007739,1.446232,16.8,6.74993119378857,11.993498045565198,59.0,4.030677966101695
11-3051,Industrial production managers,241.9,246.5,1.9,17.1,121440.0,Bachelor's degree,203.8,210.9,3.5,15.4,both_vintages,-1.6,0.5086878,0.0707451026436875,0.4057187015028995,0.7406923003621116,0.1307070026409648,0.3296039063138119,0.5285008099866589,0.0132,116.0,3.909259259259259,0.0200280186846005,0.0689655172413793,0.4094827586206896,0.75,0,0.05159564899580235,3,0.9998818145621146,0.00011818543788523439,5.893836492759302e-39,0.0,0.9998818145621146,1.2382460918259466e-86,2.0150565974086273e-40,0.0,2,-1,True,1.821001076902135,2.297993937534278,0.0132,0.3296039063138119,0.01983009621753338,0.5086878,3.5,5.351384087484729,11.707175592629456,116.0,3.909259259259259
11-3061,Purchasing managers,83.5,86.1,3.1,6.4,139510.0,Bachelor's degree,72.8,75.6,3.8,6.3,both_vintages,-0.6999999999999997,1.423426,0.2285714285714285,0.5857142857142857,0.9428571428571428,0.1142857142857142,0.4714285714285714,0.8285714285714285,0.2004,18.0,4.051666666666667,0.0308123364378472,0.2222222222222222,0.5833333333333334,0.9444444444444444,0,0.22920792828781997,1,0.9981704947409249,0.00011909170450722245,0.9981704947409249,0.0,9.085869221412e-05,0.0016195548623536577,5.583819630677365e-36,0.0,2,0,False,1.8837874186093495,-1.1890603923130674,0.2004,0.4714285714285714,0.0303471675531816,1.423426,3.8,4.3254562831854875,11.845891562262153,18.0,4.051666666666667
11-3071,"Transportation, storage, and distribution managers",216.7,229.8,6.1,18.5,102010.0,High school diploma or equivalent,150.7,163.4,8.4,14.2,both_vintages,-2.3000000000000007,0.8907923,0.0178571428571428,0.486525974025974,0.9551948051948052,0.1620129870129869,0.4729707792207792,0.7839285714285713,0.0956,60.0,3.760892857142857,0.0516620174274569,0.0166666666666666,0.4833333333333333,0.95,0,0.19015221222271597,0,0.8511264507118826,0.8511264507118826,8.421429625877301e-07,0.0,0.1488727071451542,1.3617860714081326e-15,1.3379779761963004e-21,0.0,2,-1,True,2.0344481057480897,0.931198753047841,0.0956,0.4729707792207792,0.05037178648561841,0.8907923,8.4,5.096201182425903,11.532826126676564,60.0,3.760892857142857
11-3111,Compensation and benefits managers,20.9,20.9,0.2,1.5,140360.0,Bachelor's degree,15.7,15.9,1.5,1.2,both_vintages,-1.3,1.298235,0.131578947368421,0.513157894736842,0.894736842105263,0.1842105263157894,0.4605263157894737,0.7368421052631579,0.0,22.0,3.875,0.0228011289640069,0.0909090909090909,0.4772727272727273,0.8636363636363636,0,0.13837273554756402,2,0.9994238755939531,0.0003679448022331274,0.00019885375138693575,0.9994238755939531,9.361319872494638e-09,9.316225565226355e-06,2.655417024101248e-10,0.0,2,0,False,1.203950028508521,-1.6605659636812402,0.0,0.4605263157894737,0.022545068231710912,1.298235,1.5,2.766319109226186,11.851965829697152,22.0,3.875
11-3121,Human resources managers,221.9,233.0,5.0,17.9,140030.0,Bachelor's degree,174.2,186.9,7.3,16.3,both_vintages,-2.3,1.320417,0.04,0.48,0.92,0.14,0.45,0.76,0.0,26.0,3.756923076923077,0.0163305383120588,0.0384615384615384,0.4807692307692308,0.9230769230769232,0,0.18339560688402193,2,0.9994839484743565,0.00019283562564509918,0.0003165911618795716,0.9994839484743565,1.863687508227018e-06,4.730282760610975e-06,3.0767850181866914e-08,0.0,2,0,False,1.627917832324864,-0.26068657939097634,0.0,0.45,0.01619862923129977,1.320417,7.3,5.230573714461517,11.849611964349823,26.0,3.756923076923077
11-3131,Training and development managers,46.4,49.2,5.8,3.8,127090.0,Bachelor's degree,38.1,40.9,7.5,3.7,both_vintages,-1.7000000000000002,1.284423,0.0909090909090909,0.5,0.9090909090909092,0.0454545454545454,0.4772727272727273,0.9090909090909092,0.3777,12.0,3.9616666666666656,0.0357423102679029,0.0833333333333333,0.5,0.9166666666666666,0,0.24576263464030104,1,0.9389586042954481,1.1218477162372486e-20,0.9389586042954481,0.0,0.0002968823744110331,0.06074451333014092,1.2407432200320772e-125,0.0,2,-1,True,2.3356652942234204,-1.3027970781964218,0.3777,0.4772727272727273,0.03511837763490325,1.284423,7.5,3.711130063048756,11.752650775876116,12.0,3.9616666666666656
11-9013,"Farmers, ranchers, and other agricultural managers",836.1,825.0,-1.3,85.5,87980.0,High school diploma or equivalent,847.6,824.0,-2.8,85.6,both_vintages,1.4999999999999998,-0.1443684,0.0408163265306122,0.3673469387755101,0.6938775510204082,0.1020408163265306,0.2448979591836734,0.3877551020408163,0.0,30.0,3.859,0.0076003763213355,0.0333333333333333,0.3833333333333333,0.7333333333333333,1,0.1586631015259168,2,0.9995008091952847,9.909184859889916e-07,2.34084672655245e-05,0.9995008091952847,3.257545931501442e-10,2.1830704902007814e-08,0.0004747692625043237,2.754790143786742e-267,2,0,False,0.04776707579201877,0.9350177456061711,0.0,0.2448979591836734,0.007571638979114051,-0.1443684,-2.8,6.714170529909472,11.384864794902711,30.0,3.859
11-9021,Construction managers,550.3,598.4,8.7,46.8,106980.0,Bachelor's degree,478.5,514.9,7.6,41.5,both_vintages,1.0999999999999996,1.029139,0.0444444444444444,0.4444444444444445,0.8444444444444444,0.2,0.4,0.6,0.1186,25.0,3.8592,0.029990674132838,0.04,0.44,0.84,0,0.1775150804275359,1,0.8657411637807475,0.11843330688232874,0.8657411637807475,0.0,0.004791160748696451,0.011034368588123232,1.0387824291274684e-13,0.0,2,0,False,1.5650771320599604,0.3951535935918794,0.1186,0.4,0.029549747960591417,1.029139,7.6,6.243972707052095,11.58039718008524,25.0,3.8592
11-9031,"Education and childcare administrators, preschool and daycare",90.2,87.9,-2.5,5.5,56270.0,Bachelor's degree,74.6,80.8,8.3,6.4,both_vintages,-10.8,0.838007,0.0625,0.46875,0.875,0.28125,0.515625,0.75,0.0395,17.0,3.928235294117647,0.073641484086455,0.0588235294117647,0.4705882352941176,0.8823529411764706,0,0.06482724976322488,0,0.8205025349989615,0.8205025349989615,0.06055917581597758,0.0,7.945545611802428e-07,0.11893749463049925,4.1629608618220864e-21,0.0,2,0,False,0.8216331545808102,-0.1623924614116524,0.0395,0.515625,0.07105612665871507,0.838007,8.3,4.39197696552705,10.937916812427325,17.0,3.928235294117647
11-9032,"Education administrators, kindergarten through secondary",333.3,328.1,-1.5,20.8,104070.0,Master's degree,292.2,306.5,4.9,23.5,both_vintages,-6.4,1.048811,0.0181818181818181,0.4181818181818181,0.8181818181818181,0.2727272727272727,0.4545454545454545,0.6363636363636364,0.0525,32.0,3.8796875,0.3798134004905319,0.03125,0.421875,0.8125,0,0.22704438020989176,1,0.5444778795857951,8.461522397870427e-16,0.5444778795857951,0.0,0.06505820678657666,0.39046391362762806,0.0,0.0,2,0,False,1.9869333815036203,0.3100223456870907,0.0525,0.4545454545454545,0.32194827299061934,1.048811,4.9,5.725217755376266,11.552819028631905,32.0,3.8796875
11-9033,"Education administrators, postsecondary",226.6,230.5,1.7,15.1,103960.0,Master's degree,210.1,225.6,7.4,17.6,both_vintages,-5.7,1.461149,0.024390243902439,0.4390243902439024,0.8536585365853658,0.3414634146341463,0.475609756097561,0.6097560975609756,0.0644,27.0,3.697407407407408,0.0337908622935057,0.037037037037037,0.4629629629629629,0.8888888888888888,0,0.23737804904101842,0,0.8399258535996972,0.8399258535996972,0.15138636059181912,0.0,0.0020705652578312,0.006617215121242217,5.429410107033428e-09,0.0,2,0,False,1.8667921455075975,0.03644031701237047,0.0644,0.475609756097561,0.03323249479075332,1.461149,7.4,5.418763519623904,11.551761488755426,27.0,3.697407407407408
11-9041,Architectural and engineering managers,212.5,220.5,3.8,14.5,167740.0,Bachelor's degree,191.1,195.5,2.3,14.0,both_vintages,1.5,0.8370105,0.0517241379310344,0.4426108374384236,0.8334975369458129,0.0571428571428571,0.3307881773399014,0.6044334975369459,0.0306,37.0,3.4448648648648645,0.0878151588478648,0.081081081081081,0.4594594594594595,0.8378378378378378,0,0.15379086176242612,1,0.9917733757190104,0.008147723557083594,0.9917733757190104,0.0,6.449059445771522e-05,1.4410129448675616e-05,1.5024445656929363e-53,0.0,2,0,False,1.8073405814451182,0.18375697673122926,0.0306,0.3307881773399014,0.08417124323585003,0.8370105,2.3,5.27556037942542,12.030170440538402,37.0,3.4448648648648645
11-9051,Food service managers,352.8,375.3,6.4,42.0,65310.0,High school diploma or equivalent,329.1,361.4,9.8,45.0,both_vintages,-3.4000000000000004,-0.1213112,0.0625,0.4166666666666666,0.7708333333333333,0.1875,0.3958333333333333,0.6041666666666666,0.0,28.0,4.173928571428571,0.0099626554482372,0.0714285714285714,0.4285714285714285,0.7857142857142857,1,0.20913956790297045,2,0.9999903295756789,2.0812104160677078e-06,9.956249010231787e-07,0.9999903295756789,4.0423897640008255e-12,4.2573051328490334e-07,6.167854448294581e-06,0.0,2,0,False,0.00905372832668076,0.8860321661630486,0.0,0.3958333333333333,0.009913355365857633,-0.1213112,9.8,5.889985378158128,11.086900442896702,28.0,4.173928571428571
11-9071,Gambling managers,5.1,5.2,1.2,0.6,85580.0,High school diploma or equivalent,4.1,4.7,13.0,0.5,both_vintages,-11.8,0.8299207,0.3235294117647059,0.5735294117647058,0.8235294117647058,0.2647058823529412,0.4852941176470588,0.7058823529411764,0.0,19.0,4.254736842105263,0.0025676947031539,0.3157894736842105,0.5526315789473685,0.7894736842105263,0,-0.06111363385034226,2,0.9999903784699995,2.5259332829299736e-06,9.2918643692806e-10,0.9999903784699995,3.944925342849448e-15,7.094649034276282e-06,1.8492875572767855e-11,7.777937751945278e-41,2,0,False,0.33197644561603284,-1.599771986066561,0.0,0.4852941176470588,0.002564403807249841,0.8299207,13.0,1.547562508716013,11.357206889970808,19.0,4.254736842105263
11-9072,"Entertainment and recreation managers, except gambling",43.2,46.5,7.7,5.5,77180.0,Bachelor's degree,21.6,25.2,16.5,3.0,both_vintages,-8.8,,0.1764705882352941,0.3529411764705882,0.5294117647058824,0.2352941176470588,0.3823529411764705,0.5294117647058824,,17.0,3.998235294117647,0.0016433246100185,0.1764705882352941,0.3529411764705882,0.5294117647058824,1,0.19419869239738438,2,0.9999889275626432,1.0304304921267887e-05,2.0025554584771426e-07,0.9999889275626432,3.452994468393294e-13,5.606123700488457e-07,7.264174273557662e-09,7.159241636206025e-19,2,0,False,-0.039599363122989256,-0.24321881723815522,0.0,0.3823529411764705,0.0016419758295854279,-0.1260282,16.5,3.2268439945173775,11.25389563509161,17.0,3.998235294117647
11-9081,Lodging managers,52.0,53.8,3.4,5.4,68130.0,High school diploma or equivalent,51.2,60.4,18.0,7.1,both_vintages,-14.6,0.4021726,0.0434782608695652,0.4565217391304347,0.8695652173913043,0.2608695652173913,0.3804347826086956,0.5,0.1215,24.0,4.142083333333333,0.0067787140163263,0.0416666666666666,0.4583333333333333,0.875,0,-0.07681576305114597,0,0.8651839284861558,0.8651839284861558,0.00020949553123772487,0.0,3.860709147743589e-08,0.1345888773020234,1.7660073490782674e-05,0.0,2,0,False,0.562123106519656,0.1992471880330282,0.1215,0.3804347826086956,0.006755841838923125,0.4021726,18.0,4.100989104940769,11.129172923767713,24.0,4.142083333333333
11-9111,Medical and health services managers,616.2,759.1,23.2,62.1,117960.0,Bachelor's degree,480.7,616.9,28.3,56.6,both_vintages,-5.100000000000001,1.260259,0.0,0.4285714285714285,0.8571428571428571,0.1142857142857142,0.3714285714285714,0.6285714285714286,0.0659,18.0,3.9766666666666666,0.031942122107235,0.0,0.4166666666666667,0.8333333333333334,0,0.09955763589359067,0,0.9962121917319013,0.9962121917319013,2.774581992145103e-11,0.0,0.0008454471639881381,0.0029423610496081124,2.6755850812987882e-11,0.0,2,-1,True,1.6215884624918913,0.8583933137046602,0.0659,0.3714285714285714,0.03144258225722443,1.260259,28.3,6.424706936215593,11.678100862929213,18.0,3.9766666666666666
11-9121,Natural sciences managers,104.3,108.2,3.7,8.5,161180.0,Bachelor's degree,78.8,83.4,5.9,6.9,both_vintages,-2.2,1.327906,0.111552064673189,0.5306967984934087,0.9498415323136284,0.244449037710716,0.4865325432915346,0.7286160488723531,0.0613,70.0,3.775714285714286,0.0929505482541724,0.1142857142857142,0.5285714285714286,0.9428571428571428,0,0.19851380226121512,0,0.9452711261051053,0.9452711261051053,2.6641661393287575e-09,0.0,0.054728871230729226,7.337923788266344e-24,5.050473901253156e-55,0.0,2,-1,True,2.5685072597620127,0.3645412249080825,0.0613,0.4865325432915346,0.08888096412161106,1.327906,5.9,4.423648309364701,11.990277031878502,70.0,3.775714285714286
11-9131,Postmasters and mail superintendents,13.1,12.7,-3.5,0.9,92730.0,High school diploma or equivalent,12.3,11.7,-4.8,0.9,both_vintages,1.2999999999999998,0.8233757,0.1428571428571428,0.5238095238095237,0.9047619047619048,0.238095238095238,0.4523809523809523,0.6666666666666666,0.0,13.0,4.1269230769230765,0.0155088760070498,0.1538461538461538,0.5,0.8461538461538461,0,-0.05571132362380947,2,0.9999636600278624,2.7987444756770195e-05,5.0789241801874635e-06,0.9999636600278624,4.356562192505978e-13,1.8978593047836097e-06,1.3757434601710927e-06,0.0,1,0,False,0.20581090150725895,-1.9702124459669312,0.0,0.4523809523809523,0.015389842528956707,0.8233757,-4.8,2.4595888418037104,11.437447323794272,13.0,4.1269230769230765
11-9141,"Property, real estate, and community association managers",466.1,483.1,3.6,39.0,66700.0,High school diploma or equivalent,392.9,404.0,2.8,33.3,both_vintages,0.8000000000000003,1.215396,0.0,0.4431818181818182,0.8863636363636364,0.2045454545454545,0.4318181818181818,0.6590909090909091,0.1653,27.0,3.9722222222222223,0.0344071090222624,0.0,0.4259259259259259,0.8518518518518519,0,0.16822418030739344,1,0.7617502076840615,0.0018478731463901553,0.7617502076840615,0.0,8.03957157915243e-05,0.23632152345375743,1.6495370550750724e-22,0.0,2,0,False,1.3918127270608431,0.35670723126199944,0.1653,0.4318181818181818,0.03382842105655646,1.215396,2.8,6.0014148779611505,11.107960231903714,27.0,3.9722222222222223
11-9151,Social and community service managers,219.8,233.9,6.4,18.6,78240.0,Bachelor's degree,173.7,194.1,11.7,18.0,both_vintages,-5.299999999999999,1.156153,0.0714285714285714,0.3928571428571428,0.7142857142857142,0.25,0.4464285714285714,0.6428571428571428,0.1808,16.0,3.915625,0.0199253108964746,0.0625,0.40625,0.75,0,0.19094516350182275,1,0.6479517117116795,0.005234754019886787,0.6479517117116795,0.0,0.001624448775448128,0.3451890854929854,3.8813063610795145e-20,0.0,2,0,False,1.5076455651525937,0.020486172353370337,0.1808,0.4464285714285714,0.01972940000382757,1.156153,11.7,5.268373490174964,11.267536304708699,16.0,3.915625
11-9161,Emergency management directors,13.2,13.6,3.0,1.0,86130.0,Bachelor's degree,10.6,10.9,2.5,0.9,both_vintages,0.5,1.030768,0.0,0.4222222222222222,0.8444444444444444,0.4,0.6,0.8,0.0,23.0,3.855217391304348,0.0053408049825601,0.0,0.4130434782608695,0.8260869565217391,0,0.13321296301691507,2,0.9999371518360245,1.266193172157105e-05,1.2344297640283125e-05,0.9999371518360245,2.378909295459592e-09,3.783949154737222e-05,6.415697004541583e-11,1.164913589450755e-149,2,0,False,1.0534768781240427,-1.4414435913797992,0.0,0.6,0.005326593461813024,1.030768,2.5,2.388762789235098,11.36361306178322,23.0,3.855217391304348
11-9171,Funeral home managers,32.1,33.4,4.1,2.6,76830.0,Associate's degree,40.7,43.5,6.9,3.6,both_vintages,-2.8000000000000007,,0.1428571428571428,0.4285714285714285,0.7142857142857142,0.2857142857142857,0.5357142857142857,0.7857142857142857,0.0108,23.0,3.978695652173913,0.0552567900118727,0.1363636363636363,0.4318181818181818,0.7272727272727273,0,-0.06402474269202615,1,0.9252442523435572,0.05646842678223236,0.9252442523435572,0.0,1.9773287508252778e-06,0.018285224582518942,1.1896294095589181e-07,0.0,2,0,False,0.4580239464955609,-0.31055736322896554,0.0108,0.5357142857142857,0.0537841401652165,-0.1260282,6.9,3.7727609380946383,11.24935046786168,23.0,3.978695652173913
11-9179,"Personal service managers, all other",25.1,26.7,6.5,2.1,61340.0,High school diploma or equivalent,22.9,25.1,9.5,2.1,both_vintages,-3.0,,0.1625258799171842,0.4521221532091096,0.7417184265010353,0.1149068322981366,0.3253105590062111,0.5357142857142857,0.1244,45.0,3.945333333333333,0.4652662802114953,0.1555555555555555,0.4444444444444444,0.7333333333333333,0,-0.007619296943332924,1,0.999965585076369,2.53291025878276e-26,0.999965585076369,0.0,3.806659939400874e-10,3.4414542964362917e-05,0.0,0.0,2,0,False,1.0280496171326032,0.5784428251990257,0.1244,0.3253105590062111,0.382036987188974,-0.1260282,9.5,3.2228678461377385,11.024187437668242,45.0,3.945333333333333
11-9199,"Managers, all other",1333.7,1393.5,4.5,106.7,136550.0,Bachelor's degree,1305.8,1384.3,6.0,113.1,both_vintages,-1.5,0.9646872,0.0712777805905273,0.4912673640410586,0.91125694749159,0.2181640386209276,0.4654910240471341,0.7128180094733407,0.0686,137.0,3.827518248175183,0.0752848086964734,0.072992700729927,0.4927007299270073,0.9124087591240876,0,0.09625013173481455,3,0.999999990416871,9.583128286185475e-09,1.384067129866536e-54,0.0,0.999999990416871,4.182755777194982e-124,8.493284783055941e-74,0.0,2,-1,True,3.2423176090849832,3.439829851691145,0.0686,0.4654910240471341,0.07258556481196729,0.9646872,6.0,7.23294987569369,11.82444612690185,137.0,3.827518248175183
13-1011,"Agents and business managers of artists, performers, and athletes",21.4,23.2,8.7,2.2,96310.0,Bachelor's degree,22.6,25.7,13.8,2.8,both_vintages,-5.100000000000001,1.068559,0.1739130434782608,0.5434782608695652,0.9130434782608696,0.3043478260869565,0.3695652173913043,0.4347826086956521,0.118,14.0,3.721428571428572,0.0589542703844145,0.1428571428571428,0.5357142857142857,0.9285714285714286,0,0.14882476316548315,0,0.7584267084504652,0.7584267084504652,0.09315208283667212,0.0,7.452815725633797e-06,0.1484137558971376,5.1172643471644046e-37,0.0,2,0,False,1.3010073652836363,-0.7084877423212892,0.118,0.3695652173913043,0.05728188380249943,1.068559,13.8,3.246490991901174,11.47532743455491,14.0,3.721428571428572
13-1031,"Claims adjusters, examiners, and investigators",356.1,337.9,-5.1,21.1,76790.0,High school diploma or equivalent,314.3,295.9,-5.8,22.3,both_vintages,0.7000000000000002,1.274024,0.08,0.52,0.96,0.18,0.49,0.8,0.0818,29.0,4.271481481481481,0.0137628436089051,0.1034482758620689,0.5344827586206896,0.9655172413793104,0,0.07462323073753042,5,0.9624035211378749,0.02264014289016691,0.0024027981176026453,0.0,7.882639514197798e-07,0.012552749590404704,0.9624035211378749,0.0,2,0,False,0.9654581099358521,-0.3893505489445701,0.0818,0.49,0.013668995771821357,1.274024,-5.8,5.690021559406164,11.248829702324588,29.0,4.271481481481481
13-1032,"Insurance appraisers, auto damage",9.2,8.4,-8.2,0.5,76650.0,Postsecondary nondegree award,13.2,12.5,-5.3,0.9,both_vintages,-2.8999999999999995,0.6634955,0.0,0.5,1.0,0.1428571428571428,0.5,0.8571428571428571,0.0,7.0,4.428571428571429,0.0074976685332095,0.0,0.5,1.0,1,0.1322084117847036,2,0.9999992764956399,2.566640350480219e-07,1.7261802380105864e-07,0.9999992764956399,1.0306079687109763e-17,6.20275676254613e-08,2.3219473361748313e-07,5.081295228359003e-268,1,0,False,-0.25133082644604726,-2.165083244100384,0.0,0.5,0.0074697007250651235,0.6634955,-5.3,2.5257286443082556,11.24700488429996,7.0,4.428571428571429
13-1041,Compliance officers,418.0,430.3,3.0,33.3,78420.0,Bachelor's degree,354.0,369.1,4.3,30.2,both_vintages,-1.2999999999999998,0.6981205,0.2342960489763113,0.5263042749310427,0.8183125008857741,0.3373490296220364,0.5265367802901109,0.7157245309581854,0.1211,146.0,4.039295774647887,0.1890850379402557,0.2191780821917808,0.5205479452054794,0.821917808219178,0,0.08059168946543194,3,1.0,1.9291604121273294e-16,2.4648780328543105e-61,0.0,1.0,2.9087827325263875e-147,1.47768555702461e-215,0.0,2,-1,True,3.0006995557780973,3.3823273927669955,0.1211,0.5265367802901109,0.17318413570647517,0.6981205,4.3,5.911067610035953,11.269834275846323,146.0,4.039295774647887
13-1051,Cost estimators,221.4,212.1,-4.2,16.9,77070.0,Bachelor's degree,212.1,207.7,-2.1,18.5,both_vintages,-2.1,1.367669,0.0,0.5,1.0,0.1538461538461538,0.4807692307692308,0.8076923076923077,0.0,14.0,3.869285714285714,0.0105789021769941,0.0,0.5,1.0,0,0.10985762402638115,2,0.9997483934716707,7.572631089698046e-05,0.00011553892577275224,0.9997483934716707,6.632293486714835e-07,4.766256086173617e-05,1.2015501449198809e-05,0.0,2,0,False,0.9324935333977956,-0.5564223505807913,0.0,0.4807692307692308,0.010523337125984184,1.367669,-2.1,5.336094730882067,11.25246937877204,14.0,3.869285714285714
13-1071,Human resources specialists,944.3,1002.7,6.2,81.8,72910.0,Bachelor's degree,782.8,841.6,7.5,81.9,both_vintages,-1.2999999999999998,1.36005,0.3333333333333333,0.6444444444444445,0.9555555555555556,0.3777777777777777,0.5888888888888889,0.8,0.4034,26.0,4.067692307692308,0.0770308410946178,0.3076923076923077,0.6346153846153846,0.9615384615384616,0,0.25955213749658734,1,0.6188839079411141,6.457944208819326e-28,0.6188839079411141,0.0,0.00015875979642388343,0.3809573322624623,1.3106265833178664e-170,0.0,2,-1,True,2.7443201316688204,0.5200637834257733,0.4034,0.5888888888888889,0.07420803387809709,1.36005,7.5,6.735304841983446,11.196981082800477,26.0,4.067692307692308
13-1074,Farm labor contractors,3.9,4.2,6.0,0.3,48690.0,No formal educational credential,1.2,1.5,22.3,0.2,both_vintages,-16.3,-0.4354025,0.0,0.1428571428571428,0.2857142857142857,0.0,0.0,0.0,0.0,7.0,4.227142857142857,0.0,0.0,0.1428571428571428,0.2857142857142857,1,0.3368028536131666,6,0.995900833394862,1.5223164811976708e-08,5.361296392463113e-19,0.004099151381917167,1.716742995154285e-54,5.424463639732181e-14,1.7694940679936395e-15,0.995900833394862,1,-1,True,-1.9209001301736872,-0.8574230263062989,0.0,0.0,0.0,-0.4354025,22.3,0.4054651081081644,10.793228949176747,7.0,4.227142857142857
13-1075,Labor relations specialists,65.4,65.4,-0.1,5.1,93500.0,Bachelor's degree,65.0,63.3,-2.6,5.8,both_vintages,2.5,1.334834,0.1698113207547169,0.5471698113207547,0.9245283018867924,0.1132075471698113,0.4433962264150943,0.7735849056603773,0.0,28.0,3.659285714285714,0.0297852585565856,0.1785714285714285,0.5535714285714286,0.9285714285714286,0,0.15919452228135025,2,0.9717989556625494,0.022873553546294556,0.004847765563789731,0.9717989556625494,1.298651704446281e-05,0.0004667241799072747,1.4530414318245859e-08,0.0,2,0,False,1.2461633573409872,-0.662081058988822,0.0,0.4433962264150943,0.029350293666875908,1.334834,-2.6,4.147885329150131,11.44571671527678,28.0,3.659285714285714
13-1081,Logisticians,241.0,281.3,16.7,26.4,80880.0,Bachelor's degree,195.0,249.1,27.7,24.8,both_vintages,-11.0,1.297303,0.0860240939684832,0.5278605318327264,0.9696969696969696,0.350576269146279,0.5965664590292197,0.8425566489121602,0.1571,83.0,3.713855421686747,0.2097293033536134,0.0843373493975903,0.5301204819277109,0.9759036144578314,0,0.19161771424144905,3,0.9999999995419966,4.580034476643909e-10,6.577370395098375e-26,0.0,0.9999999995419966,1.5254454646225357e-37,7.106224400303701e-249,0.0,2,-1,True,3.433619549691223,2.4123193934211127,0.1571,0.5965664590292197,0.19039661834375643,1.297303,27.7,5.517854422268135,11.300721853694354,83.0,3.713855421686747
13-1082,Project management specialists,1046.3,1105.0,5.6,78.2,100750.0,Bachelor's degree,781.4,837.6,7.2,70.4,both_vintages,-1.6000000000000003,,0.1,0.55,1.0,0.05,0.4,0.75,,20.0,,0.00400560373692,0.1,0.55,1.0,0,-0.09707579388180226,2,0.9998840969097481,1.5996746679102545e-07,0.00011562450189491504,0.9998840969097481,3.4225422048369114e-08,3.9171687158224045e-08,4.522378087148743e-08,1.141735303042042e-83,2,0,False,0.3859938028873636,0.7176948270849784,0.0,0.4,0.003997602665236335,-0.1260282,7.2,6.730540659556327,11.52039747980893,20.0,4.019375
13-1111,Management analysts,1075.1,1169.7,8.8,98.1,101190.0,Bachelor's degree,950.6,1059.0,11.4,101.9,both_vintages,-2.6,1.432417,0.0952380952380952,0.4047619047619047,0.7142857142857142,0.1904761904761904,0.5,0.8095238095238095,0.2435,11.0,3.950909090909091,0.0365639725729119,0.0909090909090909,0.4090909090909091,0.7272727272727273,0,0.22916218227084106,1,0.9907581739197878,2.33574851692172e-07,0.9907581739197878,0.0,0.005732338927023366,0.0035092535783370986,2.7310946451175927e-50,0.0,2,0,False,2.2209477237591857,0.25494958036197773,0.2435,0.5,0.03591137078931316,1.432417,11.4,6.9650803456014065,11.524755216723806,11.0,3.950909090909091
13-1121,"Meeting, convention, and event planners",155.8,163.3,4.8,15.5,59440.0,Bachelor's degree,128.2,151.1,17.8,16.6,both_vintages,-13.0,0.3740207,0.1081081081081081,0.4864864864864865,0.8648648648648649,0.081081081081081,0.3648648648648649,0.6486486486486487,0.1023,21.0,3.958571428571428,0.0445751800467524,0.0952380952380952,0.4761904761904761,0.8571428571428571,0,-0.060546558980153355,0,0.963961264959567,0.963961264959567,0.0006113653700768004,0.0,2.4643297431949808e-08,0.035427345025959935,1.0990512383971943e-12,0.0,2,0,False,0.6309879585313688,0.7342829997472632,0.1023,0.3648648648648649,0.04361027649151797,0.3740207,17.8,5.017941869278694,10.99272267939164,21.0,3.958571428571428
13-1131,Fundraisers,134.4,140.2,4.3,10.2,66490.0,Bachelor's degree,105.8,117.6,11.2,11.4,both_vintages,-6.9,1.242567,0.1538461538461538,0.5192307692307693,0.8846153846153847,0.25,0.4903846153846154,0.7307692307692308,0.0466,28.0,3.788928571428571,0.1281793195814449,0.1428571428571428,0.5,0.8571428571428571,0,0.19247636116360278,0,0.8719587968689946,0.8719587968689946,0.03640295605563414,0.0,0.0006054501281114259,0.09103279694726003,2.7407443353852746e-85,0.0,2,0,False,1.5143655625365111,0.2686159747889191,0.0466,0.4903846153846154,0.12060511170142157,1.242567,11.2,4.767289035464526,11.1048068393965,28.0,3.788928571428571
13-1141,"Compensation, benefits, and job analysis specialists",107.0,112.7,5.3,8.5,77020.0,Bachelor's degree,100.6,107.2,6.6,9.3,both_vintages,-1.2999999999999998,1.440985,0.0789473684210526,0.4736842105263157,0.8684210526315789,0.3157894736842105,0.4736842105263157,0.631578947368421,0.0649,22.0,3.433636363636364,0.2809058005250419,0.0952380952380952,0.5,0.9047619047619048,0,0.24635704452238355,1,0.9491045917585216,1.1204276675767384e-09,0.9491045917585216,0.0,0.0023141513007669335,0.04858125582028441,0.0,0.0,2,0,False,2.133714244193826,0.02357128178635096,0.0649,0.4736842105263157,0.24756748432080405,1.440985,6.6,4.674696248636701,11.2518204073689,22.0,3.433636363636364
13-1151,Training and development specialists,452.3,501.0,10.8,43.9,65850.0,Bachelor's degree,354.8,383.7,8.1,36.5,both_vintages,2.700000000000001,1.198409,0.1052631578947368,0.5526315789473684,1.0,0.4210526315789473,0.5921052631578947,0.763157894736842,0.2793,20.0,3.855,0.0232119601165115,0.1,0.55,1.0,0,0.26305527071633106,1,0.7924269169013254,2.1364893105172213e-12,0.7924269169013254,0.0,0.00041320142680609874,0.20715988166973184,1.6318744428830285e-49,0.0,2,0,False,2.185217862497419,0.2984338520599498,0.2793,0.5921052631578947,0.022946660147440703,1.198409,8.1,5.949860997252907,11.095134707171427,20.0,3.855
13-1161,Market research analysts and marketing specialists,941.7,1004.7,6.7,87.2,76950.0,Bachelor's degree,792.5,942.8,19.0,99.8,both_vintages,-12.3,1.426757,0.0491803278688524,0.5245901639344263,1.0,0.1235813366960907,0.5425598991172762,0.9615384615384616,0.6483,49.0,3.641020408163265,0.604743456486817,0.0816326530612244,0.5408163265306123,1.0,0,0.25175507816112663,3,0.9999997842718058,2.094181099410477e-137,7.528612413131522e-08,0.0,0.9999997842718058,1.404420698510438e-07,0.0,0.0,2,-1,True,5.019232982971401,1.94416876080996,0.6483,0.5425598991172762,0.47296390361104423,1.426757,19.0,6.848854171061976,11.250911139267025,49.0,3.641020408163265
13-1199,"Business operations specialists, all other",1205.7,1242.0,3.0,108.2,81270.0,Bachelor's degree,1133.0,1190.0,5.0,114.2,both_vintages,-2.0,1.047687,0.2241522966739626,0.5828407660281357,0.9415292353823088,0.2661182474964608,0.5379899336046262,0.8098616197127917,0.1846,92.0,3.909347826086957,0.5447621082211402,0.25,0.592391304347826,0.9347826086956522,0,0.18420526554583486,3,0.99999999999865,6.836488232747124e-42,1.3498960150455601e-12,0.0,0.99999999999865,5.178119750822965e-42,0.0,0.0,2,-1,True,3.4564247688024037,2.530003723683981,0.1846,0.5379899336046262,0.43486992323290335,1.047687,5.0,7.081708586105575,11.305532223747251,92.0,3.909347826086957
13-2011,Accountants and auditors,1579.8,1652.6,4.6,124.2,81680.0,Bachelor's degree,1449.8,1531.6,5.6,136.4,both_vintages,-1.0,1.481956,0.12,0.56,1.0,0.2,0.52,0.84,0.3478,29.0,4.1476,0.2157890628530578,0.1034482758620689,0.5517241379310345,1.0,0,0.2515892252031842,1,0.9087321336384773,2.2302418648730686e-26,0.9087321336384773,0.0,0.00032125999123478995,0.09094660637028718,0.0,0.0,2,-1,True,2.748943973220411,0.7037228828980714,0.3478,0.52,0.19539330044818096,1.481956,5.6,7.3340682196031395,11.310564452838547,29.0,4.1476
13-2031,Budget analysts,50.4,51.0,1.0,3.1,87930.0,Bachelor's degree,50.4,51.8,2.8,4.0,both_vintages,-1.7999999999999998,1.502988,0.08,0.52,0.96,0.32,0.64,0.96,0.0672,13.0,3.967692307692308,0.0254715314552868,0.0769230769230769,0.5,0.9230769230769232,0,0.21921785441852581,5,0.3895984576767856,0.3368633855945307,0.11205353131599782,0.0,8.668739318227273e-05,0.16139793801950383,0.3895984576767856,0.0,2,0,False,1.5499040184532935,-1.2949492747965292,0.0672,0.64,0.025152537496779828,1.502988,2.8,3.9473901492654373,11.384296322373048,13.0,3.967692307692308
13-2041,Credit analysts,67.8,64.8,-4.4,3.7,80970.0,Bachelor's degree,69.9,68.2,-2.5,5.4,both_vintages,-1.9000000000000004,1.345268,0.1111111111111111,0.5555555555555556,1.0,0.2222222222222222,0.5555555555555556,0.8888888888888888,0.1685,11.0,4.0627272727272725,0.005957051711317,0.0909090909090909,0.5454545454545454,1.0,0,0.1862543500429948,4,0.6283696140281777,0.002649741229965458,0.36895164765530575,0.0,2.8996801646919302e-05,0.6283696140281777,2.849036743773441e-10,0.0,2,0,False,1.337638196536472,-1.3179516569194663,0.1685,0.5555555555555556,0.0059393786303445,1.345268,-2.5,4.222444564849416,11.30183399468016,11.0,4.0627272727272725
13-2051,Financial and investment analysts,368.5,389.6,5.7,25.1,101350.0,Bachelor's degree,317.3,344.6,8.6,26.9,both_vintages,-2.8999999999999995,1.380615,0.0,0.4615384615384615,0.9230769230769232,0.1538461538461538,0.5,0.8461538461538463,0.5716,26.0,,0.3443792135870072,0.0,0.4615384615384615,0.9230769230769232,0,0.2697334703598305,4,0.9756100073767671,1.2553985576757449e-79,0.005600308390460505,0.0,0.018789684232771924,0.9756100073767671,0.0,0.0,2,-1,True,3.672041897970887,0.1275842104487723,0.5716,0.5,0.2959323552698186,1.380615,8.6,5.842384324093829,11.526335151880145,26.0,4.019375
13-2052,Personal financial advisors,326.0,357.2,9.6,24.1,102140.0,Bachelor's degree,330.3,381.2,15.4,30.5,both_vintages,-5.800000000000001,1.400749,0.0526315789473684,0.5,0.9473684210526316,0.3947368421052631,0.6710526315789473,0.9473684210526316,0.3504,21.0,3.835238095238096,0.1999720634816292,0.0476190476190476,0.5,0.9523809523809524,0,0.31987025820578074,4,0.5451163115331414,4.077882998753301e-24,0.4416391728156147,0.0,0.013244515651244432,0.5451163115331414,0.0,0.0,2,-1,True,3.4112936119038992,0.21469889010751442,0.3504,0.6710526315789473,0.18229827609098548,1.400749,15.4,5.943324171780047,11.534099700201635,21.0,3.835238095238096
13-2053,Insurance underwriters,127.0,123.7,-2.6,8.2,79880.0,Bachelor's degree,123.3,117.8,-4.5,8.4,both_vintages,1.9,1.326652,0.1428571428571428,0.5714285714285714,1.0,0.1428571428571428,0.5,0.8571428571428571,0.0625,7.0,4.197142857142857,0.0085247464144711,0.1428571428571428,0.5714285714285714,1.0,0,0.05929514616239066,5,0.9897916786806682,0.009033729937775256,0.0008342334876910378,0.0,1.1947220613660604e-07,0.0003402384216589739,0.9897916786806682,0.0,2,0,False,0.7085143919241104,-1.290499170177888,0.0625,0.5,0.008488615953888709,1.326652,-4.5,4.768988271217486,11.288280787529752,7.0,4.197142857142857
13-2054,Financial risk specialists,60.5,64.4,6.5,4.8,106000.0,Bachelor's degree,56.5,61.1,8.1,5.1,both_vintages,-1.5999999999999996,,0.0666666666666666,0.5333333333333333,1.0,0.2333333333333333,0.5833333333333334,0.9333333333333332,0.2649,30.0,,0.2130159525736512,0.0666666666666666,0.5333333333333333,1.0,0,0.2020636055778909,1,0.9962008030756598,9.886212124587424e-18,0.9962008030756598,0.0,0.0022972439666026252,0.001501952957737542,1.7848317005799216e-307,0.0,2,-1,True,1.9321365611591474,-0.1979761768274895,0.2649,0.5833333333333334,0.19310978121397676,-0.1260282,8.1,4.11251186617755,11.571194373094205,30.0,4.019375
13-2061,Financial examiners,65.1,77.2,18.5,5.7,90400.0,Bachelor's degree,62.8,76.0,21.0,6.8,both_vintages,-2.5,1.526064,0.0606060606060606,0.5,0.9393939393939394,0.303030303030303,0.5757575757575758,0.8484848484848485,0.0428,17.0,3.918823529411765,0.048888907148051,0.0588235294117647,0.5,0.9411764705882352,0,0.19054637615740255,0,0.9758902869288355,0.9758902869288355,2.218891499893402e-07,0.0,0.0007512551845747524,0.02335823595942253,3.801794853171536e-11,0.0,2,0,False,1.76804540184336,-0.3087798777121677,0.0428,0.5757575757575758,0.04773142022928925,1.526064,21.0,4.330733340286331,11.411999546380267,17.0,3.918823529411765
13-2071,Credit counselors,31.8,32.9,3.3,2.2,50480.0,Bachelor's degree,35.3,38.5,9.3,3.2,both_vintages,-6.000000000000001,1.385381,0.2727272727272727,0.625,0.9772727272727272,0.4545454545454546,0.6931818181818182,0.931818181818182,0.2341,23.0,4.326086956521739,0.3398600709094567,0.2608695652173913,0.6086956521739131,0.9565217391304348,0,0.205797332666433,4,0.999018850400863,5.921543410500014e-24,0.0009811494390455859,0.0,1.6009099043057946e-10,0.999018850400863,0.0,0.0,2,-1,True,2.097359351477383,-0.6843400096860272,0.2341,0.6931818181818182,0.2925651838157467,1.385381,9.3,3.6506582412937387,10.829332497215095,23.0,4.326086956521739
13-2072,Loan officers,301.4,306.5,1.7,20.3,74180.0,Bachelor's degree,354.6,367.1,3.5,29.4,both_vintages,-1.8,1.385739,0.2045454545454545,0.5909090909090909,0.9772727272727272,0.3409090909090909,0.6477272727272727,0.9545454545454546,0.1857,30.0,3.988235294117647,0.1632026753324645,0.2,0.5833333333333334,0.9666666666666668,0,0.29167562634503086,1,0.721636028510067,3.44945191841649e-07,0.721636028510067,0.0,0.0004273046532029023,0.27793632189153755,8.08597536379322e-165,0.0,2,0,False,2.3605077854643834,0.14251833069601996,0.1857,0.6477272727272727,0.15117712777080072,1.385739,3.5,5.905634290502789,11.214249851043581,30.0,3.988235294117647
13-2081,"Tax examiners and collectors, and revenue agents",57.6,56.5,-1.8,4.3,59740.0,Bachelor's degree,55.3,51.6,-6.7,4.3,both_vintages,4.9,1.36682,0.1935483870967742,0.5806451612903225,0.967741935483871,0.4516129032258064,0.6774193548387096,0.9032258064516128,0.0275,21.0,4.215714285714286,0.0301960897090903,0.1904761904761904,0.5714285714285714,0.9523809523809524,0,0.09715219151413627,5,0.9235604379075358,7.445580551497451e-05,2.947257396520086e-06,0.0,4.75176511687943e-11,0.0763621589820355,0.9235604379075358,0.0,2,0,False,0.9324582128338298,-1.309138997890212,0.0275,0.6774193548387096,0.02974916248022453,1.36682,-6.7,3.9435216724875173,10.9977570917701,21.0,4.215714285714286
13-2082,Tax preparers,90.6,94.7,4.5,10.4,50560.0,High school diploma or equivalent,107.9,112.1,3.9,13.0,both_vintages,0.6000000000000001,1.29371,0.25,0.625,1.0,0.25,0.625,1.0,0.1283,12.0,4.360833333333333,0.1182166641332075,0.25,0.625,1.0,0,0.09662416729381822,4,0.9947326359101445,0.0002699070874019264,0.004997456844975071,0.0,1.574788683267768e-10,0.9947326359101445,2.695322394488126e-73,0.0,2,0,False,1.0901601528009544,-0.7196091220905261,0.1283,0.625,0.11173515214040157,1.29371,3.9,4.719391330078114,10.83091602882074,12.0,4.360833333333333
13-2099,"Financial specialists, all other",137.1,141.4,3.1,10.3,80190.0,Bachelor's degree,131.1,138.7,5.8,11.4,both_vintages,-2.7,1.361362,0.2346437346437346,0.5832309582309583,0.931818181818182,0.253071253071253,0.5924447174447174,0.931818181818182,0.2202,44.0,3.774090909090909,0.3182914354029627,0.2045454545454545,0.5568181818181818,0.9090909090909092,0,0.3285229591591067,1,0.8970164130866628,7.64730323108683e-20,0.8970164130866628,0.0,0.10286871045249113,0.00011487646084560188,0.0,0.0,2,-1,True,2.9148651551052693,0.3559658177907062,0.2202,0.5924447174447174,0.27633653106263506,1.361362,5.8,4.932313327320786,11.292154097801074,44.0,3.774090909090909
15-1211,Computer systems analysts,521.1,566.5,8.7,34.2,103790.0,Bachelor's degree,538.8,589.7,9.4,44.5,both_vintages,-0.7000000000000011,,0.2941176470588235,0.6174242424242424,0.9407308377896612,0.2406417112299465,0.553475935828877,0.8663101604278075,0.2763,39.0,3.706410256410257,1.7094684255717736,0.3157894736842105,0.618421052631579,0.9210526315789472,0,0.21311801808752037,3,0.9981561814496778,9.215555809247625e-224,1.310637409727751e-34,0.0,0.9981561814496778,0.0018438185503217822,0.0,0.0,2,-1,True,3.93031614299658,1.4931617751268997,0.2763,0.553475935828877,0.9967524627255635,-0.1260282,9.4,6.379613933006459,11.550124905959334,39.0,3.706410256410257
15-1212,Information security analysts,182.8,234.9,28.5,16.0,124910.0,Bachelor's degree,163.0,219.5,34.7,19.5,both_vintages,-6.200000000000003,,0.3478260869565217,0.6521739130434783,0.9565217391304348,0.0869565217391304,0.5434782608695652,1.0,0.4859,11.0,4.047272727272728,0.1576564547736522,0.3636363636363636,0.6818181818181818,1.0,0,0.14659440030175333,3,0.9943417692402943,1.1173389254008985e-43,5.883619664996636e-09,0.0,0.9943417692402943,0.005658224876085885,0.0,0.0,2,-1,True,2.777643998470693,0.6908791029503158,0.4859,0.5434782608695652,0.14639766395528298,-0.1260282,34.7,5.391352232515226,11.735348756959954,11.0,4.047272727272728
15-1221,Computer and information research scientists,40.3,48.3,19.7,3.2,140910.0,Master's degree,33.5,40.6,21.3,3.3,both_vintages,-1.6000000000000014,,0.3846153846153846,0.6346153846153847,0.8846153846153847,0.2307692307692307,0.5,0.7692307692307693,0.3404,15.0,3.4686666666666666,0.9757239871985008,0.3333333333333333,0.6,0.8666666666666667,0,0.2173024496772707,4,0.9396077694850342,7.902657653487905e-125,2.6598274353302407e-22,0.0,0.06039223051496494,0.9396077694850342,0.0,0.0,2,-1,True,3.5022576295170067,0.09173900496714986,0.3404,0.5,0.6809349069773025,-0.1260282,21.3,3.703768066607687,11.85587666768915,15.0,3.4686666666666666
15-1231,Computer network support specialists,152.7,155.5,1.8,9.6,73340.0,Associate's degree,185.5,199.2,7.4,16.1,both_vintages,-5.6000000000000005,,0.4615384615384615,0.6346153846153847,0.8076923076923077,0.2307692307692307,0.5384615384615385,0.8461538461538463,0.2867,26.0,3.797307692307693,0.2571803014678992,0.4615384615384615,0.6346153846153846,0.8076923076923077,0,0.20839166029702202,4,0.8976040019470997,3.08212423905437e-22,0.10175627563354964,0.0,0.0006397224193514597,0.8976040019470997,0.0,0.0,2,-1,True,1.949527100947177,0.6053517984270916,0.2867,0.5384615384615385,0.22887135724383167,-0.1260282,7.4,5.294309345150498,11.202861441625316,26.0,3.797307692307693
15-1232,Computer user support specialists,729.5,702.5,-3.7,40.8,60340.0,"Some college, no degree",690.2,732.9,6.2,58.9,both_vintages,-9.9,,0.4444444444444444,0.611111111111111,0.7777777777777777,0.4814814814814814,0.6666666666666666,0.8518518518518519,0.4685,16.0,3.469375,0.1229412223870108,0.4375,0.59375,0.75,0,0.20273947089358096,4,0.9999983585759231,4.905709092363354e-45,2.3991899361113554e-07,0.0,1.4015050822597478e-06,0.9999983585759231,9.043914808789016e-267,0.0,2,-1,True,2.7617076074994324,1.0393721428744231,0.4685,0.6666666666666666,0.1159513345708675,-0.1260282,6.2,6.597009266931805,11.007750512713052,16.0,3.469375
15-1241,Computer network architects,179.2,200.6,11.9,11.2,130390.0,Bachelor's degree,174.8,182.3,4.3,11.8,both_vintages,7.6,,0.3548869680851064,0.6352227393617021,0.915558510638298,0.2292220744680851,0.5433011968085106,0.8573803191489362,0.1987,59.0,3.715762711864407,0.2596452883829263,0.3728813559322034,0.6440677966101694,0.9152542372881356,0,0.2063570087313139,3,0.9916273394281162,9.794272382074923e-15,0.008372660571870505,0.0,0.9916273394281162,3.314986750810477e-15,0.0,0.0,2,-1,True,2.5139340529032483,0.9443307380753055,0.1987,0.5433011968085106,0.23083016417358573,-0.1260282,4.3,5.205653681684617,11.778285238417517,59.0,3.715762711864407
15-1242,Database administrators,78.0,77.5,-0.7,3.8,104620.0,Bachelor's degree,91.8,99.2,8.1,7.2,both_vintages,-8.799999999999999,,0.8709677419354839,0.935483870967742,1.0,0.2903225806451612,0.5967741935483871,0.9032258064516128,0.3315,18.0,3.373333333333333,0.7006725305966498,0.875,0.9375,1.0,0,0.25063284230005156,4,0.9550213442279591,7.199753590175141e-79,8.563244613995117e-16,0.0,0.044978655772040396,0.9550213442279591,0.0,0.0,2,-1,True,3.2520914775742495,0.19798271032591871,0.3315,0.5967741935483871,0.5310237790639798,-0.1260282,8.1,4.597138014290827,11.558090016924602,18.0,3.373333333333333
15-1243,Database architects,66.9,72.7,8.7,4.0,135980.0,Bachelor's degree,52.7,58.1,10.3,4.3,both_vintages,-1.6000000000000014,,0.8224932249322493,0.9112466124661248,1.0,0.3163956639566395,0.6460027100271002,0.975609756097561,0.5787,43.0,3.808604651162791,1.616723292893852,0.7857142857142857,0.8928571428571429,1.0,0,0.22601365168556042,3,0.9999999509958867,1.1894955488439966e-285,5.733906913341528e-36,0.0,0.9999999509958867,4.900411327437476e-08,0.0,0.0,2,-1,True,4.986800780299674,0.3347126981498363,0.5787,0.6460027100271002,0.9619228834884296,-0.1260282,10.3,4.062165663857866,11.82026309508045,43.0,3.808604651162791
15-1244,Network and computer systems administrators,331.5,317.7,-4.2,14.3,96800.0,Bachelor's degree,333.2,344.5,3.4,23.9,both_vintages,-7.6,,0.5405405405405406,0.7297297297297298,0.918918918918919,0.1621621621621621,0.5135135135135136,0.8648648648648649,0.3373,20.0,3.5725,2.975444622014798,0.5,0.7,0.9,0,0.17170465918303365,3,0.9999769831272991,0.0,2.4889616757795605e-86,0.0,0.9999769831272991,2.3016872700653667e-05,0.0,0.0,2,-1,True,4.423097892618642,0.8515722124693011,0.3373,0.5135135135135136,1.3801365964459542,-0.1260282,3.4,5.842094090453713,11.480402273264668,20.0,3.5725
15-1251,Computer programmers,121.2,113.9,-6.0,5.5,98670.0,Bachelor's degree,174.4,156.6,-10.2,9.6,both_vintages,4.199999999999999,,0.9,0.95,1.0,0.4333333333333333,0.6833333333333333,0.9333333333333332,0.7451,17.0,3.621176470588235,7.506501402988385,0.8823529411764706,0.9411764705882352,1.0,0,0.12794404449485225,3,1.0,0.0,4.997844482977063e-239,0.0,1.0,1.154809358148772e-19,0.0,0.0,2,-1,True,7.140754169737119,0.00542166335695905,0.7451,0.6833333333333333,2.140830742071375,-0.1260282,-10.2,5.053694783556702,11.499536227851213,17.0,3.621176470588235
15-1252,Software developers,1693.8,1961.4,15.8,115.2,133080.0,Bachelor's degree,1425.9,1796.5,26.0,143.4,both_vintages,-10.2,,0.7894736842105263,0.8684210526315789,0.9473684210526316,0.0526315789473684,0.4473684210526315,0.8421052631578947,0.288,17.0,3.5658823529411765,0.5655090814226259,0.8235294117647058,0.8823529411764706,0.9411764705882352,0,0.18302021267413487,4,0.9647914428845124,1.7877591312583212e-52,1.217254095279041e-11,0.0,0.03520855710331667,0.9647914428845124,0.0,0.0,2,-1,True,3.0882895866786124,1.8201842536752906,0.288,0.4473684210526315,0.4482110627401109,-0.1260282,26.0,7.493595606553574,11.798705730132413,17.0,3.5658823529411765
15-1253,Software quality assurance analysts and testers,201.7,221.9,10.0,14.0,102610.0,Bachelor's degree,196.3,237.1,20.8,19.5,both_vintages,-10.8,,0.8070175438596491,0.8771929824561403,0.9473684210526316,0.3157894736842105,0.6140350877192982,0.912280701754386,0.5195,30.0,3.930740740740741,4.509282729890841,0.8,0.8666666666666667,0.9333333333333332,0,0.1543881554494271,3,0.999999999766068,0.0,1.2042530016710818e-117,0.0,0.999999999766068,2.3393285967864794e-10,0.0,0.0,2,-1,True,5.860095883222269,1.339324784502311,0.5195,0.6140350877192982,1.7064344386278156,-0.1260282,20.8,5.46848199307136,11.538690672856255,30.0,3.930740740740741
15-1254,Web developers,86.0,92.5,7.5,5.4,90930.0,Bachelor's degree,95.3,124.1,30.3,11.0,both_vintages,-22.8,,0.8653846153846154,0.9326923076923076,1.0,0.3076923076923077,0.6346153846153847,0.9615384615384616,0.4802,29.0,3.631111111111111,3.8080966603535606,0.8620689655172413,0.9310344827586208,1.0,0,0.16356797960799396,3,0.9999960300668199,0.0,2.00336545544144e-100,0.0,0.9999960300668199,3.969933180548423e-06,0.0,0.0,2,-1,True,5.794780728898292,1.6063368713536,0.4802,0.6346153846153847,1.5703013010977027,-0.1260282,30.3,4.821087692210561,11.417845258719959,29.0,3.631111111111111
15-1255,Web and digital interface designers,128.9,137.9,7.0,9.1,98090.0,Bachelor's degree,101.8,118.4,16.3,10.8,both_vintages,-9.3,,0.5,0.75,1.0,0.2666666666666666,0.6333333333333333,1.0,0.249,54.0,3.93625,4.150524425966172,0.5185185185185185,0.7592592592592593,1.0,0,0.1484151924772203,3,0.9999999999998597,0.0,2.0043917708526507e-88,0.0,0.9999999999998597,1.4008754150980997e-13,0.0,0.0,2,-1,True,5.075142265471754,1.4988434129255581,0.249,0.6333333333333333,1.639098539775987,-0.1260282,16.3,4.774068722449905,11.493640703558361,54.0,3.93625
15-1299,"Computer occupations, all other",472.0,510.5,8.2,31.3,108970.0,Bachelor's degree,408.2,449.2,10.1,34.7,both_vintages,-1.9000000000000004,,0.4766228777169385,0.7357861863332168,0.994949494949495,0.277384400302843,0.5969636725035986,0.9165429447043542,0.3106,215.0,3.88,2.595836637100516,0.4790697674418605,0.7372093023255814,0.9953488372093025,0,0.0786076407815169,3,1.0,0.0,5.152775021769093e-114,0.0,1.0,0.0,0.0,0.0,2,-1,True,6.660278144005935,5.829035362088388,0.3106,0.5969636725035986,1.2797766865175197,-0.1260282,10.1,6.107468222864288,11.598827893970931,215.0,3.88
15-2011,Actuaries,33.6,40.9,21.8,2.4,125770.0,Bachelor's degree,28.3,34.2,20.8,2.4,both_vintages,1.0,1.516474,0.0,0.5,1.0,0.2222222222222222,0.537037037037037,0.8518518518518519,0.0539,15.0,3.5493333333333337,0.0570028224100175,0.0,0.5,1.0,0,0.21467397154902215,0,0.9963328161350538,0.9963328161350538,6.076679217981328e-05,0.0,8.81382277306133e-05,0.0035182788450361453,3.1543831715518733e-24,0.0,2,0,False,2.1868233256303995,-0.6602396639801574,0.0539,0.537037037037037,0.055437377092688374,1.516474,20.8,3.5322256440685598,11.742210121041202,15.0,3.5493333333333337
15-2021,Mathematicians,2.4,2.4,-0.7,0.1,121680.0,Master's degree,2.0,2.0,-0.1,0.1,both_vintages,-0.6,1.472319,1.0,1.0,1.0,0.3809523809523809,0.6904761904761905,1.0,0.4241,12.0,3.805,0.3926518740063017,1.0,1.0,1.0,0,0.2577854346817586,4,0.9999986574666894,3.3676726035906525e-58,1.3300810395161466e-06,0.0,1.2452270270342288e-08,0.9999986574666894,0.0,0.0,2,-1,True,3.3549675499709175,-2.8285388787876764,0.4241,0.6904761904761905,0.33120975258575114,1.472319,-0.1,0.6931471805599453,11.709149926933174,12.0,3.805
15-2031,Operations research analysts,112.1,136.2,21.5,9.6,91290.0,Bachelor's degree,104.2,128.3,23.2,10.3,both_vintages,-1.6999999999999993,1.40002,0.2580645161290322,0.6290322580645161,1.0,0.2580645161290322,0.6290322580645161,1.0,0.4288,17.0,4.143529411764706,0.1296172286152111,0.25,0.625,1.0,0,0.2461758899578565,4,0.9876121014855008,1.4442759023034352e-31,0.0018565654079487838,0.0,0.010531333106550755,0.9876121014855008,1.4456999154968331e-266,0.0,2,-1,True,3.052374612428847,-0.14772461238756865,0.4288,0.6290322580645161,0.12187883960158859,1.40002,23.2,4.8543712716215905,11.421796531559126,17.0,4.143529411764706
15-2041,Statisticians,32.2,34.9,8.5,2.0,103300.0,Master's degree,34.2,45.3,32.7,3.9,both_vintages,-24.200000000000003,1.382724,0.4494736842105263,0.7247368421052631,1.0,0.5368421052631578,0.7252631578947368,0.913684210526316,0.2107,44.0,4.025681818181818,0.4335295736805123,0.4318181818181818,0.7159090909090909,1.0,0,0.24567944175789605,3,0.999958766799417,1.1173163932856475e-27,3.926538404942218e-14,0.0,0.999958766799417,4.1233200544881445e-05,0.0,0.0,2,-1,True,3.581910650847197,0.44846207782689684,0.2107,0.7252631578947368,0.36013963652995723,1.382724,32.7,3.8133070324889884,11.54539265510773,44.0,4.025681818181818
15-2051,Data scientists,245.9,328.3,33.5,23.4,112590.0,Bachelor's degree,113.3,153.9,35.8,13.5,both_vintages,-2.299999999999997,,0.3896464646464646,0.6948232323232323,1.0,0.2873737373737373,0.5815025252525253,0.8756313131313131,0.4605,54.0,3.7305263157894735,0.7107378938330123,0.3888888888888889,0.6944444444444444,1.0,0,0.2023057607113365,3,0.9999999999992344,1.962990687279256e-105,1.2583722243023742e-18,0.0,0.9999999999992344,7.660116271862807e-13,0.0,0.0,2,-1,True,4.2145031010287,2.0477678639082626,0.4605,0.5815025252525253,0.5369247942993535,-0.1260282,35.8,5.0363030408448335,11.631508180797177,54.0,3.7305263157894735
15-2099,"Mathematical science occupations, all other",5.0,5.2,4.0,0.3,71490.0,Bachelor's degree,4.4,4.6,6.6,0.3,both_vintages,-2.6,,0.7666666666666666,0.8666666666666667,0.9666666666666668,0.3333333333333333,0.65,0.9666666666666668,0.4793,19.0,3.6231578947368415,1.1725121092482196,0.7894736842105263,0.868421052631579,0.9473684210526316,0,0.20746678097325058,4,0.9999856977872564,1.5354758377697813e-183,3.9494758319052626e-26,0.0,1.4302212743358447e-05,0.9999856977872564,0.0,0.0,2,-1,True,3.5123897862551168,-0.9467991478556517,0.4793,0.65,0.7758841520190772,-0.1260282,6.6,1.5260563034950492,11.177312858760898,19.0,3.6231578947368415
17-1011,"Architects, except landscape and naval",123.6,128.4,3.9,7.8,96690.0,Bachelor's degree,125.5,128.9,2.7,9.1,both_vintages,1.1999999999999995,1.047142,0.0697674418604651,0.4883720930232558,0.9069767441860463,0.1627906976744186,0.4302325581395348,0.6976744186046512,0.0784,24.0,3.73375,0.0590569781725405,0.0833333333333333,0.5,0.9166666666666666,0,0.19497809903861102,1,0.5474677487373845,0.4380382039078938,0.5474677487373845,0.0,0.000468709961463694,0.014025337393258142,1.190421076139895e-23,0.0,2,0,False,1.4140341600159942,-0.24870316516886842,0.0784,0.4302325581395348,0.0573788689231181,1.047142,2.7,4.859036909945142,11.479265263477593,24.0,3.73375
17-1012,Landscape architects,21.8,22.6,3.5,1.7,79660.0,Bachelor's degree,19.8,19.7,-0.1,1.5,both_vintages,3.6,1.034388,0.0,0.4210526315789473,0.8421052631578947,0.0526315789473684,0.3684210526315789,0.6842105263157894,0.0,19.0,3.963684210526316,0.0319421221072349,0.0,0.4210526315789473,0.8421052631578947,0,-0.03143544736651916,2,0.9773686288464544,0.018257572469756657,0.0014330574791510543,0.9773686288464544,8.637314585567816e-11,0.0029407371188798766,3.999384809792021e-09,0.0,2,0,False,0.36163671163556266,-1.2084281347494974,0.0,0.3684210526315789,0.03144258225722433,1.034388,-0.1,2.9806186357439426,11.285522856735636,19.0,3.963684210526316
17-1021,Cartographers and photogrammetrists,13.4,14.3,6.4,1.0,78380.0,Bachelor's degree,13.4,13.7,2.6,1.0,both_vintages,3.8,0.8169979,0.04,0.52,1.0,0.08,0.46,0.84,0.08,14.0,4.03,0.0166386616764373,0.0714285714285714,0.5357142857142857,1.0,0,0.02206312874289288,0,0.5911250470638716,0.5911250470638716,0.24146349052993307,0.0,5.278754661614992e-09,0.11204405987852344,0.05536739724891712,0.0,2,0,False,0.573228756372696,-1.4363218814202465,0.08,0.46,0.01650175567978663,0.8169979,2.6,2.617395832834079,11.269324071753623,14.0,4.03
17-1022,Surveyors,56.1,58.6,4.4,3.9,72740.0,Bachelor's degree,50.0,50.4,0.9,3.8,both_vintages,3.5000000000000004,0.1460606,0.1493055555555555,0.5100694444444445,0.8708333333333333,0.1604166666666666,0.4197916666666667,0.6791666666666667,0.0022,40.0,4.0685,0.0310177520140996,0.15,0.5125,0.875,0,-0.1283259235198869,0,0.9153197053662501,0.9153197053662501,0.011874725885143435,1.9985487298728953e-60,7.121246570767408e-08,4.920153094890543e-06,0.07280057738304625,0.0,2,0,False,0.26021471329485807,-0.03819379806734315,0.0022,0.4197916666666667,0.03054642313498976,0.1460606,0.9,3.919991175077323,11.19464671854098,40.0,4.0685
17-2011,Aerospace engineers,71.6,75.9,6.1,4.5,134830.0,Bachelor's degree,58.8,62.4,6.3,3.8,both_vintages,-0.2000000000000001,1.338738,0.2142857142857142,0.5714285714285714,0.9285714285714284,0.1428571428571428,0.5178571428571428,0.8928571428571428,0.0753,16.0,3.5485714285714285,0.0188982330152129,0.1875,0.5625,0.9375,0,0.23476289798081867,1,0.5348783829900565,0.46309473219935676,0.5348783829900565,0.0,0.00019475223148401273,0.001831779302111611,3.532769917365803e-07,0.0,2,0,False,1.9708726649868997,-0.9081306401160493,0.0753,0.5178571428571428,0.0187218797883477,1.338738,6.3,4.133565275375382,11.811770004628121,16.0,3.5485714285714285
17-2021,Agricultural engineers,1.7,1.8,5.9,0.1,84630.0,Bachelor's degree,1.2,1.2,1.5,0.1,both_vintages,4.4,0.9409636,0.074074074074074,0.4259259259259259,0.7777777777777777,0.0,0.3333333333333333,0.6666666666666666,0.0,14.0,3.612142857142857,0.0200280186846007,0.0714285714285714,0.4285714285714285,0.7857142857142857,0,-0.022242008949320324,2,0.9993193336902514,0.000578716310080812,7.436091168634142e-05,0.9993193336902514,1.7131801367025417e-18,2.7589087980969664e-05,5.95921451322365e-16,0.0,2,0,False,0.29088945419871415,-2.1975518047076568,0.0,0.3333333333333333,0.019830096217533576,0.9409636,1.5,0.1823215567939546,11.346044092664151,14.0,3.612142857142857
17-2031,Bioengineers and biomedical engineers,22.2,23.3,5.2,1.3,106950.0,Bachelor's degree,17.9,19.7,9.8,1.2,both_vintages,-4.6000000000000005,0.9874239,0.2307692307692307,0.5897435897435898,0.9487179487179488,0.2564102564102564,0.5384615384615384,0.8205128205128205,0.1328,30.0,3.496666666666667,0.0761064710014827,0.2333333333333333,0.6,0.9666666666666668,0,0.24990402857843408,1,0.9413160916229464,0.053367540744073544,0.9413160916229464,0.0,0.001302043802767908,0.004014323830211993,1.8886927805883743e-44,0.0,2,0,False,2.136007436586015,-0.5989348448287561,0.1328,0.5384615384615384,0.07334940758916304,0.9874239,9.8,2.9806186357439426,11.580116714510552,30.0,3.496666666666667
17-2041,Chemical engineers,21.6,22.1,2.6,1.1,121860.0,Bachelor's degree,26.9,30.7,13.9,2.0,both_vintages,-11.3,1.341336,0.0769230769230769,0.4615384615384615,0.8461538461538463,0.0769230769230769,0.3461538461538461,0.6153846153846154,0.0,14.0,3.657857142857143,0.0182819862864559,0.0769230769230769,0.4615384615384615,0.8461538461538461,0,0.11373256955479387,2,0.9995459156115872,0.00037856660473382437,6.888362812605107e-06,0.9995459156115872,1.4928225435583522e-08,6.861449257212339e-05,6.912991378756276e-14,0.0,2,0,False,1.17356018143182,-0.8286020932571215,0.0,0.3461538461538461,0.018116880052227113,1.341336,13.9,3.4242626545931514,11.710628123802485,14.0,3.657857142857143
17-2051,Civil engineers,368.9,387.5,5.0,23.6,99590.0,Bachelor's degree,318.3,340.4,6.9,24.2,both_vintages,-1.9000000000000004,1.282867,0.0556277056277056,0.4821428571428571,0.9086580086580086,0.1718614718614718,0.4545454545454545,0.7372294372294372,0.0081,70.0,3.6807142857142856,0.0581326080794048,0.0571428571428571,0.4857142857142857,0.9142857142857144,0,0.1616785184577383,0,0.8633986852253103,0.8633986852253103,8.572242326381624e-11,0.0,0.13660131468896805,4.006640891827659e-22,1.1708394556842424e-20,0.0,2,-1,True,2.1370975698278305,1.4063870220776342,0.0081,0.4545454545454545,0.05650566403124339,1.282867,6.9,5.830121396699219,11.508817036925684,70.0,3.6807142857142856
17-2061,Computer hardware engineers,76.8,82.4,7.3,4.7,155020.0,Bachelor's degree,76.9,80.6,4.8,5.3,both_vintages,2.5,1.141812,0.5454545454545454,0.7272727272727273,0.9090909090909092,0.1818181818181818,0.3181818181818182,0.4545454545454546,0.1453,18.0,3.620555555555556,0.7229601206200262,0.5,0.6944444444444444,0.8888888888888888,0,0.23538520551431694,4,0.9998354397567767,3.933210475480223e-70,1.115605730437634e-09,0.0,0.00016455912761780233,0.9998354397567767,0.0,0.0,2,-1,True,2.6140666595584308,-0.5649415644356662,0.1453,0.3181818181818182,0.5440438119616421,1.141812,4.8,4.389498649512583,11.951309419835502,18.0,3.620555555555556
17-2071,Electrical engineers,192.0,205.7,7.2,11.7,111910.0,Bachelor's degree,192.4,195.5,1.6,12.3,both_vintages,5.6,1.126725,0.28125,0.5625,0.84375,0.15625,0.40625,0.65625,0.059,22.0,3.6295454545454544,0.0739496074508333,0.238095238095238,0.5476190476190477,0.8571428571428571,0,0.19220738964840414,1,0.8182639989182091,0.17466440167086034,0.8182639989182091,0.0,0.0008313214847521499,0.006240277926178132,1.4272102636063131e-37,0.0,2,0,False,1.5515437289979235,-0.20574379198084394,0.059,0.40625,0.07134307454903431,1.126725,1.6,5.27556037942542,11.625450255812073,22.0,3.6295454545454544
17-2072,"Electronics engineers, except computer",95.9,101.8,6.2,5.7,127590.0,Bachelor's degree,111.4,118.0,6.0,7.8,both_vintages,0.2000000000000001,0.6654578,0.361344537815126,0.6200980392156863,0.8788515406162465,0.2240896358543417,0.447829131652661,0.6715686274509804,0.0999,41.0,3.5573170731707315,0.1267414105476785,0.3414634146341463,0.6097560975609756,0.8780487804878049,0,0.22087392587998966,1,0.9707554266194266,0.018586914461583906,0.9707554266194266,0.0,0.010646056926281837,1.1601992707242272e-05,7.219671168685206e-100,0.0,2,0,False,2.049684965443637,0.2989546320970938,0.0999,0.447829131652661,0.11932975934916087,0.6654578,6.0,4.770684624465665,11.756577276915788,41.0,3.5573170731707315
17-2081,Environmental engineers,39.4,41.0,3.9,3.0,104170.0,Bachelor's degree,44.0,45.8,4.2,3.4,both_vintages,-0.3000000000000002,1.343561,0.1296296296296296,0.5555555555555556,0.9814814814814814,0.2407407407407407,0.5,0.7592592592592592,0.0358,29.0,3.755172413793104,0.0178711551339513,0.1428571428571428,0.5535714285714286,0.9642857142857144,0,0.2135200730366758,0,0.9581087325370713,0.9581087325370713,0.0360812234801271,0.0,0.00035205812902935327,0.005309175618719559,0.00014881023505233275,0.0,2,0,False,1.5418285676538643,-0.711367408586502,0.0358,0.5,0.017713343452035003,1.343561,4.2,3.824284091120139,11.553779458978495,29.0,3.755172413793104
17-2111,"Health and safety engineers, except mining safety engineers and inspectors",23.8,24.9,4.4,1.5,109660.0,Bachelor's degree,23.6,24.4,3.5,1.5,both_vintages,0.9000000000000004,0.9948935,0.0984615384615384,0.5042307692307693,0.91,0.4692307692307693,0.5676923076923077,0.6661538461538461,0.0,41.0,3.8261538461538462,0.0051353894063078,0.1,0.475,0.85,0,0.1682156162230907,2,0.9902819752771252,0.009630635980710879,3.777371911917761e-05,0.9902819752771252,4.9476787767197596e-05,1.3798028876627263e-07,2.5498884564536827e-10,4.101530924711867e-139,2,0,False,1.4559406811238402,-0.7281460620334078,0.0,0.5676923076923077,0.005122248264848843,0.9948935,3.5,3.1945831322991562,11.605139948958039,41.0,3.8261538461538462
17-2112,Industrial engineers,351.1,389.6,11.0,25.2,101140.0,Bachelor's degree,301.0,331.6,10.2,22.4,both_vintages,0.8000000000000007,1.13787,0.1837961926091825,0.554355036527489,0.9249138804457954,0.2942057270836666,0.520044259585133,0.7458827920865995,0.0367,91.0,3.785274725274725,0.1178058329807027,0.1868131868131868,0.554945054945055,0.9230769230769232,0,0.15191584673376374,3,0.9746609912693477,0.02533900873065183,2.188422890886245e-21,0.0,0.9746609912693477,6.37621601305235e-45,2.7740630338912293e-71,0.0,2,-1,True,2.6274969097574843,1.9818956465496878,0.0367,0.520044259585133,0.11136768610850073,1.13787,10.2,5.80392942326114,11.524260974633973,91.0,3.785274725274725
17-2121,Marine engineers and naval architects,8.5,9.0,5.8,0.6,105670.0,Bachelor's degree,7.6,7.9,4.4,0.4,both_vintages,1.3999999999999997,0.5472173,0.1052631578947368,0.4210526315789473,0.7368421052631579,0.2631578947368421,0.4035087719298245,0.5438596491228069,0.0358,30.0,3.559333333333333,0.0283473495228193,0.1,0.4166666666666667,0.7333333333333333,0,0.08551788342070897,0,0.8993894127823321,0.8993894127823321,0.100348534947406,0.0,1.2572821830352515e-07,0.00026190209147402063,2.4450569388881482e-08,0.0,2,0,False,0.9988411400776479,-0.9758869105899218,0.0358,0.4035087719298245,0.027952998602336868,0.5472173,4.4,2.066862759472976,11.568076309435076,30.0,3.559333333333333
17-2131,Materials engineers,23.0,24.3,5.7,1.5,108310.0,Bachelor's degree,22.1,23.4,6.1,1.7,both_vintages,-0.3999999999999994,1.037278,0.1463414634146341,0.4878048780487805,0.8292682926829269,0.1463414634146341,0.3170731707317073,0.4878048780487805,0.0,21.0,3.776666666666667,0.0,0.1428571428571428,0.4761904761904761,0.8095238095238095,0,0.04012840915053269,2,0.9996287996144622,0.00025885236702167066,5.6233511200218266e-05,0.9996287996144622,4.6443176725627664e-10,4.0559762518131735e-05,4.050319855184945e-10,1.555387533422409e-05,2,0,False,0.6911572957073499,-0.9291943714306509,0.0,0.3170731707317073,0.0,1.037278,6.1,3.152736022363656,11.592752764829783,21.0,3.776666666666667
17-2141,Mechanical engineers,293.1,319.6,9.1,18.1,102320.0,Bachelor's degree,284.9,291.3,2.2,17.9,both_vintages,6.9,1.004709,0.2061833105335156,0.5312935096519228,0.8564037087703298,0.3067213862289101,0.5007630338957288,0.6948046815625476,0.0813,79.0,3.6207594936708873,0.1211951899888658,0.2025316455696202,0.5253164556962026,0.8481012658227848,0,0.1806306569358174,3,0.966577329681586,0.03342266992460878,3.938043627310298e-10,0.0,0.966577329681586,9.097808244811485e-31,3.0987859128453046e-82,0.0,2,-1,True,2.552220496897943,1.4795387326476739,0.0813,0.5007630338957288,0.11439525024298436,1.004709,2.2,5.674353663965389,11.535860436252724,79.0,3.6207594936708873
17-2151,"Mining and geological engineers, including mining safety engineers",7.0,7.0,0.7,0.4,101020.0,Bachelor's degree,7.5,7.7,1.9,0.5,both_vintages,-1.2,1.34695,0.1111111111111111,0.4814814814814814,0.8518518518518519,0.4074074074074074,0.5,0.5925925925925926,0.0,18.0,3.734444444444444,0.0,0.1111111111111111,0.4722222222222222,0.8333333333333334,0,0.1335534896938247,2,0.9995906836001967,0.0002470480843923516,7.07315456116976e-05,0.9995906836001967,1.669035390530272e-09,9.153509441130202e-05,6.196568989571273e-12,1.560675843992279e-13,2,0,False,1.0757511839629328,-1.7801701451620175,0.0,0.5,0.0,1.34695,1.9,2.0412203288596382,11.523073796022043,18.0,3.734444444444444
17-2161,Nuclear engineers,15.4,15.3,-1.1,0.8,127520.0,Bachelor's degree,13.9,12.4,-11.1,0.7,both_vintages,10.0,1.303009,0.25,0.55,0.8500000000000001,0.25,0.475,0.7000000000000001,0.0,20.0,3.894,0.0076003763213356,0.25,0.55,0.85,0,0.08930290640509106,2,0.9999545937289508,4.434300183683864e-05,2.457365181742855e-07,0.9999545937289508,2.0346418011311328e-10,7.917391181330687e-07,2.5590111883601704e-08,8.947582634532376e-277,2,0,False,0.910781116918058,-2.2339947291997624,0.0,0.475,0.00757163897911415,1.303009,-11.1,2.517696472610991,11.756028494024042,20.0,3.894
17-2171,Petroleum engineers,19.6,19.8,1.3,1.2,141280.0,Bachelor's degree,22.8,24.6,8.3,1.7,both_vintages,-7.000000000000001,1.247779,0.1666666666666666,0.5277777777777778,0.8888888888888888,0.0833333333333333,0.4305555555555555,0.7777777777777777,0.0,23.0,3.744782608695652,0.0058543439231909,0.1739130434782608,0.5,0.8260869565217391,0,0.15232495631903972,2,0.9998185130680624,0.00014032264988395344,3.228354541513868e-05,0.9998185130680624,3.335227868997968e-08,8.847353510982447e-06,3.08488113390283e-11,4.5830110148306094e-169,2,0,False,1.3453973969231534,-1.097978528625168,0.0,0.4305555555555555,0.005837273842153918,1.247779,8.3,3.202746442938317,11.858499015837786,23.0,3.744782608695652
17-2199,"Engineers, all other",158.8,162.1,2.1,9.3,117750.0,Bachelor's degree,168.6,168.6,0.0,10.8,both_vintages,2.1,0.787566,0.1974527590509618,0.5226496200276688,0.8478464810043758,0.2062260578531438,0.4461732967325073,0.6861205356118707,0.0659,179.0,3.519595375722543,0.6242579362307862,0.217877094972067,0.5279329608938548,0.8379888268156425,0,0.08238242935624948,3,1.0,2.733055480622681e-63,9.786136854888337e-76,0.0,1.0,7.9095057515757e-226,0.0,0.0,2,-1,True,4.266000636018181,3.925934906023421,0.0659,0.4461732967325073,0.4850510568560146,0.787566,0.0,5.127529045567755,11.676319011878665,179.0,3.519595375722543
17-3011,Architectural and civil drafters,110.5,115.1,4.1,10.0,64280.0,Associate's degree,105.4,104.1,-1.2,11.8,both_vintages,5.3,0.9233925,0.12,0.54,0.96,0.18,0.52,0.86,0.0,28.0,3.7256,0.0109897333294987,0.1071428571428571,0.5357142857142857,0.9642857142857144,0,0.10601085254472607,2,0.9998900635821869,5.239925416203722e-05,4.3385482433686037e-05,0.9998900635821869,4.097377720759261e-08,1.3070826276218274e-05,1.0398811640020852e-06,0.0,2,0,False,0.9439764311032612,-0.13579439495619383,0.0,0.52,0.010929785020895692,0.9233925,-1.2,4.645351975620923,11.071003819851448,28.0,3.7256
17-3012,Electrical and electronics drafters,21.6,20.4,-5.6,1.7,73720.0,Associate's degree,21.5,21.5,-0.1,2.0,both_vintages,-5.5,0.910166,0.1914893617021276,0.5744680851063829,0.9574468085106382,0.2553191489361702,0.4893617021276595,0.7234042553191489,0.0889,30.0,3.7340740740740737,0.0217740510827453,0.2333333333333333,0.5833333333333334,0.9333333333333332,0,0.1530635570150857,0,0.8267968705246712,0.8267968705246712,0.16579079841025793,0.0,3.7967659624512714e-06,0.007341925677110339,6.660862199766715e-05,0.0,2,0,False,1.1498052986132843,-0.7612065889365336,0.0889,0.4893617021276595,0.021540382292373674,0.910166,-0.1,3.068052935133617,11.208029411783759,30.0,3.7340740740740737
17-3013,Mechanical drafters,42.9,40.1,-6.5,3.3,68510.0,Associate's degree,49.4,45.2,-8.5,3.9,both_vintages,2.0,0.8410071,0.0689655172413793,0.5,0.9310344827586208,0.0689655172413793,0.4655172413793103,0.8620689655172413,0.0,15.0,3.8973333333333335,0.0070868373807047,0.0666666666666666,0.5,0.9333333333333332,0,-0.01517687931381714,2,0.9999595925002052,1.777926174932725e-05,6.726520228953595e-07,0.9999595925002052,6.234696116044381e-11,2.00789292139387e-05,1.8765944617247526e-06,1.2258590204973206e-239,2,0,False,0.3224797021940649,-1.1609412511894224,0.0,0.4655172413793103,0.007061843763002883,0.8410071,-8.5,3.8110970868381857,11.134734998996946,15.0,3.8973333333333335
17-3021,Aerospace engineering and operations technologists and technicians,9.3,10.1,8.1,0.9,79830.0,Associate's degree,11.3,11.9,5.9,1.2,both_vintages,2.1999999999999997,0.3909402,0.1,0.325,0.55,0.0,0.225,0.45,0.0,11.0,4.329090909090909,0.0,0.0909090909090909,0.3181818181818182,0.5454545454545454,1,0.3007545885406743,2,0.5032088099763756,7.508507653902705e-06,9.232370030105425e-08,0.5032088099763756,1.7993767009896756e-22,1.1719079726790424e-08,9.93091528269659e-08,0.49678347816403745,1,0,False,-0.7356530982453996,-1.3376315100287108,0.0,0.225,0.0,0.3909402,5.9,2.4765384001174837,11.287654652639844,11.0,4.329090909090909
17-3022,Civil engineering technologists and technicians,64.9,66.2,2.1,5.5,64200.0,Associate's degree,66.3,66.1,-0.2,6.5,both_vintages,2.3000000000000003,0.9323219,0.1818181818181818,0.5909090909090909,1.0,0.2727272727272727,0.4772727272727273,0.6818181818181819,0.0776,14.0,3.875714285714285,0.0929505482541729,0.1428571428571428,0.5714285714285714,1.0,0,0.10842601848081712,0,0.5818998575646923,0.5818998575646923,0.2685188469241018,0.0,1.7925292613296813e-06,0.14957950298194445,2.905697904632422e-48,0.0,2,0,False,0.8932560320407636,-0.6806146534835967,0.0776,0.4772727272727273,0.08888096412161152,0.9323219,-0.2,4.191168746857641,11.069758489678053,14.0,3.875714285714285
17-3023,Electrical and electronic engineering technologists and technicians,93.7,94.3,0.6,8.4,77180.0,Associate's degree,105.0,104.6,-0.4,11.1,both_vintages,1.0,0.3515252,0.1886792452830188,0.4056603773584905,0.6226415094339622,0.0943396226415094,0.330188679245283,0.5660377358490566,0.0202,30.0,3.711923076923077,0.0712792049595533,0.2,0.4166666666666667,0.6333333333333333,0,-0.029683819072877277,0,0.7253781857279298,0.7253781857279298,0.2728581203762627,0.0,4.95861318859123e-07,0.0017631980344889127,3.260438821001097e-26,0.0,2,0,False,0.5578537308183816,0.1655900991414696,0.0202,0.330188679245283,0.06885345306423787,0.3515252,-0.4,4.650143551630823,11.25389563509161,30.0,3.711923076923077
17-3024,Electro-mechanical and mechatronics technologists and technicians,15.0,15.1,1.1,1.3,70760.0,Associate's degree,12.1,11.6,-3.6,1.1,both_vintages,4.7,-0.3040507,0.2564184852374839,0.3873555840821566,0.5182926829268293,0.048780487804878,0.2211168164313221,0.3934531450577663,0.0,50.0,3.765,0.0583380236556571,0.26,0.4,0.54,1,0.1917648609416519,0,0.9998166131565764,0.9998166131565764,0.00018338673671402234,1.0654619947397666e-10,1.3813192346884538e-16,1.631672197884746e-13,8.58015339719696e-19,0.0,2,0,False,-0.20105269271028953,-0.03689072299958911,0.0,0.2211168164313221,0.05669977546734576,-0.3040507,-3.6,2.451005098112319,11.16704914827372,50.0,3.765
17-3025,Environmental engineering technologists and technicians,12.9,13.0,1.2,1.1,58890.0,Associate's degree,15.5,16.1,4.0,1.6,both_vintages,-2.8,0.0438054,0.1052631578947368,0.4078947368421052,0.7105263157894737,0.2368421052631578,0.4342105263157894,0.631578947368421,0.1029,26.0,3.6915384615384617,0.0116059800582556,0.0769230769230769,0.4038461538461538,0.7307692307692307,0,-0.034103703420484965,1,0.8988158645259262,0.09427423234015755,0.8988158645259262,0.0,1.5406152958943206e-10,0.0026196133752846135,0.004290289604570673,0.0,2,0,False,0.49622044816352784,-0.35765178892761584,0.1029,0.4342105263157894,0.011539147281229532,0.0438054,4.0,2.7788192719904172,10.983426575938616,26.0,3.6915384615384617
17-3026,Industrial engineering technologists and technicians,74.6,75.9,1.7,6.3,64790.0,Associate's degree,64.2,66.3,3.3,6.6,both_vintages,-1.6,0.6106679,0.1725768321513002,0.41903073286052,0.66548463356974,0.1684397163120567,0.3683510638297872,0.5682624113475176,0.0,55.0,3.6715625,0.0514566018512046,0.1636363636363636,0.4272727272727272,0.6909090909090909,0,0.031171658146495685,0,0.9999903038885848,0.9999903038885848,9.006100190160952e-06,5.044875856781882e-08,6.395621995946148e-07,2.460951512167716e-13,2.114710376947859e-14,0.0,2,0,False,0.90908810964759,0.7911144544702761,0.0,0.3683510638297872,0.050176442699469095,0.6106679,3.3,4.194189897191817,11.078906549444003,55.0,3.6715625
17-3027,Mechanical engineering technologists and technicians,38.3,38.3,0.0,3.2,68730.0,Associate's degree,41.7,42.5,2.1,4.2,both_vintages,-2.1,-0.1192367,0.1094104308390022,0.3786848072562357,0.6479591836734693,0.1678004535147392,0.3151927437641723,0.4625850340136054,0.0683,48.0,3.620681818181818,0.26436984663673,0.125,0.3958333333333333,0.6666666666666666,0,0.0033694449285427922,1,0.9999998792446265,7.367438346726325e-08,0.9999998792446265,0.0,1.5891690530564363e-08,3.1189299371519604e-08,0.0,0.0,2,0,False,0.9229194174993647,0.6856072739407064,0.0683,0.3151927437641723,0.23457385311286577,-0.1192367,2.1,3.7495040759303713,11.137941064115651,48.0,3.620681818181818
17-3028,Calibration technologists and technicians,15.8,16.5,4.7,1.4,65040.0,Associate's degree,8.9,9.2,3.9,0.9,both_vintages,0.8000000000000003,,0.2,0.4,0.6,0.0666666666666666,0.2666666666666666,0.4666666666666667,,15.0,,0.0,0.2,0.4,0.6,1,0.33993524517898654,2,0.8251403135089674,2.3589260207056782e-05,6.371042500851547e-06,0.8251403135089674,2.6446916792671957e-22,8.255515249455555e-08,1.8996274590457708e-07,0.1748294536704263,1,0,False,-0.7430067923377606,-0.9624139424591227,0.0,0.2666666666666666,0.0,-0.1260282,3.9,2.2192034840549946,11.082757744221691,15.0,4.019375
17-3029,"Engineering technologists and technicians, except drafters, all other",67.3,68.3,1.5,5.7,77390.0,Associate's degree,77.3,78.9,2.1,7.8,both_vintages,-0.6000000000000001,0.1941278,0.0555555555555555,0.2687739463601531,0.4819923371647509,0.0444444444444444,0.2601532567049808,0.4758620689655172,0.0,40.0,3.95875,0.0217740510827453,0.05,0.2375,0.425,1,0.1846035168147443,2,0.9884269356510812,0.011429893105838527,6.15725672368813e-05,0.9884269356510812,2.306668338220571e-11,2.2036051896714116e-08,8.157661672492961e-05,0.0,2,0,False,0.07633003611293065,0.33030766062935607,0.0,0.2601532567049808,0.021540382292373674,0.1941278,2.1,4.368181227851829,11.256612852264505,40.0,3.95875
17-3031,Surveying and mapping technicians,59.4,62.1,4.5,7.6,51940.0,High school diploma or equivalent,59.8,62.0,3.6,7.8,both_vintages,0.8999999999999999,0.0852324,0.0851063829787234,0.5,0.9148936170212766,0.1063829787234042,0.5106382978723404,0.9148936170212766,0.0,30.0,3.895263157894737,0.0027731102794062,0.1,0.5,0.9,0,-0.10456938558621293,2,0.9999658325167136,2.189977296447094e-06,2.9062844093005904e-05,0.9999658325167136,1.9508439530016705e-12,2.9142832325805614e-06,3.767135312235856e-10,4.238559650089051e-48,2,0,False,0.250602803008204,0.16724862259272352,0.0,0.5106382978723404,0.002769272302879487,0.0852324,3.6,4.127134385045092,10.85784448521674,30.0,3.895263157894737
19-1011,Animal scientists,2.8,2.9,5.8,0.2,79120.0,Bachelor's degree,3.7,4.2,11.8,0.4,both_vintages,-6.000000000000001,1.041358,0.125,0.53125,0.9375,0.75,0.84375,0.9375,0.0,9.0,4.017777777777777,0.013762843608905,0.1111111111111111,0.5,0.8888888888888888,0,0.12253600534550153,2,0.9994636305284174,2.9235837217555237e-09,1.313740988702547e-06,0.9994636305284174,1.3720443979350724e-10,0.0005350526697916503,1.4106639249491814e-14,0.0,2,-1,True,1.3242306200913407,-2.098431570074288,0.0,0.84375,0.013668995771821258,1.041358,11.8,1.4350845252893227,11.278720966296595,9.0,4.017777777777777
19-1012,Food scientists and technologists,15.2,16.2,6.5,1.2,85310.0,Bachelor's degree,14.4,15.3,5.7,1.5,both_vintages,0.7999999999999998,0.7943575,0.0,0.3461538461538461,0.6923076923076923,0.2307692307692307,0.5,0.7692307692307693,0.0,13.0,3.8938461538461535,0.0770308410946183,0.0,0.3461538461538461,0.6923076923076923,0,0.06305269861759331,0,0.6702542237624729,0.6702542237624729,0.24878151375859092,4.888900392986821e-16,2.1822475599270194e-06,0.08096208023137576,1.3539454654390373e-28,0.0,2,0,False,0.7341099642045152,-1.2875973335776407,0.0,0.5,0.07420803387809755,0.7943575,5.7,2.72785282839839,11.35404695990274,13.0,3.8938461538461535
19-1013,Soil and plant scientists,20.7,21.8,5.4,1.7,71410.0,Bachelor's degree,19.1,20.8,9.1,2.1,both_vintages,-3.6999999999999993,0.6320696,0.0,0.4891304347826087,0.9782608695652174,0.4347826086956521,0.6304347826086957,0.8260869565217391,0.0513,27.0,3.3622222222222224,0.139888007427827,0.0,0.4814814814814814,0.9629629629629628,0,0.19288966409887465,1,0.9557890989339454,0.043771277387539324,0.9557890989339454,0.0,0.00011115787355472554,0.0003284658049610415,1.5878170362420923e-90,0.0,2,0,False,1.8371099145141156,-0.2670095444324466,0.0513,0.6304347826086957,0.13093001848223046,0.6320696,9.1,3.0349529867072724,11.176193194543156,27.0,3.3622222222222224
19-1021,Biochemists and biophysicists,35.6,37.6,5.8,2.9,103650.0,Doctoral or professional degree,37.5,43.2,15.3,4.0,both_vintages,-9.5,0.9060509,0.1363636363636363,0.4545454545454546,0.7727272727272727,0.2045454545454545,0.4431818181818182,0.6818181818181819,0.0756,24.0,3.85625,0.1827171550764347,0.125,0.4375,0.75,0,0.18697712518178253,4,0.934920623636092,0.005193470997319987,0.05813314942325188,0.0,0.0017527559433354889,0.934920623636092,1.029538844040268e-193,0.0,2,0,False,1.5810706932665135,-0.3007824215360631,0.0756,0.4431818181818182,0.16781446518067408,0.9060509,15.3,3.765840495250065,11.548775117863926,24.0,3.85625
19-1022,Microbiologists,20.7,21.6,4.1,1.7,87330.0,Bachelor's degree,20.8,22.6,9.0,2.0,both_vintages,-4.9,0.6955647,0.0833333333333333,0.3958333333333333,0.7083333333333333,0.0833333333333333,0.3125,0.5416666666666666,0.0969,14.0,3.943571428571429,0.0408776996742107,0.0714285714285714,0.3928571428571428,0.7142857142857143,0,-0.026313727189521317,0,0.9058056141596856,0.9058056141596856,0.07348940428154342,0.0,1.2276562502862189e-09,0.02070498033111477,1.540211033952017e-18,0.0,2,0,False,0.5423084572579802,-0.8560271759262578,0.0969,0.3125,0.04006429922890548,0.6955647,9.0,3.1179499062782403,11.37744932540778,14.0,3.943571428571429
19-1023,Zoologists and wildlife biologists,18.2,18.5,1.6,1.4,72860.0,Bachelor's degree,17.1,17.2,0.7,1.5,both_vintages,0.9000000000000001,0.3175953,0.0952380952380952,0.4523809523809523,0.8095238095238095,0.2857142857142857,0.5238095238095237,0.7619047619047619,0.0606,14.0,3.525714285714286,0.0407749918860846,0.0833333333333333,0.4166666666666667,0.75,0,0.08396615021009975,0,0.6522483605904604,0.6522483605904604,0.33465025649839825,0.0,3.4855434534865644e-06,0.013093662179110056,4.235188578491158e-06,0.0,2,0,False,0.8717355267875663,-0.9490840264759062,0.0606,0.5238095238095237,0.03996562014701459,0.3175953,0.7,2.8449093838194073,11.196295070562554,14.0,3.525714285714286
19-1029,"Biological scientists, all other",63.7,64.5,1.2,4.8,93330.0,Bachelor's degree,50.6,52.5,3.8,4.6,both_vintages,-2.6,1.010193,0.2525397025205173,0.5492120286984489,0.8458843548763805,0.2140532565318191,0.4608940157303575,0.7077347749288959,0.2452,88.0,3.688863636363637,0.5363400695947954,0.25,0.5568181818181818,0.8636363636363636,0,0.20545173674068304,3,0.999999999244439,7.761549816961695e-52,7.5556144729622e-10,0.0,0.999999999244439,4.46280748161959e-40,0.0,0.0,2,-1,True,3.3919325111885854,1.216476851269429,0.2452,0.4608940157303575,0.42940300969601164,1.010193,3.8,3.960813169597578,11.443896878559793,88.0,3.688863636363637
19-1031,Conservation scientists,28.5,29.5,3.4,2.5,67950.0,Bachelor's degree,24.6,25.3,3.0,2.3,both_vintages,0.3999999999999999,0.0690313,0.0606060606060606,0.4394408823058358,0.818275704005611,0.2060683378343301,0.4796405829757388,0.7532128281171474,0.0,66.0,3.742121212121212,0.0195144797439698,0.046875,0.4375,0.828125,0,0.011861865904328113,0,0.9999727167412599,0.9999727167412599,2.0750627141397793e-08,8.899487907822488e-07,2.63723260499462e-05,5.254526094122019e-22,2.332719536963704e-10,0.0,2,-1,True,0.8766674071859032,0.6424322134770992,0.0,0.4796405829757388,0.019326513721087277,0.0690313,3.0,3.2308043957334744,11.12652741957929,66.0,3.742121212121212
19-1032,Foresters,13.8,14.0,1.2,1.1,70660.0,Bachelor's degree,15.0,16.1,7.0,1.5,both_vintages,-5.8,-0.184381,0.0,0.3676470588235294,0.7352941176470588,0.1764705882352941,0.3676470588235294,0.5588235294117647,0.0,25.0,3.2896,0.0,0.0,0.38,0.76,0,-0.041277754265438324,2,0.9998602483401563,4.864329202487556e-05,9.064542217082945e-05,0.9998602483401563,4.530140988102687e-14,5.009750118396026e-09,1.3411706234389279e-10,4.578017355752244e-07,2,0,False,0.4068008405295388,-0.03476823497042063,0.0,0.3676470588235294,0.0,-0.184381,7.0,2.7788192719904172,11.165634920913137,25.0,3.2896
19-1041,Epidemiologists,12.3,14.3,16.2,0.8,83980.0,Master's degree,8.6,10.9,25.8,0.8,both_vintages,-9.6,1.436287,0.0,0.4423076923076923,0.8846153846153847,0.3461538461538461,0.5576923076923077,0.7692307692307693,0.0,16.0,3.845,0.0924370093135421,0.0,0.4285714285714285,0.8571428571428571,0,0.12980828386371282,0,0.7041690863843011,0.7041690863843011,4.253408273332303e-10,1.6716960874355567e-21,9.437751898405458e-05,0.2957365356713746,2.6698874396968203e-44,0.0,2,-1,True,1.5217357759179113,-0.8050762388207224,0.0,0.5576923076923077,0.08841098894644876,1.436287,25.8,2.388762789235098,11.338333954238184,16.0,3.845
19-1042,"Medical scientists, except epidemiologists",165.3,179.6,8.7,9.6,100590.0,Doctoral or professional degree,119.2,140.0,17.4,10.0,both_vintages,-8.7,1.279928,0.1818181818181818,0.5227272727272727,0.8636363636363636,0.3636363636363636,0.5681818181818182,0.7727272727272727,0.0381,14.0,4.117142857142857,0.0648086143076055,0.1428571428571428,0.5,0.8571428571428571,0,0.1503983078338999,0,0.9872202114865375,0.9872202114865375,3.0544784946501404e-05,0.0,0.0004956535824634599,0.012253590146052467,1.484110742476604e-17,0.0,2,0,False,1.5048092994257234,-0.3834862158965514,0.0381,0.5681818181818182,0.06279507813704478,1.279928,17.4,4.941642422609304,11.518808128128384,14.0,4.117142857142857
19-2011,Astronomers,1.8,1.8,2.2,0.1,132170.0,Doctoral or professional degree,2.2,2.4,5.6,0.2,both_vintages,-3.3999999999999995,1.373737,0.0625,0.4375,0.8125,0.25,0.421875,0.59375,0.3849,17.0,3.9105882352941177,0.3083287799547259,0.0588235294117647,0.4411764705882353,0.8235294117647058,0,0.21903588431899326,4,0.9824173393367575,3.354139284531331e-44,0.01758266062743431,0.0,3.5807822867886216e-11,0.9824173393367575,0.0,0.0,2,-1,True,2.5469710590200223,-2.309838741304187,0.3849,0.421875,0.2687505822708244,1.373737,5.6,0.8754687373538999,11.791844251751852,17.0,3.9105882352941177
19-2012,Physicists,24.6,25.6,4.0,1.7,166290.0,Doctoral or professional degree,23.0,24.8,8.2,1.9,both_vintages,-4.199999999999999,1.345736,0.5454545454545454,0.75,0.9545454545454546,0.5,0.6363636363636364,0.7727272727272727,0.2727,10.0,3.943,0.0773389644589968,0.6,0.75,0.9,0,0.26793600379444354,1,0.9985052817278474,6.286009609720195e-11,0.9985052817278474,0.0,2.5985264267488974e-05,0.0014687329450256573,6.185016486380759e-95,0.0,2,-1,True,2.6322906104063946,-1.8493351775788323,0.2727,0.6363636363636364,0.07449407888827653,1.345736,8.2,3.2108436531709366,12.02148853108196,10.0,3.943
19-2021,Atmospheric and space scientists,9.4,9.5,0.7,0.7,97450.0,Bachelor's degree,9.1,9.4,3.6,0.7,both_vintages,-2.9000000000000004,1.373917,0.1739130434782608,0.5652173913043478,0.9565217391304348,0.3478260869565217,0.6086956521739131,0.8695652173913043,0.038,27.0,3.764074074074074,0.1209897744126136,0.1481481481481481,0.5370370370370371,0.925925925925926,0,0.23089190121287306,0,0.543851429628757,0.543851429628757,0.31013782828942915,0.0,4.441504686942971e-05,0.14596632703494394,1.800004350978469e-72,0.0,2,0,False,1.770969420098246,-1.4618771500199979,0.038,0.6086956521739131,0.11421202220418451,1.373917,3.6,2.2407096892759584,11.487094704935707,27.0,3.764074074074074
19-2031,Chemists,86.8,91.0,4.9,6.3,84150.0,Bachelor's degree,83.6,88.9,6.3,7.6,both_vintages,-1.3999999999999997,0.5011251,0.08,0.38,0.68,0.28,0.4,0.52,0.2614,12.0,3.855,0.299085079023372,0.0833333333333333,0.375,0.6666666666666666,0,0.20005449868632466,4,0.97296121160268,2.8655020277244307e-22,0.026699038600906472,0.0,0.0003397497964140298,0.97296121160268,0.0,0.0,2,0,False,1.6825026489237638,-0.3115822740148445,0.2614,0.4,0.2616602313276734,0.5011251,6.3,4.487512142519859,11.340356199618952,12.0,3.855
19-2032,Materials scientists,8.7,9.1,4.9,0.6,104160.0,Bachelor's degree,7.0,7.4,6.0,0.6,both_vintages,-1.0999999999999996,1.032757,0.1379310344827586,0.4827586206896551,0.8275862068965517,0.4482758620689655,0.5172413793103449,0.5862068965517241,0.1843,16.0,3.94375,0.1609431039936895,0.125,0.46875,0.8125,0,0.21087935535808994,1,0.7719869383524354,5.6286985621807e-08,0.7719869383524354,0.0,3.5038929495683593e-07,0.22801265497128362,3.4299453701625073e-187,0.0,2,0,False,1.668983854401695,-1.729723757143308,0.1843,0.5172413793103449,0.149232695480199,1.032757,6.0,2.0014800002101243,11.553683457442396,16.0,3.94375
19-2041,"Environmental scientists and specialists, including health",90.3,94.3,4.4,8.5,80060.0,Bachelor's degree,80.0,83.8,4.7,7.8,both_vintages,-0.2999999999999998,1.014113,0.0623666717738988,0.5217162952137376,0.9810659186535764,0.4647519947670512,0.7103039146935072,0.9558558346199628,0.0548,97.0,3.653298969072165,0.1853875575677143,0.0618556701030927,0.520618556701031,0.979381443298969,0,0.16931557540876416,3,0.9999006657115364,9.933428846445199e-05,1.562690382217424e-20,0.0,0.9999006657115364,2.1518171104740248e-54,9.209291065327878e-148,0.0,2,-1,True,3.0219348106386343,1.5139218609773237,0.0548,0.7103039146935072,0.17006977391674455,1.014113,4.7,4.428433007488037,11.290531632546564,97.0,3.653298969072165
19-2042,"Geoscientists, except hydrologists and geographers",25.1,26.0,3.2,2.0,99240.0,Bachelor's degree,24.9,26.2,5.0,2.4,both_vintages,-1.7999999999999998,0.7143481,0.1111111111111111,0.4666666666666667,0.8222222222222223,0.2888888888888889,0.4777777777777778,0.6666666666666667,0.043,32.0,3.6296875,0.0812418604077907,0.09375,0.46875,0.84375,0,0.173917987021669,0,0.7641158971155554,0.7641158971155554,0.23514343826827744,0.0,7.769214328515574e-05,0.0006629724728820439,5.352245168894496e-34,0.0,2,0,False,1.3986430390433533,-0.5047737333818794,0.043,0.4777777777777778,0.07811025128906494,0.7143481,5.0,3.265759410767051,11.505296437805738,32.0,3.6296875
19-2043,Hydrologists,6.3,6.3,-0.1,0.5,92060.0,Bachelor's degree,6.8,6.7,-0.4,0.6,both_vintages,0.3,0.6405071,0.125,0.5,0.875,0.2916666666666666,0.53125,0.7708333333333333,0.0748,25.0,3.536,0.1469748448085319,0.12,0.5,0.88,0,0.16740811233593478,1,0.9330314341664594,0.019563951971589204,0.9330314341664594,0.0,8.075656867550078e-06,0.047396538205083945,2.5079430969251847e-119,0.0,2,0,False,1.4508650612435938,-1.333774331940391,0.0748,0.53125,0.13712790661513682,0.6405071,-0.4,1.9021075263969205,11.430195817371233,25.0,3.536
19-2099,"Physical scientists, all other",31.9,32.1,0.6,2.0,117960.0,Bachelor's degree,28.5,28.6,0.4,2.2,both_vintages,0.1999999999999999,1.140157,0.0,0.4565217391304347,0.9130434782608696,0.1521739130434782,0.4456521739130434,0.7391304347826086,0.0379,24.0,3.863333333333333,0.0179738629220774,0.0,0.4583333333333333,0.9166666666666666,0,0.14723596104611994,0,0.8496132680058897,0.8496132680058897,0.14321803104797104,0.0,2.6585913198550684e-05,0.0067153160536592505,0.0004267989792812029,0.0,2,0,False,1.1540333577623434,-1.222472333270039,0.0379,0.4456521739130434,0.017814242869527312,1.140157,0.4,3.353406717825807,11.678100862929213,24.0,3.863333333333333
19-3011,Economists,17.6,17.8,1.2,0.9,115440.0,Master's degree,16.9,17.8,5.7,1.4,both_vintages,-4.5,1.403764,0.1052631578947368,0.5526315789473684,1.0,0.4429824561403508,0.6173245614035088,0.7916666666666666,0.2418,34.0,3.6705882352941175,0.2183567575562114,0.1212121212121212,0.5606060606060606,1.0,0,0.32704651696137793,1,0.9942696442744277,1.3983534269352952e-15,0.9942696442744277,0.0,0.0012017426338932703,0.004528613091678349,0.0,0.0,2,-1,True,2.9640523119469586,-0.996114356746516,0.2418,0.6173245614035088,0.19750303079713308,1.403764,5.7,2.8791984572980396,11.656506193447752,34.0,3.6705882352941175
19-3022,Survey researchers,8.8,8.3,-5.2,0.7,63380.0,Master's degree,10.4,11.0,6.3,1.0,both_vintages,-11.5,1.42653,0.25,0.625,1.0,0.75,0.84375,0.9375,0.4316,16.0,4.159375,0.180868414890164,0.25,0.625,1.0,0,0.24915551397895355,4,0.9934448904588811,4.154208560312295e-42,0.006555109506096661,0.0,3.502209799141961e-11,0.9934448904588811,0.0,0.0,2,-1,True,2.941403201309668,-1.7202944709628918,0.4316,0.84375,0.16625011262514855,1.42653,6.3,2.3978952727983707,11.05690363324491,16.0,4.159375
19-3032,Industrial-organizational psychologists,5.6,5.9,6.3,0.4,109840.0,Master's degree,2.9,3.0,3.8,0.2,both_vintages,2.5,1.402475,0.0888888888888888,0.4888888888888889,0.888888888888889,0.3555555555555555,0.5888888888888889,0.8222222222222223,0.1577,25.0,3.906,0.1395798840634484,0.08,0.48,0.88,0,0.22593776972641397,1,0.7608716361673259,1.1162008000357759e-05,0.7608716361673259,0.0,8.001459941511978e-08,0.239117121810075,6.489203335982323e-133,0.0,2,0,False,1.972528430883595,-2.1342895979368,0.1577,0.5888888888888889,0.13065967173384638,1.402475,3.8,1.0986122886681098,11.606780040441853,25.0,3.906
19-3033,Clinical and counseling psychologists,76.3,84.8,11.2,4.8,95830.0,Doctoral or professional degree,65.4,71.9,9.9,5.1,both_vintages,1.299999999999999,,0.0925925925925925,0.3703703703703703,0.6481481481481481,0.3333333333333333,0.5092592592592592,0.6851851851851851,0.0591,30.0,3.8853333333333335,0.0485807837836724,0.1034482758620689,0.396551724137931,0.6896551724137931,0,0.04393291343615635,1,0.7890073391216769,0.2094608263730318,0.7890073391216769,0.0,0.0005031128654505721,0.0010261202625057664,2.601377335511286e-06,0.0,2,0,False,0.9426021904378327,0.10628505618015394,0.0591,0.5092592592592592,0.04743761539584902,-0.1260282,9.9,4.275276264727001,11.470331067337808,30.0,3.8853333333333335
19-3034,School psychologists,67.2,67.7,0.7,3.8,86930.0,Master's degree,57.9,61.1,5.5,4.8,both_vintages,-4.8,,0.0,0.3918918918918919,0.7837837837837838,0.3243243243243243,0.5810810810810811,0.8378378378378379,0.0467,19.0,4.002105263157895,0.0463212124448969,0.0,0.3947368421052631,0.7894736842105263,0,0.0063881842519421615,1,0.983889703165227,0.005178340829165589,0.983889703165227,0.0,1.3537076087781301e-05,0.010849452786814614,6.896614270566918e-05,0.0,2,0,False,0.6890331627765218,-0.46691255885276384,0.0467,0.5810810810810811,0.04528040496872932,-0.1260282,5.5,4.11251186617755,11.37285847607311,19.0,4.002105263157895
19-3039,"Psychologists, all other",55.3,57.7,4.3,3.9,117580.0,Master's degree,55.4,56.9,2.8,4.0,both_vintages,1.5,1.389854,0.0634920634920634,0.4543650793650793,0.8452380952380951,0.2182539682539682,0.2817460317460317,0.3452380952380952,0.0,32.0,4.3234375,0.0133520124564003,0.0625,0.453125,0.84375,0,-0.04085406000981104,2,0.9999699862954473,2.995156921017975e-05,2.723853058706133e-08,0.9999699862954473,6.020178210833328e-12,3.1335841717849546e-08,3.5549499562778343e-09,0.0,1,-1,True,0.5236610799919181,-0.8686963949261334,0.0,0.2817460317460317,0.013263659925260494,1.389854,2.8,4.041295341132285,11.674874231956245,32.0,4.3234375
19-3041,Sociologists,3.4,3.6,3.6,0.3,101690.0,Master's degree,3.0,3.1,5.4,0.3,both_vintages,-1.8000000000000005,1.411125,0.1538461538461538,0.5384615384615385,0.9230769230769232,0.3846153846153846,0.6153846153846154,0.8461538461538463,0.3833,15.0,3.8973333333333335,0.1377311438771776,0.1538461538461538,0.5384615384615384,0.9230769230769232,0,0.2469198370156356,4,0.8177884382258145,1.6544278566600989e-28,0.18221154759736993,0.0,1.4176815339587189e-08,0.8177884382258145,2.4330802272678898e-256,0.0,2,-1,True,2.5995400388473735,-2.285186875115832,0.3833,0.6153846153846154,0.12903605460846004,1.411125,5.4,1.1314021114911006,11.529684248785182,15.0,3.8973333333333335
19-3051,Urban and regional planners,44.7,46.2,3.4,3.4,83720.0,Master's degree,41.9,43.5,3.8,3.8,both_vintages,-0.3999999999999999,1.227516,0.0,0.4772727272727273,0.9545454545454546,0.2727272727272727,0.5795454545454546,0.8863636363636364,0.0959,25.0,4.1078947368421055,0.1180112485569552,0.0,0.48,0.96,0,0.20526315222390865,4,0.5390964831507242,0.15124130117686807,0.30963844982566696,0.0,2.376584674139682e-05,0.5390964831507242,6.84586717187234e-73,0.0,2,0,False,1.501510477712711,-0.9194683404989128,0.0959,0.5795454545454546,0.11155143600336172,1.227516,3.8,3.7727609380946383,11.335233176559935,25.0,4.1078947368421055
19-3091,Anthropologists and archeologists,8.8,9.2,3.7,0.8,64910.0,Master's degree,7.5,7.9,6.1,0.8,both_vintages,-2.3999999999999995,0.6965665,0.0517241379310344,0.4396551724137931,0.8275862068965517,0.293103448275862,0.5172413793103449,0.7413793103448276,0.1354,30.0,3.705666666666666,0.2673483724923887,0.0666666666666666,0.45,0.8333333333333334,0,0.18807485863951098,1,0.9891290012693017,1.6044650406442638e-11,0.9891290012693017,0.0,4.687902434461629e-08,0.010870951835628851,0.0,0.0,2,0,False,1.581281986219343,-0.734684085804566,0.1354,0.5172413793103449,0.2369268221023541,0.6965665,6.1,2.066862759472976,11.080756974027514,30.0,3.705666666666666
19-3092,Geographers,1.5,1.5,-3.1,0.1,97200.0,Bachelor's degree,1.6,1.6,-0.2,0.1,both_vintages,-2.9,1.436298,0.1666666666666666,0.4999999999999999,0.8333333333333333,0.0833333333333333,0.375,0.6666666666666666,0.1096,12.0,3.8708333333333336,0.0965453208385884,0.1666666666666666,0.5,0.8333333333333334,0,0.08206557361893076,4,0.7784973900204689,0.011470375721119168,0.21003223425837236,0.0,4.004226012229431e-14,0.7784973900204689,3.636022657399876e-83,0.0,2,0,False,0.9360928552762684,-2.606071440886597,0.1096,0.375,0.09216462029578536,1.436298,-0.2,0.47000362924573563,11.48452599044853,12.0,3.8708333333333336
19-3093,Historians,3.4,3.5,2.2,0.3,74050.0,Master's degree,3.3,3.4,4.5,0.3,both_vintages,-2.3,1.098921,0.1052631578947368,0.4736842105263157,0.8421052631578947,0.3157894736842105,0.5,0.6842105263157894,0.028,21.0,3.587619047619048,0.3220916235636308,0.1428571428571428,0.5,0.8571428571428571,0,0.1569010590463982,4,0.7106497940907732,1.58892808735595e-12,0.2893501756416948,0.0,3.0265943202975305e-08,0.7106497940907732,0.0,0.0,2,0,False,1.46486911508864,-1.4761993998653529,0.028,0.5,0.27921504580824674,1.098921,4.5,1.2237754316221157,11.212495819695945,21.0,3.587619047619048
19-3094,Political scientists,6.5,6.3,-3.1,0.5,139380.0,Master's degree,6.3,6.7,6.2,0.6,both_vintages,-9.3,1.418863,0.0416666666666666,0.4791666666666666,0.9166666666666666,0.25,0.5416666666666666,0.8333333333333333,0.452,14.0,3.5964285714285715,0.3318488634356163,0.0714285714285714,0.5,0.9285714285714286,0,0.2740918310266493,4,0.9999484332750823,1.1774732783056422e-56,4.28695983316316e-05,0.0,8.69712658694609e-06,0.9999484332750823,0.0,0.0,2,-1,True,3.481024712275221,-1.892915519116552,0.452,0.5416666666666666,0.28656809979127945,1.418863,6.2,1.9021075263969205,11.84495929499251,14.0,3.5964285714285715
19-3099,"Social scientists and related workers, all other",40.8,40.1,-1.7,3.2,100340.0,Bachelor's degree,39.8,40.4,1.6,3.7,both_vintages,-3.3,1.328048,0.0930232558139534,0.5232558139534884,0.9534883720930232,0.3720930232558139,0.6627906976744186,0.9534883720930232,0.0327,22.0,3.835,0.0582353158675312,0.0909090909090909,0.5227272727272727,0.9545454545454546,0,0.24152313042725457,0,0.7263695796812357,0.7263695796812357,0.15591761373255011,0.0,0.0001782132090989784,0.1175345933348354,4.2280647429561923e-11,0.0,2,0,False,1.7532043385872969,-1.1792120643143118,0.0327,0.6627906976744186,0.05660272445920101,1.328048,1.6,3.6988297849671046,11.516319698038243,22.0,3.835
19-4012,Agricultural technicians,18.6,19.4,4.3,2.9,46790.0,Associate's degree,16.4,18.0,9.7,2.6,both_vintages,-5.4,,0.1426767676767676,0.4097222222222222,0.6767676767676768,0.1691919191919192,0.3333333333333333,0.4974747474747474,0.0058,48.0,3.686666666666667,0.0470401669617802,0.125,0.3854166666666667,0.6458333333333334,1,0.13941628422342148,0,0.9999821055943825,0.9999821055943825,1.789432068650461e-05,0.0,6.908163501246819e-16,1.4483183000904849e-12,8.348196470973617e-11,0.0,2,0,False,0.13463466225714357,0.7683545576405063,0.0058,0.3333333333333333,0.04596729501286976,-0.1260282,9.7,2.8903717578961645,10.753424783860263,48.0,3.686666666666667
19-4013,Food science technicians,20.4,21.3,4.8,3.2,49430.0,Associate's degree,15.2,16.3,7.6,2.3,both_vintages,-2.8,,0.2857142857142857,0.3571428571428571,0.4285714285714285,0.1071428571428571,0.2857142857142857,0.4642857142857142,0.2038,16.0,4.15375,0.131363261013356,0.25,0.34375,0.4375,1,0.2112511047438833,1,0.9737755259600941,1.99755257065864e-07,0.9737755259600941,0.0,2.346587778922825e-21,0.026224274284648193,1.0308570686090257e-144,0.0,2,0,False,-0.03845618054835289,-0.436239862123165,0.2038,0.2857142857142857,0.1234233312531037,-0.1260282,7.6,2.791165107812717,10.808312806301005,16.0,4.15375
19-4021,Biological technicians,82.7,85.6,3.5,9.1,52000.0,Bachelor's degree,84.3,92.0,9.1,12.2,both_vintages,-5.6,0.3012355,0.2,0.4166666666666666,0.6333333333333333,0.0666666666666666,0.2666666666666666,0.4666666666666667,0.0599,17.0,3.935294117647059,0.1567320846805169,0.1764705882352941,0.4117647058823529,0.6470588235294118,1,0.1925153726187069,1,0.5320678186677943,0.20734406855034648,0.5320678186677943,0.0,1.5463691884613585e-12,0.2605881127803123,3.220739939815971e-148,0.0,2,0,False,0.12786271513470285,0.3551016657248392,0.0599,0.2666666666666666,0.14559886105202832,0.3012355,9.1,4.5217885770490405,10.858998997563564,17.0,3.935294117647059
19-4031,Chemical technicians,57.0,59.0,3.7,6.7,57790.0,Associate's degree,60.4,63.1,4.5,7.8,both_vintages,-0.7999999999999998,0.0628057,0.1428571428571428,0.3928571428571428,0.6428571428571428,0.2857142857142857,0.3928571428571428,0.5,0.3148,16.0,3.99375,0.1774790578820007,0.125,0.375,0.625,0,0.06539140442215012,4,0.7571922944071108,2.5487072455830544e-20,0.24280770553686276,0.0,5.6025928142461983e-11,0.7571922944071108,1.3471966248278718e-291,0.0,2,0,False,1.0556357962882352,-0.13553684970769986,0.3148,0.3928571428571428,0.16337576151206057,0.0628057,4.5,4.144720769547168,10.964571029311823,16.0,3.99375
19-4042,"Environmental science and protection technicians, including health",40.4,42.1,4.0,5.6,49490.0,Associate's degree,35.5,37.6,5.9,4.0,both_vintages,-1.9000000000000004,,0.2444444444444444,0.4555555555555556,0.6666666666666667,0.2444444444444444,0.4222222222222222,0.6,0.1444,25.0,3.4972,0.0380018816066783,0.24,0.46,0.68,0,0.00023207506510257366,1,0.9970675284240533,0.002710896763386808,0.9970675284240533,0.0,3.337660959280335e-11,0.00022157477915218422,3.131890851520013e-14,0.0,2,0,False,0.7072661251757094,0.3438898789501862,0.1444,0.4222222222222222,0.037297597465250736,-0.1260282,5.9,3.6270040503958487,10.809525907945932,25.0,3.4972
19-4043,"Geological technicians, except hydrologic technicians",9.8,10.0,1.5,1.3,48390.0,Associate's degree,9.2,9.7,5.2,1.0,both_vintages,-3.7,,0.048780487804878,0.3902439024390244,0.7317073170731707,0.073170731707317,0.3048780487804878,0.5365853658536586,0.229,29.0,3.613478260869565,0.0322502454716132,0.0344827586206896,0.3793103448275862,0.7241379310344828,0,-0.059619417247176246,1,0.99990470705662,2.703051370179082e-07,0.99990470705662,0.0,5.179150550232933e-18,9.502263824213376e-05,7.357435842552187e-43,0.0,2,0,False,0.4801825770190785,-0.09566249403567027,0.229,0.3048780487804878,0.03174112358651741,-0.1260282,5.2,2.272125885509337,10.787048459787364,29.0,3.613478260869565
19-4044,Hydrologic technicians,3.1,3.0,-2.1,0.4,58570.0,Associate's degree,3.8,3.8,0.9,0.4,both_vintages,-3.0,,0.1875,0.5,0.8125,0.25,0.53125,0.8125,,16.0,,0.0,0.1875,0.5,0.8125,1,0.1673886264752408,2,0.9999656716406479,5.355627516851307e-08,3.125632545612191e-05,0.9999656716406479,1.0972401278863449e-18,3.0184771448600765e-06,4.462751798226854e-13,2.971238938846162e-14,2,0,False,-0.28808968469819785,-1.5548374669962548,0.0,0.53125,0.0,-0.1260282,0.9,1.33500106673234,10.977977899083829,16.0,4.019375
19-4051,Nuclear technicians,6.0,5.5,-7.7,0.7,104240.0,Associate's degree,5.4,4.5,-16.6,0.4,both_vintages,8.900000000000002,0.1696743,0.1114718614718614,0.185064935064935,0.2586580086580086,0.1114718614718614,0.284090909090909,0.4567099567099566,0.0,34.0,4.2746875,0.0100653632363633,0.1176470588235294,0.1911764705882352,0.2647058823529412,1,0.18316385199303237,2,0.9995147985335042,0.000413828169149971,8.401943396975459e-09,0.9995147985335042,4.275733702858686e-20,1.0064486082406992e-12,7.136489439568111e-05,0.0,1,-1,True,-0.5620240077650415,-2.1015538100932285,0.0,0.284090909090909,0.010015044834780431,0.1696743,-16.6,1.5040773967762742,11.554451211798726,34.0,4.2746875
19-4061,Social science research assistants,40.6,42.3,4.4,5.2,58040.0,Bachelor's degree,35.2,39.2,11.3,5.0,both_vintages,-6.9,1.204652,0.4242424242424242,0.6666666666666667,0.9090909090909092,0.3939393939393939,0.6212121212121212,0.8484848484848485,0.4393,22.0,3.927272727272728,0.2719702229580659,0.4090909090909091,0.6590909090909091,0.9090909090909092,0,0.278540297908127,4,0.8312960328107971,7.7557397302651495e-47,0.168699456332702,0.0,4.510856500311095e-06,0.8312960328107971,0.0,0.0,2,-1,True,2.863533398946016,-0.38496708263269996,0.4393,0.6212121212121212,0.24056705501975884,1.204652,11.3,3.6686767467964168,10.968887706998125,22.0,3.927272727272728
19-4071,Forest and conservation technicians,33.8,32.7,-3.2,3.9,54310.0,Associate's degree,32.7,32.1,-2.0,3.9,both_vintages,-1.2000000000000002,,0.0769230769230769,0.3269230769230769,0.576923076923077,0.1153846153846153,0.3269230769230769,0.5384615384615385,0.0221,20.0,3.461,0.0920261781610376,0.1,0.35,0.6,1,0.10737416366092453,0,0.9549994826027381,0.9549994826027381,0.04470002098685086,0.0,6.107122196019668e-13,0.0003004964097997754,1.7518028788499248e-45,0.0,2,0,False,0.10099714531209235,-0.08387980878650032,0.0221,0.3269230769230769,0.08803484971031618,-0.1260282,-2.0,3.4688560301359703,10.90246365102889,20.0,3.461
19-4092,Forensic science technicians,20.7,23.3,12.8,2.9,67440.0,Bachelor's degree,17.6,19.6,11.4,2.5,both_vintages,1.4000000000000004,0.2400518,0.064516129032258,0.3870967741935484,0.7096774193548387,0.064516129032258,0.1935483870967742,0.3225806451612903,0.0,24.0,4.06625,0.004621850465677,0.05,0.4,0.75,1,0.3144345372538442,2,0.9999407737540625,5.895218794663157e-05,6.060096968887697e-09,0.9999407737540625,2.4135436507462403e-21,2.4029200801719717e-07,2.7705885915670684e-08,1.0672542674928626e-97,1,0,False,-0.47343489085707113,-0.24606569557706642,0.0,0.1935483870967742,0.004611202511044108,0.2400518,11.4,2.975529566236472,11.118993592675738,24.0,4.06625
19-4099,"Life, physical, and social science technicians, all other",83.2,86.2,3.5,10.6,60130.0,Associate's degree,72.7,77.5,6.6,9.7,both_vintages,-3.1,0.4501044,0.1547700754975978,0.5348318462594372,0.9148936170212766,0.1921757035003431,0.473232669869595,0.7542896362388469,0.0955,47.0,3.8020454545454543,0.1027077881261578,0.1914893617021276,0.5531914893617021,0.9148936170212766,0,0.10761217490383998,0,0.9393218723150385,0.9393218723150385,0.06063444405397855,0.0,4.3476933592972165e-05,2.0669739041590488e-07,1.1948168435417073e-52,0.0,2,0,False,1.2581062252699569,0.714281491028926,0.0955,0.473232669869595,0.09776878053633181,0.4501044,6.6,4.350277936359301,11.004264164033614,47.0,3.8020454545454543
19-5011,Occupational health and safety specialists,131.9,148.4,12.5,14.9,83910.0,Bachelor's degree,109.9,114.7,4.5,12.0,both_vintages,8.0,,0.0476190476190476,0.3333333333333333,0.6190476190476191,0.2857142857142857,0.3571428571428571,0.4285714285714285,0.0,22.0,3.821818181818182,0.0,0.0476190476190476,0.3333333333333333,0.6190476190476191,1,0.14760576569084657,2,0.9998829688617817,5.596638831429357e-06,0.00010854923151594801,0.9998829688617817,2.2622308223208664e-10,4.545534726890431e-07,3.3307633834785607e-07,2.0974118367472455e-06,2,0,False,0.14358585997921283,0.14192012262062298,0.0,0.3571428571428571,0.0,-0.1260282,4.5,4.742320024135325,11.337500074864115,22.0,3.821818181818182
19-5012,Occupational health and safety technicians,31.9,34.6,8.5,3.4,58440.0,High school diploma or equivalent,22.5,23.9,6.1,2.5,both_vintages,2.4000000000000004,,0.125,0.3958333333333333,0.6666666666666666,0.25,0.4166666666666666,0.5833333333333333,0.0,26.0,3.5603846153846157,0.0085247464144709,0.1153846153846153,0.4038461538461538,0.6923076923076923,0,-0.09443859259289072,2,0.9998980552669547,2.38274532757043e-05,7.804915876160296e-05,0.9998980552669547,4.8464914132273074e-14,4.273780047329285e-08,2.5383158997333303e-08,0.0,2,0,False,0.22378323680739,0.03052250476583904,0.0,0.4166666666666666,0.008488615953888511,-0.1260282,6.1,3.173878458937465,10.975755865864636,26.0,3.5603846153846157
21-1012,"Educational, guidance, and career counselors and advisors",376.3,389.6,3.5,31.0,65140.0,Master's degree,336.0,368.4,9.6,32.0,both_vintages,-6.1,0.9739287,0.0526315789473684,0.2894736842105263,0.5263157894736842,0.2456140350877192,0.3245614035087719,0.4035087719298245,0.1182,35.0,3.816857142857143,0.0556676211643773,0.0625,0.328125,0.59375,0,0.09822555185337423,0,0.8053439091751958,0.8053439091751958,0.17668824727199978,0.0,6.158684374729239e-05,0.017906256709057055,2.8652249694776106e-29,0.0,2,0,False,1.2175903138241042,1.0495791677143942,0.1182,0.3245614035087719,0.054173383053797965,0.9739287,9.6,5.909169304381152,11.084294078830224,35.0,3.816857142857143
21-1013,Marriage and family therapists,77.8,87.7,12.6,7.7,63780.0,Master's degree,65.3,74.3,13.9,6.4,both_vintages,-1.3000000000000007,1.367434,0.074074074074074,0.1111111111111111,0.1481481481481481,0.1851851851851851,0.2777777777777778,0.3703703703703703,0.0,15.0,3.995333333333333,0.1011671713042653,0.0666666666666666,0.1333333333333333,0.2,0,-0.04523754557151509,4,0.8620387200714383,0.13790374638360148,5.753067006745885e-05,4.976162326913392e-26,2.8748924244222492e-09,0.8620387200714383,1.895890113961404e-68,0.0,2,0,False,0.4973567139757115,-0.12032715756565007,0.0,0.2777777777777778,0.09637068209499226,1.367434,13.9,4.308110951723713,11.063194940564049,15.0,3.995333333333333
21-1015,Rehabilitation counselors,91.9,93.2,1.4,10.0,46110.0,Master's degree,93.2,103.0,10.5,9.9,both_vintages,-9.1,0.5025014,0.064516129032258,0.3548387096774194,0.6451612903225806,0.2580645161290322,0.4677419354838709,0.6774193548387096,0.0,17.0,4.1135294117647065,0.0023622791269016,0.0588235294117647,0.3529411764705882,0.6470588235294118,1,0.15233465653812356,2,0.9999782843620588,1.1195863280723061e-06,1.6842326875596845e-07,0.9999782843620588,1.65418409945205e-14,2.040732593061562e-05,2.030239722982928e-08,5.941692453176674e-35,2,0,False,0.04580103172085433,0.15696414603798023,0.0,0.4677419354838709,0.002359493331919229,0.5025014,10.5,4.634728988229636,10.738785125200751,17.0,4.1135294117647065
21-1021,"Child, family, and school social workers",399.9,413.3,3.4,35.1,58570.0,Bachelor's degree,349.8,378.9,8.3,36.6,both_vintages,-4.9,0.7761707,0.0571428571428571,0.2428571428571428,0.4285714285714285,0.1714285714285714,0.3,0.4285714285714285,0.0074,21.0,4.158095238095238,0.0073949607450832,0.0476190476190476,0.238095238095238,0.4285714285714285,1,0.1672450203700352,5,0.876961108511397,0.056335946229527735,0.0007326204662877624,0.0,1.782981291310471e-09,0.06597032300980656,0.876961108511397,0.0,2,0,False,0.06361587674027976,0.5801600567533293,0.0074,0.3,0.007367752078548861,0.7761707,8.3,5.937272318024555,10.977977899083829,21.0,4.158095238095238
21-1022,Healthcare social workers,193.2,208.1,7.7,18.4,68090.0,Master's degree,179.5,199.3,11.1,19.7,both_vintages,-3.3999999999999995,0.9339648,0.03125,0.34375,0.65625,0.1875,0.421875,0.65625,0.0916,17.0,4.055294117647058,0.0252661158790347,0.0588235294117647,0.3529411764705882,0.6470588235294118,0,0.047418545094237464,0,0.8023862231379253,0.8023862231379253,0.026087131561116864,0.0,8.379524498658895e-06,0.17105009529047427,0.00046817048598475023,0.0,2,0,False,0.8565345887953676,0.13213541638109724,0.0916,0.421875,0.02495220414140781,0.9339648,11.1,5.294811227218749,11.128585638477013,17.0,4.055294117647058
21-1023,Mental health and substance abuse social workers,136.8,150.1,9.7,13.5,60060.0,Master's degree,119.8,133.2,11.1,12.7,both_vintages,-1.4000000000000004,1.119216,0.0,0.2708333333333333,0.5416666666666666,0.1666666666666666,0.3541666666666666,0.5416666666666666,0.0,13.0,3.9784615384615374,0.0289635962515765,0.0,0.2692307692307692,0.5384615384615384,0,-0.05532729540948126,2,0.9968386354749107,0.00282910786351177,7.446483209923991e-06,0.9968386354749107,8.375248558526726e-10,0.0003247521908841463,5.714995889038925e-08,0.0,2,0,False,0.40233092647459195,0.005465959197944322,0.0,0.3541666666666666,0.028552078433661032,1.119216,11.1,4.891851758106289,11.003099341537322,13.0,3.9784615384615374
21-1091,Health education specialists,71.8,75.0,4.5,7.9,63000.0,Bachelor's degree,59.6,64.2,7.6,7.1,both_vintages,-3.1,0.691658,0.2580645161290322,0.532258064516129,0.8064516129032258,0.2580645161290322,0.5,0.7419354838709677,0.1376,16.0,3.816875,0.0466293358092756,0.25,0.53125,0.8125,0,0.1396078563324766,1,0.8901325550621441,0.018230230466912013,0.8901325550621441,0.0,3.923462807458816e-06,0.09163329100813679,4.39420059078075e-17,0.0,2,0,False,1.1128135604904845,-0.27143833108724313,0.1376,0.5,0.045574844191731294,0.691658,7.6,4.162003210695915,11.05089000537367,16.0,3.816875
21-1092,Probation officers and correctional treatment specialists,92.3,94.8,2.6,7.9,64520.0,Bachelor's degree,94.5,94.6,0.1,8.0,both_vintages,2.5,0.5272448,0.1578947368421052,0.3947368421052631,0.631578947368421,0.2894736842105263,0.4473684210526315,0.6052631578947368,0.0,21.0,4.1519047619047615,0.0,0.1428571428571428,0.4047619047619047,0.6666666666666666,1,0.1296344466355486,2,0.9999707801231095,2.6194339231935337e-06,6.748383924289908e-06,0.9999707801231095,2.7345933176357563e-12,1.96815503125185e-05,1.5294568890082044e-07,1.756030706708724e-08,2,0,False,0.09964669270440159,-0.40513115241911896,0.0,0.4473684210526315,0.0,0.5272448,0.1,4.549657476057832,11.074730532239146,21.0,4.1519047619047615
21-1093,Social and human service assistants,449.6,478.5,6.4,50.6,45120.0,High school diploma or equivalent,420.6,472.9,12.5,55.9,both_vintages,-6.1,0.4652255,0.2142857142857142,0.3928571428571428,0.5714285714285714,0.2857142857142857,0.375,0.4642857142857142,0.0,19.0,3.4921052631578946,0.0114005644820033,0.2105263157894736,0.3684210526315789,0.5263157894736842,0,-0.03394084032025096,2,0.9999455107991124,2.5534944979043803e-05,2.6168700999496373e-05,0.9999455107991124,2.6084473043105794e-12,1.237639244774125e-08,2.7731759081329865e-06,0.0,2,0,False,0.5582394901666783,1.3993842181687854,0.0,0.375,0.011336067783031518,0.4652255,12.5,6.15888394964983,10.71708088617194,19.0,3.4921052631578946
21-1094,Community health workers,65.1,72.5,11.3,7.8,51030.0,High school diploma or equivalent,67.0,77.7,15.9,8.8,both_vintages,-4.6,0.0371229,0.0833333333333333,0.3194444444444444,0.5555555555555556,0.2777777777777778,0.3472222222222222,0.4166666666666666,0.0,28.0,3.7275,0.0122222267870126,0.0714285714285714,0.3214285714285714,0.5714285714285714,1,0.1517807022458489,2,0.9999152372947289,8.377184461865282e-05,6.646456372706224e-08,0.9999152372947289,5.708099357606277e-15,4.5155646320293264e-08,8.792404367123673e-07,0.0,2,0,False,0.15851878965749683,0.9253434294557692,0.0,0.3472222222222222,0.012148138445319723,0.0371229,15.9,4.3528552573736015,10.840168974058017,28.0,3.7275
21-2011,Clergy,262.0,264.6,1.0,23.0,60820.0,Bachelor's degree,245.4,255.8,4.3,24.4,both_vintages,-3.3,1.282559,0.1904761904761904,0.3333333333333333,0.4761904761904761,0.1904761904761904,0.238095238095238,0.2857142857142857,0.1116,21.0,4.173333333333334,0.2530719899428529,0.1904761904761904,0.3333333333333333,0.4761904761904761,0,-0.004733578398390591,4,0.9571767392754656,4.418239242198669e-11,0.04282326057829733,0.0,1.0205550480042779e-10,0.9571767392754656,0.0,0.0,2,0,False,0.7957479918063273,0.21119446997536198,0.1116,0.238095238095238,0.22559812832803716,1.282559,4.3,5.5443958891447425,11.015673961231355,21.0,4.173333333333334
21-2021,"Directors, religious activities and education",138.9,141.8,2.1,13.8,54840.0,Bachelor's degree,160.8,166.6,3.6,17.7,both_vintages,-1.5,1.210922,0.1515151515151515,0.4393939393939394,0.7272727272727273,0.303030303030303,0.4545454545454546,0.6060606060606061,0.153,19.0,3.646842105263158,0.0562838678931344,0.1578947368421052,0.4210526315789473,0.6842105263157895,0,0.18569621798104505,1,0.9900571258505497,0.002829387045978399,0.9900571258505497,0.0,8.543736376914507e-06,0.007104943367094886,3.440623711196117e-33,0.0,2,0,False,1.4403049728707968,0.14706930650177033,0.153,0.4545454545454546,0.05475696345272229,1.210922,3.6,5.115595729732743,10.91217513367625,19.0,3.646842105263158
23-1011,Lawyers,864.8,900.7,4.1,31.5,151160.0,Doctoral or professional degree,833.1,913.3,9.6,48.7,both_vintages,-5.5,1.328783,0.0,0.425,0.8500000000000001,0.15,0.475,0.8,0.1673,22.0,4.082272727272727,0.1037348660074194,0.0,0.4285714285714285,0.8571428571428571,0,0.21516542289592877,1,0.9992077482784649,0.00023536944803370606,0.9992077482784649,0.0,0.00046096437040629273,9.591790309486798e-05,3.4294362456005863e-94,0.0,2,-1,True,2.239867942244834,0.11604841287137078,0.1673,0.475,0.09869976141047357,1.328783,9.6,6.817064413697633,11.926094157463424,22.0,4.082272727272727
23-1012,Judicial law clerks,14.5,14.9,2.5,1.0,60400.0,Doctoral or professional degree,16.2,16.2,-0.5,1.1,both_vintages,3.0,1.462973,0.1379310344827586,0.5172413793103449,0.896551724137931,0.0,0.4482758620689655,0.896551724137931,0.1704,18.0,3.6127777777777776,0.0616246728756944,0.1666666666666666,0.5,0.8333333333333334,0,0.18799397271384385,1,0.9638300462098107,0.001438365190624094,0.9638300462098107,0.0,6.269260406164983e-08,0.03473152590696179,1.8861050425394384e-48,0.0,2,0,False,1.4344334385612054,-1.0958974038653337,0.1704,0.4482758620689655,0.059800444982530836,1.462973,-0.5,2.785011242238338,11.008744383922906,18.0,3.6127777777777776
23-1021,"Administrative law judges, adjudicators, and hearing officers",17.5,17.4,-0.7,0.5,115230.0,Doctoral or professional degree,14.5,14.1,-2.8,0.6,both_vintages,2.1,1.374714,0.1538461538461538,0.5,0.8461538461538463,0.0769230769230769,0.3461538461538461,0.6153846153846154,0.3048,14.0,4.311428571428571,0.196377290897214,0.1428571428571428,0.5,0.8571428571428571,0,0.12794696178103585,1,0.9715211301895784,2.1375736595521548e-20,0.9715211301895784,0.0,2.4699245243486365e-11,0.028478869785722734,0.0,0.0,2,-1,True,1.4981466919513888,-2.0834182491104807,0.3048,0.3461538461538461,0.17929806639760135,1.374714,-2.8,2.6461747973841225,11.65468541000806,14.0,4.311428571428571
23-1022,"Arbitrators, mediators, and conciliators",9.1,9.5,4.3,0.3,67710.0,Bachelor's degree,8.9,9.5,6.2,0.5,both_vintages,-1.9000000000000004,1.431593,0.0967741935483871,0.5,0.9032258064516128,0.0967741935483871,0.3709677419354839,0.6451612903225806,0.2426,20.0,3.856,0.1120541968456381,0.1,0.5,0.9,0,0.17745810582223345,1,0.5523618042034577,1.0046793351864175e-10,0.5523618042034577,0.0,1.2837045628329529e-11,0.4476381956832365,1.1258837573244863e-150,0.0,2,-1,True,1.4704098220751067,-1.1647680995399925,0.2426,0.3709677419354839,0.10620893281126245,1.431593,6.2,2.2512917986064953,11.12298915847969,20.0,3.856
23-1023,"Judges, magistrate judges, and magistrates",27.3,28.0,2.5,0.9,156210.0,Doctoral or professional degree,28.5,28.4,-0.6,1.3,both_vintages,3.1,1.496494,0.0,0.4166666666666666,0.8333333333333333,0.0555555555555555,0.25,0.4444444444444444,0.3109,21.0,4.286190476190477,0.0360504336322812,0.0,0.4047619047619047,0.8095238095238095,0,0.11152097657666062,1,0.9999127933214478,2.0793693669584549e-13,0.9999127933214478,0.0,3.403543250523393e-10,8.720633798934396e-05,9.790831005789145e-112,0.0,2,-1,True,1.497707224046652,-1.7349807767885135,0.3109,0.25,0.035415823764644964,1.496494,-0.6,3.3463891451671604,11.958956534825054,21.0,4.286190476190477
23-2011,Paralegals and legal assistants,376.2,376.8,0.2,39.3,61010.0,Associate's degree,352.8,402.7,14.1,45.8,both_vintages,-13.9,1.292055,0.2,0.525,0.8500000000000001,0.05,0.45,0.8500000000000001,0.2927,12.0,3.61,0.0030812336437847,0.1428571428571428,0.5714285714285714,1.0,0,0.20727663866409854,1,0.9954171118889032,1.823500859373558e-11,0.9954171118889032,0.0,0.0018556958375432944,0.002727192255319107,1.4617230555895014e-55,0.0,2,0,False,2.055600337079809,0.623034378550402,0.2927,0.45,0.0030764963720004888,1.292055,14.1,5.998191867857408,11.018793064145898,12.0,3.61
23-2093,"Title examiners, abstractors, and searchers",57.4,58.5,2.0,5.4,54980.0,High school diploma or equivalent,61.2,62.4,1.9,6.0,both_vintages,0.1,1.279954,0.2142857142857142,0.5714285714285714,0.9285714285714284,0.25,0.5535714285714285,0.8571428571428571,0.0216,16.0,4.160625,0.0,0.1875,0.5625,0.9375,0,0.03210586004320542,4,0.9848519575778935,0.007621151447301863,0.001917610704010052,0.0,1.132259626985099e-08,0.9848519575778935,0.0056092689481983685,0.0,2,0,False,0.5896671294533435,-0.8351241769930711,0.0216,0.5535714285714285,0.0,1.279954,1.9,4.133565275375382,10.914724761719237,16.0,4.160625
25-1011,"Business teachers, postsecondary",103.1,109.0,5.7,8.1,97270.0,Doctoral or professional degree,103.4,109.8,6.2,9.5,both_vintages,-0.5,1.349314,0.1818181818181818,0.4886363636363636,0.7954545454545455,0.1818181818181818,0.4204545454545454,0.6590909090909091,0.3072,25.0,3.9108,0.6301122801539788,0.16,0.48,0.8,0,0.3035349213092607,4,0.9995695954612259,1.5220330722217803e-69,3.995014003687052e-06,0.0,0.0004264095247700278,0.9995695954612259,0.0,0.0,2,-1,True,2.910553839573446,-0.22205974598377337,0.3072,0.4204545454545454,0.4886488959763579,1.349314,6.2,4.69866052907543,11.485245895863486,25.0,3.9108
25-1021,"Computer science teachers, postsecondary",44.8,47.2,5.3,3.5,96690.0,Doctoral or professional degree,47.8,51.2,7.2,4.5,both_vintages,-1.9000000000000004,1.277778,0.1666666666666666,0.5119047619047619,0.8571428571428571,0.1428571428571428,0.369047619047619,0.5952380952380952,0.2414,26.0,3.878461538461538,0.5383942253573195,0.1538461538461538,0.5,0.8461538461538461,0,0.2802053687804289,4,0.9997332290967987,8.685659245600537e-51,0.0002600822748366795,0.0,6.688628365250976e-06,0.9997332290967987,0.0,0.0,2,-1,True,2.4288280073686814,-0.40302185172474625,0.2414,0.369047619047619,0.43073916161749887,1.277778,7.2,3.9357395320454622,11.479265263477593,26.0,3.878461538461538
25-1022,"Mathematical science teachers, postsecondary",58.9,60.2,2.3,4.4,79350.0,Doctoral or professional degree,53.8,57.1,6.0,4.9,both_vintages,-3.7,1.338676,0.2972972972972973,0.5405405405405406,0.7837837837837838,0.1891891891891892,0.4324324324324324,0.6756756756756757,0.4305,23.0,3.6743478260869566,0.5914941518185434,0.3043478260869565,0.5434782608695652,0.782608695652174,0,0.29666126550773503,4,0.9999574858078301,2.2349263151521654e-86,3.3968919260953997e-07,0.0,4.217450297668073e-05,0.9999574858078301,0.0,0.0,2,-1,True,3.2671416514420613,-0.2725782511552142,0.4305,0.4324324324324324,0.46467329309835065,1.338676,6.0,4.044804116661965,11.281623725954555,23.0,3.6743478260869566
25-1031,"Architecture teachers, postsecondary",11.6,11.9,2.0,0.9,101480.0,Doctoral or professional degree,7.8,8.4,7.8,0.7,both_vintages,-5.8,1.222022,0.1951219512195122,0.4878048780487805,0.7804878048780488,0.2195121951219512,0.426829268292683,0.6341463414634146,0.0,22.0,3.913636363636364,0.5856398078953523,0.1818181818181818,0.4772727272727273,0.7727272727272727,0,0.1640938680707552,4,0.999999057786807,1.2479434924896e-41,9.324862875299037e-07,0.0,9.726905472162717e-09,0.999999057786807,0.0,0.0,2,1,False,1.6432383541263345,-1.3031586286953925,0.0,0.426829268292683,0.46098799016602243,1.222022,7.8,2.128231705849268,11.527617013713218,22.0,3.913636363636364
25-1032,"Engineering teachers, postsecondary",50.3,54.4,8.1,4.1,106120.0,Doctoral or professional degree,45.8,51.8,13.3,4.7,both_vintages,-5.200000000000001,1.351133,0.1428571428571428,0.5,0.8571428571428571,0.2142857142857142,0.4166666666666666,0.6190476190476191,0.3589,24.0,3.67125,0.556265380491271,0.1666666666666666,0.5,0.8333333333333334,0,0.3053493784208909,4,0.9998381066759808,1.875600437636954e-69,2.86195567884747e-06,0.0,0.0001590313683407727,0.9998381066759808,0.0,0.0,2,-1,True,3.279337270659563,-0.2218327909906988,0.3589,0.4166666666666666,0.4422889642286436,1.351133,13.3,3.9473901492654373,11.572325808251676,24.0,3.67125
25-1041,"Agricultural sciences teachers, postsecondary",10.7,11.2,4.1,0.8,86350.0,Doctoral or professional degree,10.9,11.7,7.3,1.0,both_vintages,-3.2,0.7546685,0.2222222222222222,0.5,0.7777777777777778,0.4444444444444445,0.5888888888888889,0.7333333333333334,0.0,23.0,3.844347826086957,0.5949862166148325,0.217391304347826,0.5,0.782608695652174,0,0.19142623158142963,4,0.9999605343175733,2.3883500143145278e-36,5.6666115784447986e-06,0.0,3.3799070848576164e-05,0.9999605343175733,0.0,0.0,2,1,False,1.804726963512216,-1.0019919835508586,0.0,0.5888888888888889,0.4668650945786742,0.7546685,7.3,2.4595888418037104,11.366164083574825,23.0,3.844347826086957
25-1042,"Biological science teachers, postsecondary",66.0,70.8,7.3,5.4,83460.0,Doctoral or professional degree,60.2,67.7,12.4,6.1,both_vintages,-5.1000000000000005,1.227677,0.1428571428571428,0.4693877551020408,0.7959183673469387,0.2040816326530612,0.3979591836734693,0.5918367346938775,0.2914,27.0,3.7177777777777776,1.2338286587595355,0.1481481481481481,0.4629629629629629,0.7777777777777778,0,0.2627743430899121,4,0.999977518828472,1.6144864920404665e-164,3.428372163683763e-20,0.0,2.2481171527987252e-05,0.999977518828472,0.0,0.0,2,-1,True,3.4506996610107863,0.23555080090841335,0.2914,0.3979591836734693,0.8037170006418677,1.227677,12.4,4.215086179918229,11.332122754145544,27.0,3.7177777777777776
25-1043,"Forestry and conservation science teachers, postsecondary",1.6,1.7,4.0,0.1,100830.0,Doctoral or professional degree,1.5,1.6,8.3,0.1,both_vintages,-4.300000000000001,1.260278,0.1956521739130434,0.4782608695652174,0.7608695652173912,0.217391304347826,0.4239130434782608,0.6304347826086957,0.0206,25.0,3.8208,0.7697948720055537,0.2,0.48,0.76,0,0.151566345857385,4,0.9999999991777191,6.634507237273232e-70,8.220573921858653e-10,0.0,2.236579729633017e-13,0.9999999991777191,0.0,0.0,2,1,False,1.8943378709792371,-1.8004679163942041,0.0206,0.4239130434782608,0.5708636483475104,1.260278,8.3,0.47000362924573563,11.521191209387261,25.0,3.8208
25-1051,"Atmospheric, earth, marine, and space sciences teachers, postsecondary",14.0,14.4,2.6,1.0,101390.0,Doctoral or professional degree,12.7,13.7,7.2,1.2,both_vintages,-4.6,1.306156,0.175,0.475,0.775,0.15,0.4,0.65,0.0396,26.0,3.527692307692308,0.7855091635888557,0.1923076923076923,0.4807692307692308,0.7692307692307693,0,0.2210898155068868,4,0.9999999163728875,4.195041236265813e-72,1.1555965820489167e-09,0.0,8.247151497310734e-08,0.9999999163728875,0.0,0.0,2,1,False,2.3895797912744414,-0.7457763236398329,0.0396,0.4,0.5797036202648225,1.306156,7.2,2.617395832834079,11.526729745946625,26.0,3.527692307692308
25-1052,"Chemistry teachers, postsecondary",25.4,26.0,2.2,1.9,86220.0,Doctoral or professional degree,25.8,27.8,7.7,2.4,both_vintages,-5.5,1.333947,0.1764705882352941,0.4313725490196078,0.6862745098039216,0.2352941176470588,0.4019607843137255,0.5686274509803921,0.2185,28.0,3.812857142857143,0.5883102103866324,0.1785714285714285,0.4285714285714285,0.6785714285714286,0,0.2845216419774728,4,0.9999118163633168,6.51678280549598e-55,8.69092731571169e-05,0.0,1.2743635258480186e-06,0.9999118163633168,0.0,0.0,2,1,False,2.478682686826657,-0.4958424113604465,0.2185,0.4019607843137255,0.4626706903383615,1.333947,7.7,3.3250360206965914,11.364657448301125,28.0,3.812857142857143
25-1053,"Environmental science teachers, postsecondary",9.0,9.3,2.9,0.7,87710.0,Doctoral or professional degree,7.1,7.6,7.7,0.7,both_vintages,-4.800000000000001,1.347519,0.2608695652173913,0.5217391304347826,0.7826086956521738,0.1956521739130434,0.4239130434782608,0.6521739130434783,0.0232,25.0,3.696,0.6147061119350549,0.24,0.5,0.76,0,0.2007327292104033,4,0.9999985918043229,8.069562525946666e-47,1.4018683420428624e-06,0.0,6.327335673477658e-09,0.9999985918043229,0.0,0.0,2,1,False,1.9253100250741149,-1.06035870687752,0.0232,0.4239130434782608,0.47915296608131464,1.347519,7.7,2.028148247292285,11.381791196945427,25.0,3.696
25-1054,"Physics teachers, postsecondary",17.1,17.5,2.5,1.3,97360.0,Doctoral or professional degree,16.0,17.3,7.9,1.5,both_vintages,-5.4,1.044191,0.1162790697674418,0.4186046511627906,0.7209302325581395,0.1627906976744186,0.3720930232558139,0.5813953488372093,0.0,24.0,3.69625,0.7755465081406185,0.125,0.4166666666666667,0.7083333333333334,0,0.17639185430306537,4,0.9999999453024216,9.97383676227933e-68,4.464434401327074e-10,0.0,5.4251134576894834e-08,0.9999999453024216,0.0,0.0,2,1,False,1.8880011190440245,-0.6557204781229244,0.0,0.3720930232558139,0.5741082674485994,1.044191,7.9,2.8507065015037334,11.486170727661408,24.0,3.69625
25-1061,"Anthropology and archeology teachers, postsecondary",6.5,6.7,2.7,0.5,95770.0,Doctoral or professional degree,6.4,6.9,8.3,0.6,both_vintages,-5.6000000000000005,1.321694,0.2857142857142857,0.520408163265306,0.7551020408163265,0.183673469387755,0.4081632653061224,0.6326530612244897,0.0236,27.0,3.840740740740741,0.7389825355677062,0.2692307692307692,0.5,0.7307692307692307,0,0.1874667204534184,4,0.9999999936340593,7.465826845313154e-64,5.7093070050568085e-09,0.0,6.56634012793661e-10,0.9999999936340593,0.0,0.0,2,1,False,1.9622495059479557,-1.1357028752695886,0.0236,0.4081632653061224,0.5533001925199377,1.321694,8.3,1.9315214116032138,11.469704762515665,27.0,3.840740740740741
25-1062,"Area, ethnic, and cultural studies teachers, postsecondary",14.5,14.8,2.4,1.1,84290.0,Doctoral or professional degree,11.7,12.7,8.5,1.1,both_vintages,-6.1,1.308699,0.2222222222222222,0.5,0.7777777777777778,0.2444444444444444,0.4444444444444445,0.6444444444444445,0.0,23.0,3.810434782608696,0.826489571051193,0.217391304347826,0.5,0.782608695652174,0,0.19252966300560914,4,0.9999999698823641,9.717167724468212e-73,1.7309408096358018e-11,0.0,3.0100326790959806e-08,0.9999999698823641,0.0,0.0,2,1,False,2.003627033511635,-0.8830182803078105,0.0,0.4444444444444445,0.6023958574373881,1.308699,8.5,2.5416019934645457,11.342018512991528,23.0,3.810434782608696
25-1063,"Economics teachers, postsecondary",15.8,16.1,2.1,1.2,119980.0,Doctoral or professional degree,15.3,16.6,8.4,1.5,both_vintages,-6.300000000000001,1.319012,0.1463414634146341,0.475609756097561,0.8048780487804879,0.2195121951219512,0.4390243902439024,0.6585365853658537,0.0,22.0,3.6731818181818174,0.8502150701083355,0.1363636363636363,0.4545454545454545,0.7727272727272727,0,0.21702663419268373,4,0.9999994719492671,1.9167177741093278e-78,3.2477808672984503e-12,0.0,5.280474845822373e-07,0.9999994719492671,0.0,0.0,2,1,False,2.3971670512911123,-0.9604502020634329,0.0,0.4390243902439024,0.6153018864458616,1.319012,8.4,2.8094026953624978,11.695080341207085,22.0,3.6731818181818174
25-1064,"Geography teachers, postsecondary",4.0,4.2,3.3,0.3,86730.0,Doctoral or professional degree,4.3,4.7,7.6,0.4,both_vintages,-4.3,1.318899,0.1818181818181818,0.4772727272727273,0.7727272727272727,0.25,0.4659090909090909,0.6818181818181819,0.0,25.0,3.6432,0.8540152582690033,0.2,0.48,0.76,0,0.19132033705578758,4,0.9999999970984881,3.464371805665368e-78,3.517326195643969e-11,0.0,2.8663378673278287e-09,0.9999999970984881,0.0,0.0,2,1,False,2.1839443879681966,-1.2042508990961345,0.0,0.4659090909090909,0.6173536970283541,1.318899,7.6,1.547562508716013,11.370555123678502,25.0,3.6432
25-1065,"Political science teachers, postsecondary",21.8,22.2,2.0,1.6,94680.0,Doctoral or professional degree,18.2,19.7,8.4,1.7,both_vintages,-6.4,1.368397,0.1707317073170731,0.475609756097561,0.7804878048780488,0.1951219512195122,0.4146341463414634,0.6341463414634146,0.0,22.0,3.824545454545455,0.8580208620059235,0.1818181818181818,0.4772727272727273,0.7727272727272727,0,0.19693184383295326,4,0.9999999104605952,1.4124379613313128e-78,1.6898569568521427e-12,0.0,8.953771465283131e-08,0.9999999104605952,0.0,0.0,2,1,False,2.0834611504400717,-0.8100042076273883,0.0,0.4146341463414634,0.6195118685341672,1.368397,8.4,2.9806186357439426,11.45825806362792,22.0,3.824545454545455
25-1066,"Psychology teachers, postsecondary",52.5,54.4,3.6,4.0,80330.0,Doctoral or professional degree,46.4,50.8,9.6,4.5,both_vintages,-6.0,1.33366,0.16,0.48,0.8,0.16,0.39,0.62,0.3219,29.0,3.655862068965517,0.7724652744968337,0.1724137931034483,0.4655172413793103,0.7586206896551724,0,0.291313661128549,4,0.9999846877601553,1.0717948399377273e-95,1.8787257079796212e-08,0.0,1.5293452588064828e-05,0.9999846877601553,0.0,0.0,2,-1,True,3.1544868078463657,0.03748704113826114,0.3219,0.39,0.5723713879751589,1.33366,9.6,3.927896354584436,11.293898429167859,29.0,3.655862068965517
25-1067,"Sociology teachers, postsecondary",15.4,15.7,2.1,1.1,82540.0,Doctoral or professional degree,16.0,17.2,7.6,1.5,both_vintages,-5.5,1.349229,0.1363636363636363,0.4318181818181818,0.7272727272727273,0.2045454545454545,0.3977272727272727,0.5909090909090909,0.0,24.0,3.6804166666666656,0.8632589592003576,0.125,0.4166666666666667,0.7083333333333334,0,0.1930044915878197,4,0.9999999773246133,3.98619974281338e-80,6.946525407052635e-12,0.0,2.266843957067261e-08,0.9999999773246133,0.0,0.0,2,1,False,2.0770288365435685,-0.6363889369328605,0.0,0.3977272727272727,0.6223270831407653,1.349229,7.6,2.8449093838194073,11.321038303306572,24.0,3.6804166666666656
25-1071,"Health specialties teachers, postsecondary",289.6,339.7,17.3,27.4,105620.0,Doctoral or professional degree,246.7,306.1,24.1,28.9,both_vintages,-6.800000000000001,0.924754,0.125,0.475,0.8250000000000001,0.175,0.3875,0.6000000000000001,0.3045,22.0,3.878636363636363,0.785509163588856,0.1363636363636363,0.4772727272727273,0.8181818181818182,0,0.23663938081620506,4,0.9924427316505879,7.059401354031726e-90,4.603963080239672e-14,0.0,0.007557268349365458,0.9924427316505879,0.0,0.0,2,-1,True,3.169154733521087,0.9112097555594084,0.3045,0.3875,0.5797036202648227,0.924754,24.1,5.723911845951367,11.567603026260924,22.0,3.878636363636363
25-1072,"Nursing instructors and teachers, postsecondary",91.6,106.9,16.8,8.6,79940.0,Doctoral or professional degree,87.0,105.7,21.5,9.9,both_vintages,-4.699999999999999,0.5170682,0.1568627450980392,0.4019607843137255,0.6470588235294118,0.1372549019607843,0.3725490196078431,0.6078431372549019,0.1909,29.0,4.056206896551724,0.67766598605639,0.1724137931034483,0.4137931034482758,0.6551724137931034,0,0.1571144777399607,4,0.9999545377419812,2.5030237887435648e-58,2.132485767459839e-09,0.0,4.546012553259772e-05,0.9999545377419812,0.0,0.0,2,-1,True,2.075191006474276,0.756245585814696,0.1909,0.3725490196078431,0.5174035334374099,0.5170682,21.5,4.660604892876192,11.289031632265315,29.0,4.056206896551724
25-1081,"Education teachers, postsecondary",74.9,76.5,2.1,5.6,72090.0,Doctoral or professional degree,76.7,83.2,8.5,7.3,both_vintages,-6.4,1.192988,0.1666666666666666,0.4880952380952381,0.8095238095238095,0.1904761904761904,0.4404761904761904,0.6904761904761905,0.2621,24.0,3.62375,0.8743514003179826,0.1666666666666666,0.4791666666666667,0.7916666666666666,0,0.28486234251719217,4,0.9997359382189325,6.153628403772595e-99,1.3979868081947665e-11,0.0,0.00026406176708796515,0.9997359382189325,0.0,0.0,2,-1,True,3.0427055536153977,0.18375787067469165,0.2621,0.4404761904761904,0.6282626797478991,1.192988,8.5,4.421247347827163,11.185670617398625,24.0,3.62375
25-1082,"Library science teachers, postsecondary",5.1,5.3,3.0,0.4,78630.0,Doctoral or professional degree,5.5,5.9,7.6,0.5,both_vintages,-4.6,1.386292,0.2127659574468085,0.5106382978723404,0.8085106382978723,0.2340425531914893,0.425531914893617,0.6170212765957447,0.018,25.0,3.9528,0.7665082227855167,0.2,0.5,0.8,0,0.1592540723259957,4,0.9999999994004742,3.6224339778373846e-66,5.865160262439241e-10,0.0,1.3010097430685635e-11,0.9999999994004742,0.0,0.0,2,1,False,1.759307800658404,-1.235447244306832,0.018,0.425531914893617,0.5690048426522617,1.386292,7.6,1.7749523509116738,11.272508584985562,25.0,3.9528
25-1111,"Criminal justice and law enforcement teachers, postsecondary",16.2,16.5,2.0,1.2,71470.0,Doctoral or professional degree,16.5,18.2,9.8,1.6,both_vintages,-7.800000000000001,1.389999,0.225,0.5,0.775,0.2,0.4375,0.675,0.0,23.0,3.795217391304348,0.8502150701083355,0.217391304347826,0.5,0.782608695652174,0,0.18770652259126075,4,0.9999999677266184,1.7271617038382895e-75,4.289778799660304e-12,0.0,3.226909269280129e-08,0.9999999677266184,0.0,0.0,2,1,False,1.9982100295072496,-0.5757962718323023,0.0,0.4375,0.6153018864458616,1.389999,9.8,2.9014215940827497,11.177033060214024,23.0,3.795217391304348
25-1112,"Law teachers, postsecondary",29.5,30.2,2.2,2.2,126650.0,Doctoral or professional degree,19.1,20.8,8.9,1.8,both_vintages,-6.7,1.35645,0.125,0.45,0.775,0.425,0.5875,0.75,0.0,23.0,3.7673913043478255,0.7360040097120478,0.1304347826086956,0.4565217391304347,0.782608695652174,0,0.2533695305812598,4,0.9999383709908735,1.4784599093169508e-56,3.5614331697413282e-09,0.0,6.162544769274387e-05,0.9999383709908735,0.0,0.0,2,1,False,2.646913119577473,-1.0750222508655707,0.0,0.5875,0.551585925977454,1.35645,8.9,3.0349529867072724,11.749182655429822,23.0,3.7673913043478255
25-1113,"Social work teachers, postsecondary",17.1,17.5,2.3,1.3,76210.0,Doctoral or professional degree,16.1,17.5,8.9,1.5,both_vintages,-6.6000000000000005,1.347327,0.1590909090909091,0.4204545454545454,0.6818181818181819,0.2954545454545454,0.5113636363636364,0.7272727272727273,0.0,24.0,3.92,0.8407659536007289,0.1666666666666666,0.4375,0.7083333333333334,0,0.1990467162973068,4,0.9999996292619387,5.207375217843996e-71,9.07559382060582e-12,0.0,3.707289862649161e-07,0.9999996292619387,0.0,0.0,2,1,False,2.0725927710551626,-0.7728830702928093,0.0,0.5113636363636364,0.6101817641316057,1.347327,8.9,2.8622008809294686,11.241247966660163,24.0,3.92
25-1121,"Art, drama, and music teachers, postsecondary",122.8,124.8,1.7,9.0,80190.0,Master's degree,121.8,132.5,8.8,11.6,both_vintages,-7.1000000000000005,0.7582769,0.125,0.4375,0.75,0.375,0.59375,0.8125,0.2142,28.0,3.878571428571429,0.7738004757424739,0.1428571428571428,0.4464285714285714,0.75,0,0.29564373582373443,4,0.9793949243217971,2.0972210683679736e-70,8.914673207252093e-09,0.0,0.02060506676352983,0.9793949243217971,0.0,0.0,2,1,False,2.8889525761981116,0.23414317470147647,0.2142,0.59375,0.5731244061654298,0.7582769,8.8,4.886582645426277,11.292154097801074,28.0,3.878571428571429
25-1122,"Communications teachers, postsecondary",35.8,36.6,2.1,2.7,77800.0,Doctoral or professional degree,34.4,36.9,7.3,3.2,both_vintages,-5.199999999999999,1.347435,0.125,0.425,0.7250000000000001,0.325,0.5750000000000001,0.8250000000000001,0.2111,22.0,3.899545454545455,0.7488424832278175,0.1363636363636363,0.4545454545454545,0.7727272727272727,0,0.3069997924994597,4,0.99990078653813,1.841078869424732e-70,8.404501147562819e-09,0.0,9.920505736890117e-05,0.99990078653813,0.0,0.0,2,1,False,2.844573195638931,-0.6477502233846716,0.2111,0.5750000000000001,0.5589541309331654,1.347435,7.3,3.6082115510464816,11.261896710166482,22.0,3.899545454545455
25-1123,"English language and literature teachers, postsecondary",72.2,72.2,0.0,5.1,78270.0,Doctoral or professional degree,72.4,76.9,6.3,6.7,both_vintages,-6.3,1.417833,0.25,0.5267857142857143,0.8035714285714285,0.3571428571428571,0.5714285714285714,0.7857142857142857,0.3618,33.0,3.6827272727272726,1.6453787657810506,0.2727272727272727,0.5454545454545454,0.8181818181818182,0,0.27234231964079875,4,0.8432360072143791,4.843835409445457e-239,3.2063106257989423e-28,0.0,0.15676399278562,0.8432360072143791,0.0,0.0,2,-1,True,4.467326286640765,0.14028293542599968,0.3618,0.5714285714285714,0.9728142557313901,1.417833,6.3,4.3425058765115985,11.267919666798884,33.0,3.6827272727272726
25-1124,"Foreign language and literature teachers, postsecondary",26.4,26.4,-0.2,1.9,77010.0,Doctoral or professional degree,25.0,27.0,7.8,2.4,both_vintages,-8.0,1.33412,0.2666666666666666,0.5333333333333333,0.8,0.2888888888888889,0.5666666666666667,0.8444444444444444,0.2403,24.0,3.875,0.9286838202367204,0.2916666666666667,0.5416666666666666,0.7916666666666666,0,0.2968600818484749,4,0.9999445932062844,3.673094161975746e-101,3.4811045652524734e-12,0.0,5.540679023432248e-05,0.9999445932062844,0.0,0.0,2,1,False,3.103983586692588,-0.6430175112818781,0.2403,0.5666666666666667,0.6568378118508037,1.33412,7.8,3.295836866004329,11.251690562533296,24.0,3.875
25-1125,"History teachers, postsecondary",24.6,24.6,-0.2,1.7,81500.0,Doctoral or professional degree,23.7,25.4,7.4,2.2,both_vintages,-7.6,1.43749,0.2222222222222222,0.5111111111111112,0.8,0.3555555555555555,0.5888888888888889,0.8222222222222223,0.0994,25.0,3.7836,0.8511394402014708,0.2,0.48,0.76,0,0.2855792102271447,4,0.999866931372043,1.8434535109807314e-75,1.2599346649410623e-10,0.0,0.00013306850196334252,0.999866931372043,0.0,0.0,2,1,False,2.8165882568378633,-0.700255549275794,0.0994,0.5888888888888889,0.6158013631157012,1.43749,7.4,3.2347491740244907,11.308358299228955,25.0,3.7836
25-1126,"Philosophy and religion teachers, postsecondary",27.3,27.5,0.7,2.0,78050.0,Doctoral or professional degree,28.2,30.6,8.6,2.7,both_vintages,-7.899999999999999,1.363522,0.25,0.5113636363636364,0.7727272727272727,0.3636363636363636,0.5909090909090909,0.8181818181818182,0.2197,22.0,3.926363636363636,0.8011207473840319,0.2727272727272727,0.5227272727272727,0.7727272727272727,0,0.30268835898165586,4,0.999931794826036,1.301163051533996e-78,7.171533610177242e-10,0.0,6.820445681060914e-05,0.999931794826036,0.0,0.0,2,1,False,2.949261008229504,-0.7050440658675861,0.2197,0.5909090909090909,0.5884091085794275,1.363522,8.6,3.4210000089583352,11.265104925943579,22.0,3.926363636363636
25-1192,"Family and consumer sciences teachers, postsecondary",3.2,3.3,3.4,0.2,77280.0,Doctoral or professional degree,3.4,3.6,6.6,0.3,both_vintages,-3.2,1.211652,0.2,0.5375,0.875,0.4,0.65,0.9,0.0,23.0,4.086956521739131,0.6842392844964641,0.217391304347826,0.5434782608695652,0.8695652173913043,0,0.16242383848847802,4,0.9999999834315664,9.755619490731926e-48,1.4284621651984381e-08,0.0,2.2838115939971353e-09,0.9999999834315664,0.0,0.0,2,1,False,1.8563740393651522,-1.748669374619042,0.0,0.65,0.5213139986572826,1.211652,6.6,1.2809338454620642,11.255190468886399,23.0,4.086956521739131
25-1193,"Recreation and fitness studies teachers, postsecondary",15.4,15.7,2.4,1.1,75890.0,Doctoral or professional degree,17.1,18.4,7.1,1.6,both_vintages,-4.699999999999999,1.16489,0.2790697674418604,0.5581395348837209,0.8372093023255813,0.3720930232558139,0.6162790697674418,0.8604651162790697,0.1138,23.0,3.857391304347826,0.9836324868842148,0.2608695652173913,0.5434782608695652,0.8260869565217391,0,0.26030731449242706,4,0.9999355681794565,1.4744431427694863e-93,7.478027865961757e-14,0.0,6.443182046885821e-05,0.9999355681794565,0.0,0.0,2,1,False,2.7475581106945812,-0.8138116370394771,0.1138,0.6162790697674418,0.6849297532383,1.16489,7.1,2.91235066461494,11.237040202397958,23.0,3.857391304347826
25-1194,"Career/technical education teachers, postsecondary",122.2,123.0,0.7,8.8,61490.0,Bachelor's degree,118.8,120.9,1.8,10.2,both_vintages,-1.1,0.1622185,0.1282051282051282,0.4871794871794871,0.8461538461538461,0.2051282051282051,0.4487179487179487,0.6923076923076923,0.1563,20.0,4.0515,0.3339030191981394,0.15,0.5,0.85,0,0.05730836103083903,4,0.9527603218719228,1.7229158900344523e-15,0.04723954048143185,0.0,1.3764664428782618e-07,0.9527603218719228,0.0,0.0,2,0,False,1.0233663699390994,0.02001700271170716,0.1563,0.4487179487179487,0.28810924559894374,0.1622185,1.8,4.794963757620747,11.026629838947516,20.0,4.0515
25-2011,"Preschool teachers, except special education",555.1,578.1,4.1,65.5,37120.0,Associate's degree,483.1,556.0,15.1,63.1,both_vintages,-11.0,0.0306372,0.0606060606060606,0.2272727272727273,0.3939393939393939,0.1515151515151515,0.3106060606060606,0.4696969696969697,0.0,34.0,4.195,0.191344609279032,0.0606060606060606,0.2272727272727272,0.3939393939393939,1,0.21291924940392612,0,0.8981874978790267,0.8981874978790267,0.00028616686673189597,9.01524409441967e-108,3.6649702157086e-14,0.10152633525420446,3.8841036389105976e-174,0.0,1,0,False,-0.052216794553200316,1.8732212861435347,0.0,0.3106060606060606,0.17508259300393553,0.0306372,15.1,6.320768294250582,10.521911186900137,34.0,4.195
25-2012,"Kindergarten teachers, except special education",117.2,115.2,-1.6,12.8,61430.0,Bachelor's degree,124.8,130.1,4.3,14.2,both_vintages,-5.9,0.3644047,0.0547945205479452,0.2328767123287671,0.410958904109589,0.136986301369863,0.2945205479452054,0.4520547945205479,0.0,37.0,4.173513513513513,0.0866853731784769,0.0555555555555555,0.2361111111111111,0.4166666666666667,1,0.21266341567599745,0,0.9977025977672003,0.9977025977672003,0.0021605698683501546,1.2251497191328286e-19,2.9062309509281267e-11,0.00013683233538718846,6.177729078515987e-35,0.0,1,0,False,0.0323279231318351,0.509257727926446,0.0,0.2945205479452054,0.08313212114375783,0.3644047,4.3,4.86830338551846,11.025653594157973,37.0,4.173513513513513
25-2021,"Elementary school teachers, except special education",1422.7,1394.8,-2.0,91.0,62340.0,Bachelor's degree,1362.3,1417.1,4.0,106.1,both_vintages,-6.0,0.8869491,0.054054054054054,0.3108108108108108,0.5675675675675675,0.1351351351351351,0.3108108108108108,0.4864864864864865,0.103,38.0,4.135526315789474,0.3063773319803288,0.054054054054054,0.3108108108108108,0.5675675675675675,0,0.04644188633323616,1,0.8913776048343506,7.82982739534306e-12,0.8913776048343506,0.0,1.3461158836814143e-05,0.10860893399898286,0.0,0.0,2,-1,True,1.2333192681807605,1.410239574130374,0.103,0.3108108108108108,0.2672579110082153,0.8869491,4.0,7.2563678088308246,11.040358553321328,38.0,4.135526315789474
25-2022,"Middle school teachers, except special and career/technical education",633.7,621.3,-2.0,40.5,62970.0,Bachelor's degree,606.5,631.5,4.1,47.3,both_vintages,-6.1,1.286445,0.072463768115942,0.3478260869565217,0.6231884057971014,0.2028985507246377,0.3405797101449275,0.4782608695652174,0.2972,35.0,3.8017142857142856,0.3280486752749479,0.088235294117647,0.3676470588235294,0.6470588235294118,0,0.23584349452273495,1,0.9359921074438894,4.360347900800964e-32,0.9359921074438894,0.0,6.917001828870158e-05,0.06393872253782257,0.0,0.0,2,-1,True,2.336722769560058,1.0715907820511072,0.2972,0.3405797101449275,0.2837107034510197,1.286445,4.1,6.448097941790546,11.050413701482789,35.0,3.8017142857142856
25-2023,"Career/technical education teachers, middle school",14.0,13.8,-2.0,0.9,63620.0,Bachelor's degree,11.9,12.3,3.4,0.9,both_vintages,-5.4,0.5199191,0.1935483870967742,0.3225806451612903,0.4516129032258064,0.1612903225806451,0.3387096774193548,0.5161290322580645,0.0,31.0,4.067096774193549,0.3035015139127963,0.2,0.3333333333333333,0.4666666666666667,0,-0.1073871776893993,1,0.7046174225857453,3.2877036234294645e-09,0.7046174225857453,5.095741198109348e-275,1.2395634621262347e-12,0.29538257412531177,0.0,0.0,1,0,False,0.3672271675776277,-0.6282807624360319,0.0,0.3387096774193548,0.265054115812146,0.5199191,3.4,2.509599262378372,11.060683165303136,31.0,4.067096774193549
25-2031,"Secondary school teachers, except special and career/technical education",1094.5,1076.7,-1.6,66.2,64580.0,Bachelor's degree,1058.3,1107.0,4.6,77.9,both_vintages,-6.199999999999999,1.191325,0.0317460317460317,0.3333333333333333,0.6349206349206349,0.1587301587301587,0.3412698412698413,0.5238095238095237,0.2901,32.0,3.68375,0.329281168732462,0.032258064516129,0.3387096774193548,0.6451612903225806,0,0.22961209119437162,1,0.7759665068480399,5.355527443503902e-31,0.7759665068480399,0.0,0.00046225234374009283,0.2235712408082208,0.0,0.0,2,-1,True,2.4165856486065276,1.325744806769375,0.2901,0.3412698412698413,0.28463832148735113,1.191325,4.6,7.009408932708637,11.075660044312267,32.0,3.68375
25-2032,"Career/technical education teachers, secondary school",103.4,101.5,-1.8,6.2,63910.0,Bachelor's degree,84.4,87.2,3.3,6.1,both_vintages,-5.1,0.3734505,0.1515151515151515,0.3333333333333333,0.5151515151515151,0.1212121212121212,0.3333333333333333,0.5454545454545454,0.0,33.0,3.914545454545455,0.1637162142730951,0.15625,0.34375,0.53125,0,-0.10470505298815427,1,0.8664394950431256,0.11637083078299801,0.8664394950431256,1.663099933976644e-81,2.0998947076326398e-08,0.017189653174930063,3.5273823550619995e-139,0.0,2,0,False,0.4177377901396837,0.3259637324620654,0.0,0.3333333333333333,0.15161851741378493,0.3734505,3.3,4.468204330914934,11.065231122644327,33.0,3.914545454545455
25-2051,"Special education teachers, preschool",29.3,29.7,1.4,2.1,62190.0,Bachelor's degree,22.0,23.9,8.3,1.9,both_vintages,-6.9,0.3750564,0.1142857142857142,0.1999999999999999,0.2857142857142857,0.1714285714285714,0.3071428571428571,0.4428571428571428,0.0058,36.0,4.2444444444444445,0.0681979713157686,0.1142857142857142,0.1857142857142857,0.2571428571428571,1,0.23316282713346184,0,0.9999621420364675,0.9999621420364675,1.4735587490343673e-05,0.0,3.1547721632540585e-15,2.3122376038566154e-05,1.2142550422802365e-21,0.0,1,0,False,-0.10612111618432335,-0.137790860736887,0.0058,0.3071428571428571,0.06597308976030708,0.3750564,8.3,3.173878458937465,11.037949494097935,36.0,4.2444444444444445
25-2057,"Special education teachers, middle school",94.8,93.0,-1.9,6.3,64880.0,Bachelor's degree,79.4,82.2,3.5,6.2,both_vintages,-5.4,,0.0779220779220779,0.3051948051948052,0.5324675324675325,0.1298701298701298,0.3051948051948052,0.4805194805194805,0.134,40.0,3.99375,0.1874417133302378,0.0769230769230769,0.2948717948717949,0.5128205128205128,0,-0.10136225618709102,1,0.999972728071919,1.2731968134261485e-05,0.999972728071919,0.0,1.6219423875156644e-10,1.4539797752051498e-05,5.926459416121623e-216,0.0,2,0,False,0.5882044510522482,0.600701498018166,0.134,0.3051948051948052,0.17180117221064556,-0.1260282,3.5,4.409155302062135,11.080294688789294,40.0,3.99375
25-2058,"Special education teachers, secondary school",164.2,161.5,-1.6,11.1,69590.0,Bachelor's degree,147.2,153.4,4.2,11.6,both_vintages,-5.800000000000001,,0.1025641025641025,0.3012820512820512,0.5,0.1538461538461538,0.2948717948717949,0.4358974358974359,0.0989,40.0,3.9205,0.1746032398144681,0.1025641025641025,0.2948717948717949,0.4871794871794871,0,-0.09407190764899835,1,0.9985539237539691,0.0014173503524740922,0.9985539237539691,0.0,1.720736939601248e-08,2.8708686188153357e-05,3.360848308280964e-179,0.0,2,0,False,0.613585449357621,0.8836218871382253,0.0989,0.2948717948717949,0.16093042233035837,-0.1260282,4.2,5.0330488889331555,11.150376157838895,40.0,3.9205
25-2059,"Special education teachers, all other",41.0,41.5,1.1,2.9,67430.0,Bachelor's degree,39.5,42.2,6.8,3.2,both_vintages,-5.699999999999999,-0.6632917,0.3,0.475,0.65,0.2,0.25,0.3,0.0257,20.0,4.2245,0.0178711551339513,0.3,0.475,0.65,1,0.41855879484076947,5,0.9512043918719537,0.03889323503230634,0.00989995943565319,0.0,4.870988127748384e-18,2.4136600865765543e-06,0.9512043918719537,0.0,1,0,False,-0.855216824049798,-0.08423134741338067,0.0257,0.25,0.017713343452035003,-0.6632917,6.8,3.742420221041966,11.118845301728628,20.0,4.2245
25-3011,"Adult basic education, adult secondary education, and english as a second language instructors",40.9,35.3,-13.7,3.9,59950.0,Bachelor's degree,44.9,42.1,-6.2,4.7,both_vintages,-7.499999999999999,1.348951,0.1764705882352941,0.4044117647058823,0.6323529411764706,0.2205882352941176,0.4264705882352941,0.6323529411764706,0.0636,37.0,3.677297297297297,0.350233557510198,0.1388888888888889,0.3888888888888889,0.6388888888888888,0,0.17820599598053002,1,0.9274655568270265,1.1690936214043776e-14,0.9274655568270265,0.0,1.9180060941221422e-05,0.07251526311202068,0.0,0.0,2,-1,True,1.597361111382457,-0.33349935205435466,0.0636,0.4264705882352941,0.30027758304971114,1.348951,-6.2,3.7400477406883357,11.00126616045566,37.0,3.677297297297297
25-3021,Self-enrichment teachers,417.5,433.0,3.7,51.4,45590.0,High school diploma or equivalent,347.1,408.3,17.6,49.0,both_vintages,-13.900000000000002,0.526352,0.16,0.36,0.56,0.2,0.38,0.56,0.0662,30.0,3.759666666666667,0.3993278802345019,0.1666666666666666,0.3666666666666666,0.5666666666666667,0,0.06105360753195954,4,0.9947807339298547,1.406794212526581e-15,0.005216365571618397,0.0,2.9004985258484374e-06,0.9947807339298547,0.0,0.0,2,-1,True,1.3423039840412174,1.7109889966236813,0.0662,0.38,0.3359920357964654,0.526352,17.6,6.01200219832553,10.727443673207487,30.0,3.759666666666667
25-3031,"Substitute teachers, short-term",510.1,518.5,1.6,61.1,38470.0,Bachelor's degree,400.4,433.2,8.2,50.6,both_vintages,-6.6,,0.2777777777777778,0.3611111111111111,0.4444444444444444,0.0,0.0833333333333333,0.1666666666666666,,18.0,4.2283333333333335,0.0,0.2941176470588235,0.3823529411764705,0.4705882352941176,1,0.4022435756919962,6,0.9915659025718322,4.272730126381905e-08,1.761320088206727e-10,0.008432159066928454,2.8564079578507815e-31,1.1667614408990583e-09,1.8942910447101903e-06,0.9915659025718322,1,0,False,-1.302544752229693,1.2437086510130753,0.0,0.0833333333333333,0.0,-0.1260282,8.2,6.071199515126835,10.557633995746341,18.0,4.2283333333333335
25-3041,Tutors,215.5,216.8,0.6,37.1,40090.0,"Some college, no degree",203.4,232.9,14.5,35.0,both_vintages,-13.9,,0.1714285714285714,0.5428571428571428,0.9142857142857144,0.1714285714285714,0.3714285714285714,0.5714285714285714,0.4077,19.0,3.9363157894736847,2.1056123643743656,0.1578947368421052,0.5263157894736842,0.8947368421052632,0,0.12422851130250141,4,0.9999999601758461,3.586377e-317,2.5423769098106154e-46,0.0,3.982415544581729e-08,0.9999999601758461,0.0,0.0,2,-1,True,3.027827543256277,1.5056711141907404,0.4077,0.3714285714285714,1.1332109147404887,-0.1260282,14.5,5.450609176890295,10.598882205636553,19.0,3.9363157894736847
25-4011,Archivists,9.3,9.7,3.8,1.1,61570.0,Master's degree,8.0,8.7,8.9,1.1,both_vintages,-5.1000000000000005,0.6765602,0.0769230769230769,0.5,0.9230769230769232,0.2307692307692307,0.5,0.7692307692307693,0.1348,13.0,4.22076923076923,0.8836978090374632,0.0769230769230769,0.5,0.9230769230769232,0,0.10661858995251731,4,0.9999999999457394,4.66037143809132e-80,5.805826062476853e-12,0.0,4.8454287074033496e-11,0.9999999999457394,0.0,0.0,2,-1,True,1.5710239368716932,-1.1704686606169512,0.1348,0.5,0.6332367646888675,0.6765602,8.9,2.163323025660538,11.027930017905256,13.0,4.22076923076923
25-4012,Curators,15.1,16.2,7.0,1.8,61770.0,Master's degree,12.9,14.7,14.4,1.8,both_vintages,-7.4,0.7366658,0.1481481481481481,0.5,0.8518518518518519,0.2592592592592592,0.5185185185185185,0.7777777777777777,0.4123,15.0,3.657333333333333,0.1804575837376593,0.1333333333333333,0.5,0.8666666666666667,0,0.22068563728384913,4,0.515960660925129,1.4647326806928435e-34,0.48403731564315994,0.0,2.0234317116535278e-06,0.515960660925129,0.0,0.0,2,-1,True,2.3367820155925187,-0.5333551864270194,0.4123,0.5185185185185185,0.1659021461377692,0.7366658,14.4,2.6878474937846906,11.031173088689945,15.0,3.657333333333333
25-4013,Museum technicians and conservators,15.7,16.5,5.4,1.9,47460.0,Bachelor's degree,12.7,14.3,12.7,1.8,both_vintages,-7.299999999999999,-0.0912107,0.0526315789473684,0.2368421052631578,0.4210526315789473,0.1052631578947368,0.2368421052631578,0.3684210526315789,0.0,24.0,3.80375,0.041288530826715,0.0416666666666666,0.2708333333333333,0.5,1,0.2864954521056353,0,0.7526406530053336,0.7526406530053336,0.0004309157239895949,0.24688210422045945,3.480539406258913e-21,4.63268648183949e-05,1.8539929815497133e-10,0.0,1,0,False,-0.47670404989999077,0.1532152802802504,0.0,0.2368421052631578,0.040458918209674205,-0.0912107,12.7,2.6602595372658615,10.767642529989754,24.0,3.80375
25-4022,Librarians and media collections specialists,142.1,144.5,1.7,13.5,64320.0,Master's degree,138.4,146.4,5.8,14.9,both_vintages,-4.1,,0.1578947368421052,0.5350877192982456,0.912280701754386,0.2631578947368421,0.5,0.7368421052631579,0.2032,30.0,3.807142857142857,0.5289451088497136,0.1666666666666666,0.5333333333333333,0.9,0,0.17905906190173043,4,0.9991407279402367,6.953038949045361e-38,0.0006419159649078893,0.0,0.00021735609485524783,0.9991407279402367,0.0,0.0,2,-1,True,1.8470025009009468,0.7027326582553435,0.2032,0.5,0.4245780262696152,-0.1260282,5.8,4.986342601527212,11.071625903852848,30.0,3.807142857142857
25-4031,Library technicians,78.6,73.2,-6.8,13.0,39970.0,Postsecondary nondegree award,78.2,74.9,-4.2,10.7,both_vintages,-2.6,0.037965,0.3846153846153846,0.5673076923076923,0.75,0.2692307692307693,0.5288461538461539,0.7884615384615385,0.054,31.0,3.670322580645162,0.2419795488252278,0.3870967741935484,0.5645161290322581,0.7419354838709677,0,0.014286066000954976,1,0.9137171526513291,0.00034012126252631376,0.9137171526513291,0.0,2.932185108471877e-09,0.08594272315395933,3.788254066177491e-277,0.0,2,-1,True,0.768444923108495,0.3762474461270362,0.054,0.5288461538461539,0.21670651705142238,0.037965,-4.2,4.316153890523174,10.59588445170537,31.0,3.670322580645162
25-9021,Farm and home management educators,12.4,12.1,-2.5,1.1,58120.0,Master's degree,13.1,13.2,0.5,1.2,both_vintages,-3.0,0.8604031,0.074074074074074,0.3703703703703703,0.6666666666666666,0.3703703703703703,0.537037037037037,0.7037037037037037,0.0,15.0,3.773333333333333,0.0563865756812605,0.0666666666666666,0.3666666666666666,0.6666666666666666,0,0.04769116560253694,0,0.6964943922648873,0.6964943922648873,0.20481108091443884,1.4808910169335066e-06,3.3575213540783394e-08,0.09869301235387645,5.662280568721857e-13,0.0,2,0,False,0.6044905069787615,-1.1957176527154343,0.0,0.537037037037037,0.05485419375053745,0.8604031,0.5,2.580216829592325,10.97026511768422,15.0,3.773333333333333
25-9031,Instructional coordinators,232.6,235.5,1.3,21.9,74720.0,Master's degree,205.7,220.8,7.3,20.9,both_vintages,-6.0,1.301855,0.175,0.4875,0.8,0.275,0.525,0.775,0.3043,30.0,3.8461538461538463,1.3231844344292931,0.2,0.5333333333333333,0.8666666666666667,0,0.27610940539174794,4,0.9689887315952805,6.771873372126065e-172,8.083610145823974e-21,0.0,0.031011268404719274,0.9689887315952805,0.0,0.0,2,-1,True,3.7770861595985896,0.4951424467293873,0.3043,0.525,0.8429388455696328,1.301855,7.3,5.39725731440294,11.221503072902724,30.0,3.8461538461538463
25-9044,"Teaching assistants, postsecondary",193.6,199.6,3.1,24.6,44930.0,Bachelor's degree,155.8,168.3,8.0,20.1,both_vintages,-4.9,,0.3333333333333333,0.5303030303030303,0.7272727272727273,0.1818181818181818,0.3636363636363636,0.5454545454545454,0.1002,20.0,3.7405,0.3002148646927597,0.3,0.5,0.7,0,-0.06337036764432007,1,0.6509072917707209,2.2153906872647603e-09,0.6509072917707209,0.0,2.1616865837390603e-10,0.3490927057977203,0.0,0.0,2,0,False,0.6420982650696394,0.9418777509722821,0.1002,0.3636363636363636,0.2625295313430607,-0.1260282,8.0,5.12574810119676,10.712861002064205,20.0,3.7405
27-1011,Art directors,135.0,140.7,4.2,12.3,111040.0,Bachelor's degree,121.5,126.2,3.8,13.4,both_vintages,0.4000000000000003,1.02251,0.0689655172413793,0.5,0.9310344827586208,0.0689655172413793,0.4310344827586206,0.7931034482758621,0.2098,16.0,4.1293750000000005,0.3043231762178058,0.0625,0.5,0.9375,0,0.2152503237614979,1,0.8472711149073057,1.455301713700254e-17,0.8472711149073057,0.0,0.0028798666570230146,0.1498490184356713,0.0,0.0,2,0,False,1.8380527482585527,-0.6964520315902056,0.2098,0.4310344827586206,0.26568426732141626,1.02251,3.8,4.837867950107113,11.617645775740632,16.0,4.1293750000000005
27-1012,Craft artists,11.6,11.9,2.1,1.0,38480.0,No formal educational credential,10.7,11.2,5.1,1.2,both_vintages,-3.0,-0.9295284,0.0,0.2586206896551724,0.5172413793103449,0.0689655172413793,0.2241379310344827,0.3793103448275862,0.0539,16.0,3.87875,0.3499254341458203,0.0,0.2666666666666666,0.5333333333333333,1,0.3131684792664103,1,0.9826054851298531,3.158724305866487e-11,0.9826054851298531,0.0,9.759117254125503e-27,0.01739451483855917,0.0,0.0,1,0,False,-0.7113523939777305,0.003456547668847428,0.0539,0.2241379310344827,0.30004935695882734,-0.9295284,5.1,2.4159137783010487,10.557893904779643,16.0,3.87875
27-1013,"Fine artists, including painters, sculptors, and illustrators",26.5,26.2,-1.2,2.2,60560.0,Bachelor's degree,27.1,28.8,6.4,3.1,both_vintages,-7.6,-0.5690498,0.0,0.425,0.8500000000000001,0.05,0.3125,0.5750000000000001,0.3565,28.0,3.631071428571429,0.4778993381510127,0.0,0.3928571428571428,0.7857142857142857,0,0.09074269859324259,4,0.9998641854417023,3.0112503251882566e-55,0.00013581452777353665,0.0,3.0524600780516764e-11,0.9998641854417023,0.0,0.0,2,-1,True,1.565559229157136,0.4304091153341312,0.3565,0.3125,0.3906217134075925,-0.5690498,6.4,3.3603753871419,11.01138988811133,28.0,3.631071428571429
27-1014,Special effects artists and animators,57.1,58.0,1.6,5.0,99800.0,Bachelor's degree,58.9,62.1,5.4,6.7,both_vintages,-3.8,0.7058651,0.05,0.525,1.0,0.05,0.475,0.9,0.3571,13.0,3.7,0.7157705754511949,0.0769230769230769,0.5384615384615384,1.0,0,0.2797789799235202,4,0.9823519795837901,3.1547846590180003e-87,5.542025505096246e-13,0.0,0.017648020415655406,0.9823519795837901,0.0,0.0,2,-1,True,2.983944579649908,-0.5249377568277734,0.3571,0.475,0.5398622948379778,0.7058651,5.4,4.128745988939433,11.510923462299555,13.0,3.7
27-1021,Commercial and industrial designers,30.6,31.6,3.2,2.5,79450.0,Bachelor's degree,29.3,30.3,3.2,2.7,both_vintages,0.0,0.867039,0.0,0.4655172413793103,0.9310344827586208,0.0689655172413793,0.4137931034482758,0.7586206896551724,0.0437,17.0,3.5288235294117647,0.0263959015484224,0.0,0.4705882352941176,0.9411764705882352,0,0.10919052848157053,0,0.8096515414312294,0.8096515414312294,0.18795959477172858,0.0,1.3524408768638343e-06,0.002386230313370515,1.2810427946687536e-06,0.0,2,0,False,0.9703081794210018,-0.6819894463917477,0.0437,0.4137931034482758,0.0260535412758755,0.867039,3.2,3.4111477125153233,11.282883171964862,17.0,3.5288235294117647
27-1022,Fashion designers,25.7,26.2,2.0,2.3,80690.0,Bachelor's degree,22.4,23.0,2.5,2.3,both_vintages,-0.5,0.5801539,0.0,0.390625,0.78125,0.125,0.375,0.625,0.0568,20.0,3.832500000000001,0.0374883426660474,0.0,0.4,0.8,0,-0.0032869272228185833,0,0.844559439199884,0.844559439199884,0.14508435039247708,0.0,8.283141782130195e-09,0.010356195077973675,7.046523063239041e-09,0.0,2,0,False,0.5376431499826243,-0.8260545324992347,0.0568,0.375,0.03680273707505954,0.5801539,2.5,3.1354942159291497,11.298369930842552,20.0,3.832500000000001
27-1023,Floral designers,43.8,41.2,-5.9,5.1,36120.0,High school diploma or equivalent,44.4,35.1,-21.0,3.8,both_vintages,15.1,-0.2718452,0.0666666666666666,0.1999999999999999,0.3333333333333333,0.1,0.2666666666666666,0.4333333333333333,0.0,15.0,4.149333333333334,0.0,0.0666666666666666,0.2,0.3333333333333333,1,0.3078048047106276,2,0.6482582396202105,1.142337403825323e-06,8.737129358920493e-14,0.6482582396202105,3.5068088057140416e-32,1.3235028898092456e-07,9.034547896669715e-07,0.3517395822372197,1,0,False,-1.5631687944608803,-0.9424916753347744,0.0,0.2666666666666666,0.0,-0.2718452,-21.0,3.55820113047182,10.494602007530922,15.0,4.149333333333334
27-1024,Graphic designers,265.9,271.5,2.1,20.0,61300.0,Bachelor's degree,265.0,271.8,2.6,24.8,both_vintages,-0.5,0.7156958,0.0,0.5,1.0,0.0,0.4107142857142857,0.8214285714285714,0.3672,19.0,4.057894736842105,0.1101027488712411,0.0,0.5,1.0,0,0.16265297332811798,4,0.8211610886948457,5.2688912955001644e-24,0.1788388702613238,0.0,4.104383131114657e-08,0.8211610886948457,1.5207917257389415e-205,0.0,2,0,False,1.5885780917874102,0.16959914033305082,0.3672,0.4107142857142857,0.10445257759089163,0.7156958,2.6,5.605066501717044,11.023535121924303,19.0,4.057894736842105
27-1025,Interior designers,87.1,89.9,3.2,7.8,63490.0,Bachelor's degree,93.3,94.2,0.9,8.2,both_vintages,2.3000000000000003,1.12168,0.0,0.5,1.0,0.1379310344827586,0.3620689655172414,0.5862068965517241,0.0,16.0,4.15,0.0123249345751388,0.0,0.5,1.0,0,-0.10376240406003708,2,0.9999079030272219,2.64466998972829e-05,2.4388403562813578e-06,0.9999079030272219,6.758443856274999e-13,4.518427845280454e-05,1.8027153395932657e-05,0.0,2,0,False,0.14117036447883916,-0.5888428233720601,0.0,0.3620689655172414,0.012249600925596259,1.12168,0.9,4.545420181582317,11.058637692164496,16.0,4.15
27-1026,Merchandise displayers and window trimmers,193.0,199.3,3.2,20.8,37350.0,High school diploma or equivalent,161.6,169.1,4.6,20.1,both_vintages,-1.3999999999999997,-1.001413,0.0,0.3048780487804878,0.6097560975609756,0.0975609756097561,0.2682926829268293,0.4390243902439024,0.0,24.0,3.84375,0.0051353894063079,0.0,0.2916666666666667,0.5833333333333334,1,0.3760238948830923,2,0.9999961899203565,3.072507009131634e-07,2.5867815963229085e-06,0.9999961899203565,1.698868278250212e-26,1.8552448657130057e-09,9.141921014066371e-07,7.439637359214171e-123,1,0,False,-0.9967070183785883,1.2395943581974915,0.0,0.2682926829268293,0.0051222482648489425,-1.001413,4.6,5.130490255904535,10.528088190560963,24.0,3.84375
27-1027,Set and exhibit designers,31.3,32.0,2.3,2.5,66280.0,Bachelor's degree,27.0,28.5,5.2,2.7,both_vintages,-2.9000000000000004,-0.0519323,0.0,0.3913043478260869,0.7826086956521738,0.1521739130434782,0.358695652173913,0.5652173913043478,0.0,27.0,3.912592592592592,0.0,0.0,0.3703703703703703,0.7407407407407407,1,0.2236911248455753,2,0.9998739130507753,4.7633525276300825e-05,2.738575774895549e-05,0.9998739130507753,1.4624680476483913e-14,4.876228883175644e-07,5.967581916427659e-08,5.052036747726001e-05,1,0,False,-0.11365055236237599,-0.18823704549647893,0.0,0.358695652173913,0.0,-0.0519323,5.2,3.349904087274605,11.101643471540498,27.0,3.912592592592592
27-2011,Actors,57.0,57.1,0.3,6.3,,"Some college, no degree",50.6,54.7,8.2,7.0,both_vintages,-7.899999999999999,0.1590935,0.15625,0.1875,0.21875,0.125,0.15625,0.1875,0.1011,18.0,3.9305555555555554,1.0429975884211344,0.1666666666666666,0.1944444444444444,0.2222222222222222,0,-0.013712853721314323,4,0.9999999999999964,4.673715559410452e-110,1.8347750226775938e-16,0.0,2.7100621058219297e-15,0.9999999999999964,0.0,0.0,2,-1,True,1.002622633411095,0.3417866567942166,0.1011,0.15625,0.7144181354241835,0.1590935,8.2,4.001863709427935,11.006755652740432,18.0,3.9305555555555554
27-2012,Producers and directors,167.0,175.2,4.9,12.8,83480.0,Bachelor's degree,166.2,178.9,7.7,17.5,both_vintages,-2.8,0.9388108,0.0938352427714129,0.4695853791598472,0.8453355155482816,0.2176759410801964,0.4369885433715221,0.6563011456628478,0.092,83.0,3.837,0.1667974479168797,0.1204819277108433,0.4698795180722891,0.8192771084337349,0,0.1443061135205772,3,0.9994405848947205,0.0005594151051413539,1.3807869602732966e-13,0.0,0.9994405848947205,1.027424906458211e-34,7.947279903083273e-157,0.0,2,-1,True,2.217466563407962,1.675090980694461,0.092,0.4369885433715221,0.1542627717591913,0.9388108,7.7,5.186826990514674,11.332362361191137,83.0,3.837
27-2021,Athletes and sports competitors,19.1,20.2,5.5,2.1,62360.0,No formal educational credential,15.8,21.5,35.7,2.9,both_vintages,-30.200000000000003,-1.814336,0.0,0.0,0.0,0.0,0.0,0.0,0.0,9.0,3.931111111111112,0.0,0.0,0.0,0.0,1,0.2916534636229373,6,0.9998303931875503,2.2407434512710483e-09,2.778421706843524e-24,0.00016960234676848866,1.2247309672263482e-41,7.168296269055328e-18,2.2249377860459946e-09,0.9998303931875503,1,-1,True,-1.6969026111081895,1.1777090563193378,0.0,0.0,0.0,-1.814336,35.7,3.068052935133617,11.040679323171712,9.0,3.931111111111112
27-2022,Coaches and scouts,306.5,326.0,6.4,41.8,45920.0,Bachelor's degree,244.3,293.1,20.0,39.9,both_vintages,-13.6,0.1168668,0.0666666666666666,0.3,0.5333333333333333,0.0444444444444444,0.1444444444444444,0.2444444444444444,0.0,27.0,4.0381481481481485,0.0192063563795913,0.074074074074074,0.3148148148148148,0.5555555555555556,1,0.2872026175849857,2,0.9999678116810186,3.1585606070308154e-05,2.434901587694919e-13,0.9999678116810186,4.05045557583435e-22,8.435545541772927e-08,5.183572122506448e-07,0.0,1,0,False,-0.47231450293999305,1.6222478538143708,0.0,0.1444444444444444,0.01902424245249082,0.1168668,20.0,5.680513847716846,10.734656030993449,27.0,4.0381481481481485
27-2023,"Umpires, referees, and other sports officials",19.3,20.4,5.7,4.6,38820.0,High school diploma or equivalent,13.2,17.4,31.7,3.6,both_vintages,-26.0,-0.0325617,0.2499999999999999,0.3125,0.375,0.125,0.1666666666666666,0.2083333333333333,0.0,16.0,4.23,0.0018487401862708,0.25,0.34375,0.4375,1,0.2748228298130994,2,0.999992050333665,7.947862758928317e-06,7.81165621309717e-24,0.999992050333665,6.693693652892033e-34,1.7600183733520283e-09,4.3546666047351045e-11,1.077508279481964e-14,1,-1,True,-1.0316481103660595,0.6249309789972091,0.0,0.1666666666666666,0.001847033369449428,-0.0325617,31.7,2.856470206220483,10.566690856723001,16.0,4.23
27-2031,Dancers,12.3,12.9,4.5,1.8,,No formal educational credential,6.2,7.7,24.5,1.3,both_vintages,-20.0,-2.669758,0.0,0.0208333333333333,0.0416666666666666,0.0,0.0416666666666666,0.0833333333333333,0.0,14.0,3.994285714285714,0.0,0.0,0.0357142857142857,0.0714285714285714,1,0.35298875793900253,6,0.9986690462468114,7.964409176138789e-10,6.110609978008406e-14,0.0013309481526973907,6.053303366912796e-47,1.0643131182521293e-19,4.803989417331655e-09,0.9986690462468114,1,-1,True,-2.2692466401809424,0.6724232917039562,0.0,0.0416666666666666,0.0,-2.669758,24.5,2.0412203288596382,11.006755652740432,14.0,3.994285714285714
27-2032,Choreographers,4.6,4.9,6.1,0.7,55600.0,High school diploma or equivalent,6.3,8.1,29.7,1.4,both_vintages,-23.6,-1.575769,0.0571428571428571,0.2714285714285714,0.4857142857142857,0.1428571428571428,0.1714285714285714,0.2,0.0801,18.0,3.890555555555556,0.0845285096278277,0.0555555555555555,0.2777777777777778,0.5,1,0.2665477949885615,0,0.9999992454547599,0.9999992454547599,2.5570441309113082e-08,0.0,1.1177460625407096e-27,7.289747978347287e-07,1.2659873823598755e-39,0.0,1,-1,True,-0.8772709763055722,0.7100312523529749,0.0801,0.1714285714285714,0.08114533920835115,-1.575769,29.7,2.0918640616783932,10.925938480238674,18.0,3.890555555555556
27-2041,Music directors and composers,47.3,47.2,-0.3,4.3,63670.0,Bachelor's degree,55.8,58.5,4.9,5.8,both_vintages,-5.2,0.8829641,0.5263157894736842,0.7105263157894737,0.894736842105263,0.175438596491228,0.2807017543859649,0.3859649122807017,0.0368,30.0,3.927857142857143,0.0486834915717984,0.5,0.7,0.9,0,-0.08218835076374817,0,0.9860857907137374,0.9860857907137374,0.006522202368990059,0.0,7.541760203470992e-11,0.0073920068418546125,1.7202597023404775e-16,0.0,2,0,False,0.3994799409881982,0.003456836912842049,0.0368,0.2807017543859649,0.047535559931895344,0.8829641,4.9,4.069026754237811,11.061468773011072,30.0,3.927857142857143
27-2042,Musicians and singers,169.8,171.6,1.1,19.4,,No formal educational credential,151.3,157.7,4.2,20.8,both_vintages,-3.1,-0.0040058,0.2448979591836734,0.4081632653061224,0.5714285714285714,0.1020408163265306,0.1326530612244897,0.1632653061224489,0.0,29.0,3.903703703703704,0.0494024460886817,0.2758620689655172,0.4310344827586206,0.5862068965517241,1,0.32397333754937463,0,0.9175511205235577,0.9175511205235577,0.06739392947016914,0.013433211516765185,3.6353618417810535e-15,0.001621738489480842,2.3437711417361245e-14,0.0,1,0,False,-0.44314116678223464,0.7902976941766529,0.0,0.1326530612244897,0.04822090320799183,-0.0040058,4.2,5.060694493968993,11.006755652740432,29.0,3.903703703703704
27-3011,Broadcast announcers and radio disc jockeys,24.1,22.8,-5.5,2.3,45680.0,Bachelor's degree,25.0,22.2,-11.4,2.1,both_vintages,5.9,0.8493547,0.4,0.65,0.9,0.475,0.5375,0.6000000000000001,0.0634,24.0,3.9270833333333335,0.0185901096508343,0.4166666666666667,0.6666666666666666,0.9166666666666666,0,0.0026597606335603025,5,0.984238484065578,0.001914244828789789,9.00143664101921e-06,0.0,2.0664383775349946e-13,0.01383826966878481,0.984238484065578,0.0,2,0,False,0.4183527604694506,-1.1188015866437546,0.0634,0.5375,0.0184194256733717,0.8493547,-11.4,3.100092288878234,10.729415844329893,24.0,3.9270833333333335
27-3023,"News analysts, reporters, and journalists",49.3,47.4,-3.9,4.1,60280.0,Bachelor's degree,47.1,43.1,-8.6,4.9,both_vintages,4.699999999999999,,0.3,0.65,1.0,0.4333333333333333,0.6333333333333333,0.8333333333333334,0.2098,30.0,4.088333333333333,0.0810364448315385,0.3,0.65,1.0,0,0.06284582260124986,4,0.9933815835826065,1.615664194878851e-09,0.006618411367008063,0.0,3.4347215352647208e-09,0.9933815835826065,2.312316836660251e-49,0.0,2,-1,True,0.9606121391590041,-0.669895277133036,0.2098,0.6333333333333333,0.07792025208649012,-0.1260282,-8.6,3.763522997109702,11.006755652740432,30.0,4.088333333333333
27-3031,Public relations specialists,315.9,331.0,4.8,27.6,69780.0,Bachelor's degree,276.8,299.2,8.1,27.4,both_vintages,-3.3,1.284927,0.2424242424242424,0.5909090909090909,0.9393939393939394,0.6363636363636364,0.7878787878787878,0.9393939393939394,0.453,18.0,3.845,0.3563960247977681,0.2222222222222222,0.5833333333333334,0.9444444444444444,0,0.3119794695033585,4,0.9998404279659971,1.6394778866163253e-55,0.00010558968018532451,0.0,5.3982353817922815e-05,0.9998404279659971,0.0,0.0,2,-1,True,3.745293890472068,0.009210134467276197,0.453,0.7878787878787878,0.30483120056449764,1.284927,8.1,5.7011122461003225,11.153102714740765,18.0,3.845
27-3041,Editors,115.8,116.5,0.6,9.8,75260.0,Bachelor's degree,108.4,102.9,-5.1,10.2,both_vintages,5.699999999999999,1.128221,0.3529411764705882,0.6470588235294118,0.9411764705882352,0.5294117647058824,0.6470588235294118,0.7647058823529411,0.246,21.0,3.914761904761904,0.783455007826333,0.3333333333333333,0.6428571428571429,0.9523809523809524,0,0.288172341872627,4,0.9995237921477541,7.665928830570708e-76,2.0822126851753437e-13,0.0,0.00047620785203712947,0.9995237921477541,0.0,0.0,2,-1,True,2.926290152636949,-0.6807908610219515,0.246,0.6470588235294118,0.5785524985999978,1.128221,-5.1,4.633757642840004,11.228704064147427,21.0,3.914761904761904
27-3042,Technical writers,56.4,56.9,0.9,4.5,91670.0,Bachelor's degree,55.4,58.4,5.5,5.4,both_vintages,-4.6,1.184001,0.4666666666666667,0.7,0.9333333333333332,0.3333333333333333,0.6333333333333333,0.9333333333333332,0.4747,15.0,3.8986666666666654,1.3527642774096271,0.4666666666666667,0.7,0.9333333333333332,0,0.27068899995130624,4,0.9180529145711687,1.5536045586139668e-209,8.149027232510191e-29,0.0,0.08194708542883147,0.9180529145711687,0.0,0.0,2,-1,True,4.304366573494838,-0.7305884630327156,0.4747,0.6333333333333333,0.855590925130496,1.184001,5.5,4.067315889834181,11.42595045095582,15.0,3.8986666666666654
27-3043,Writers and authors,135.4,140.3,3.6,13.4,72270.0,Bachelor's degree,142.8,148.7,4.1,15.2,both_vintages,-0.4999999999999995,0.9879274,0.8098290598290598,0.8771367521367521,0.9444444444444444,0.641025641025641,0.7742165242165242,0.9074074074074074,0.2462,36.0,3.9904166666666665,0.7783196184200244,0.8055555555555556,0.875,0.9444444444444444,0,0.3040894793524148,4,0.9919513870136956,2.227634366003697e-70,2.821810166401994e-07,0.0,0.008048330805286961,0.9919513870136956,0.0,0.0,2,-1,True,3.4046459102193336,0.10413732719042129,0.2462,0.7742165242165242,0.5756688838272028,0.9879274,4.1,5.001930853466109,11.188164384277027,36.0,3.9904166666666665
27-3091,Interpreters and translators,75.3,76.6,1.7,6.9,59440.0,Bachelor's degree,69.4,83.4,20.2,9.2,both_vintages,-18.5,1.111319,0.88,0.88,0.88,0.8,0.84,0.88,0.4304,17.0,4.187647058823529,0.8918117242994296,0.8823529411764706,0.8823529411764706,0.8823529411764706,0,0.2493872761249779,4,0.999926988585529,5.5691496869281986e-117,2.7066358426703826e-14,0.0,7.301141444475378e-05,0.999926988585529,0.0,0.0,2,-1,True,3.9319139408125756,-0.09180284719867668,0.4304,0.84,0.6375349542084456,1.111319,20.2,4.423648309364701,10.99272267939164,17.0,4.187647058823529
27-3092,Court reporters and simultaneous captioners,17.7,17.7,-0.3,1.7,67310.0,Postsecondary nondegree award,18.5,18.7,1.4,2.0,both_vintages,-1.7,,0.9166666666666666,0.9583333333333331,1.0,0.125,0.5208333333333333,0.9166666666666666,0.3431,14.0,4.707142857142857,0.0673763090107596,0.9285714285714286,0.9642857142857144,1.0,0,-0.04673363592925026,1,0.9996484002978748,1.8904855883935453e-22,0.9996484002978748,0.0,1.4886594173390156e-19,0.0003515997021255422,3.6261884867996257e-109,0.0,2,-1,True,0.4667486428479519,-1.4334894035979526,0.3431,0.5208333333333333,0.0652035896280732,-0.1260282,1.4,2.928523523860541,11.117064093004759,14.0,4.707142857142857
27-4011,Audio and video technicians,92.3,95.4,3.3,7.3,54830.0,Postsecondary nondegree award,68.6,79.3,15.7,8.1,both_vintages,-12.4,-0.0117747,0.125,0.4375,0.75,0.125,0.3,0.475,0.0173,29.0,3.351379310344828,0.0605975949944328,0.1724137931034483,0.4827586206896552,0.7931034482758621,0,-0.050246881105116575,0,0.9952207156523492,0.9952207156523492,0.004777866545308587,0.0,3.4443776490743734e-12,1.4177988982818227e-06,5.0684694443417e-19,0.0,2,0,False,0.5631513285909122,1.2034969726973606,0.0173,0.3,0.05883251812868628,-0.0117747,15.7,4.373238128640803,10.911992768398093,29.0,3.351379310344828
27-4012,Broadcast technicians,24.8,24.2,-2.8,1.8,53920.0,Associate's degree,30.5,29.9,-2.0,2.8,both_vintages,-0.7999999999999998,0.1222249,0.2857142857142857,0.5238095238095237,0.7619047619047619,0.0952380952380952,0.2142857142857142,0.3333333333333333,0.0197,27.0,3.923333333333333,0.039131667276066,0.2962962962962963,0.5,0.7037037037037037,1,0.31169466112699745,0,0.9832262458170897,0.9832262458170897,0.016368777857100773,0.0,1.0981566363635227e-18,0.0004049687923378642,7.533471577867367e-09,0.0,1,0,False,-0.4933807870241978,-0.209179441909268,0.0197,0.2142857142857142,0.03838542908918169,0.1222249,-2.0,3.3978584803966405,10.895256745586188,27.0,3.923333333333333
27-4014,Sound engineering technicians,16.9,16.6,-1.7,1.2,66430.0,Postsecondary nondegree award,15.2,16.3,7.5,1.6,both_vintages,-9.2,0.4715462,0.074074074074074,0.4259259259259259,0.7777777777777777,0.0,0.2777777777777778,0.5555555555555556,0.0,14.0,4.2335714285714285,0.0074976685332094,0.0714285714285714,0.4285714285714285,0.7857142857142857,1,0.2848641550864568,2,0.9999806466048761,1.8268401033791917e-05,8.229768316465979e-08,0.9999806466048761,1.3221205091612692e-20,5.966389608656285e-07,4.060574461286521e-07,3.475558181267942e-258,1,0,False,-0.5110578003674024,-0.9490252347457849,0.0,0.2777777777777778,0.007469700725065025,0.4715462,7.5,2.791165107812717,11.103904040659287,14.0,4.2335714285714285
27-4015,Lighting technicians,12.1,11.5,-4.6,0.8,60560.0,Postsecondary nondegree award,5.7,6.5,14.7,0.7,both_vintages,-19.3,,0.0625,0.15625,0.25,0.0,0.09375,0.1875,,16.0,,0.0,0.0625,0.15625,0.25,1,0.3666079689505401,6,0.9962104074107794,1.0995178984297174e-07,9.751647501923213e-13,0.003789482581505812,1.734158626026972e-34,5.2950679654782285e-11,1.999252283226666e-12,0.9962104074107794,1,0,False,-1.0756051548502523,-0.4924253872970493,0.0,0.09375,0.0,-0.1260282,14.7,1.8718021769015913,11.01138988811133,16.0,4.019375
27-4021,Photographers,151.2,154.0,1.8,12.7,42520.0,High school diploma or equivalent,125.6,136.8,8.9,12.7,both_vintages,-7.1000000000000005,-0.1680973,0.0416666666666666,0.3854166666666666,0.7291666666666666,0.0208333333333333,0.21875,0.4166666666666666,0.195,28.0,3.972142857142857,0.070457542654544,0.0357142857142857,0.3928571428571428,0.75,1,0.21233195584326242,1,0.9872166543988631,0.00012522962809103874,0.9872166543988631,0.0,2.232492099698911e-18,0.012658115973045938,9.513773763317665e-61,0.0,1,0,False,0.06647663646652673,1.0614864551427727,0.195,0.21875,0.06808616703224919,-0.1680973,8.9,4.918520005188451,10.657729832455884,28.0,3.972142857142857
27-4031,"Camera operators, television, video, and film",36.4,36.9,1.2,2.9,68810.0,Bachelor's degree,33.7,36.7,8.9,3.7,both_vintages,-7.7,-0.4470009,0.0606060606060606,0.4242424242424242,0.7878787878787878,0.0303030303030303,0.1818181818181818,0.3333333333333333,0.1651,21.0,4.123333333333333,0.0035947725844155,0.0476190476190476,0.4285714285714285,0.8095238095238095,1,0.31575315921362734,1,0.9025253145182663,0.0944859300188346,0.9025253145182663,0.0,3.8857209573170273e-17,0.0029887554628345264,6.423304370004917e-14,0.0,1,0,False,-0.369809395552099,-0.000805837838311472,0.1651,0.1818181818181818,0.0035883268321723447,-0.4470009,8.9,3.6027767550605247,11.139104362196525,21.0,4.123333333333333
27-4032,Film and video editors,43.5,45.2,4.0,3.6,70980.0,Bachelor's degree,48.1,54.7,13.8,5.7,both_vintages,-9.8,0.985707,0.1111111111111111,0.5277777777777778,0.9444444444444444,0.1388888888888889,0.4722222222222222,0.8055555555555555,0.2234,22.0,4.173181818181818,0.0603921794181805,0.0909090909090909,0.5,0.9090909090909092,0,0.14120270839629107,4,0.9573779574875277,2.4884335641894685e-06,0.04261855022064029,0.0,1.0038582673986115e-06,0.9573779574875277,6.076554608018281e-55,0.0,2,0,False,1.3806104853551355,-0.3214378706150215,0.2234,0.4722222222222222,0.05863882028122595,0.985707,13.8,4.001863709427935,11.170153426200487,22.0,4.173181818181818
29-1011,Chiropractors,57.2,62.6,9.5,2.8,79000.0,Doctoral or professional degree,53.2,58.7,10.4,2.1,both_vintages,-0.9000000000000004,-0.1911757,0.1818181818181818,0.4545454545454546,0.7272727272727273,0.0909090909090909,0.3181818181818182,0.5454545454545454,0.0,11.0,4.585454545454545,0.0200280186846006,0.1818181818181818,0.4545454545454545,0.7272727272727273,1,0.2940951150742406,2,0.9999752956123692,1.6173070069202088e-05,7.619518733898324e-07,0.9999752956123692,7.55437245566719e-18,3.019640955224658e-10,7.769063724358857e-06,0.0,1,0,False,-0.7942620203835812,-0.5766678377896269,0.0,0.3181818181818182,0.01983009621753348,-0.1911757,10.4,4.072439726834051,11.27720313144916,11.0,4.585454545454545
29-1021,"Dentists, general",129.8,135.2,4.1,3.9,172790.0,Doctoral or professional degree,127.6,135.4,6.1,4.5,both_vintages,-2.0,-0.1813301,0.05,0.25,0.45,0.15,0.225,0.3,0.0309,20.0,4.2985,0.039131667276066,0.05,0.25,0.45,1,0.15940017164687212,1,0.9773871846588993,0.022610295265573916,0.9773871846588993,0.0,2.5200420922952615e-06,3.147243821880225e-11,1.962830355427657e-12,0.0,2,0,False,0.042368151143684654,-0.45226076690037076,0.0309,0.225,0.03838542908918169,-0.1813301,6.1,4.9082333604781745,12.059832263307168,20.0,4.2985
29-1022,Oral and maxillofacial surgeons,6.1,6.4,4.1,0.2,239200.0,Doctoral or professional degree,6.3,6.6,4.6,0.2,both_vintages,-0.5,-0.2389668,0.0,0.04,0.08,0.0,0.08,0.16,0.0,14.0,4.021428571428571,0.0015406168218923,0.0,0.0357142857142857,0.0714285714285714,1,0.15785119037269882,2,0.9999955683136197,4.985078369124156e-09,4.426699485473402e-06,0.9999955683136197,7.539781268584829e-19,3.1015155668422867e-16,1.8156941174599323e-12,5.72877371068419e-18,2,-1,True,-0.37573968913549477,-1.83071005269173,0.0,0.08,0.001539431289274483,-0.2389668,4.6,1.8870696490323797,12.385055301058614,14.0,4.021428571428571
29-1023,Orthodontists,5.9,6.2,4.4,0.2,239200.0,Doctoral or professional degree,6.0,6.3,4.5,0.2,both_vintages,-0.0999999999999996,0.1616631,0.0,0.3,0.6000000000000001,0.0,0.2,0.4,0.0,11.0,4.8,0.003902895948794,0.0,0.3,0.6,1,0.149206602331611,2,0.9999995341348199,2.1530061616464605e-09,4.637116002556099e-07,0.9999995341348199,1.798616374901991e-22,7.131553988917813e-26,5.740148303326496e-13,1.431967146735238e-78,2,-1,True,-0.6443823328738997,-2.629450227956701,0.0,0.2,0.0038952994096530715,0.1616631,4.5,1.840549633397487,12.385055301058614,11.0,4.8
29-1024,Prosthodontists,0.9,0.9,4.5,0.0,239200.0,Doctoral or professional degree,0.9,1.0,5.1,0.0,both_vintages,-0.5999999999999996,-0.1561403,0.0,0.0454545454545454,0.0909090909090909,0.0,0.0909090909090909,0.1818181818181818,0.0,12.0,4.381666666666667,0.0020541557625231,0.0,0.05,0.1,1,0.17019034535221025,2,0.9999998117244155,6.41018534817475e-10,1.8763456336570195e-07,0.9999998117244155,1.655056469864658e-28,1.2661533419027851e-20,2.4175672451410985e-15,1.4337534471632463e-25,2,-1,True,-0.8196887263016507,-2.8950143965285142,0.0,0.0909090909090909,0.0020520488693392394,-0.1561403,5.1,0.0,12.385055301058614,12.0,4.381666666666667
29-1031,Dietitians and nutritionists,90.9,95.9,5.5,6.2,73850.0,Bachelor's degree,74.7,79.7,6.8,5.6,both_vintages,-1.2999999999999998,1.342809,0.1463414634146341,0.5487804878048781,0.951219512195122,0.2682926829268293,0.4634146341463415,0.6585365853658537,0.1328,28.0,3.498571428571428,0.2606723662641889,0.1071428571428571,0.5178571428571429,0.9285714285714286,0,0.2714592368211646,1,0.9849192733014015,2.866315480472463e-11,0.9849192733014015,0.0,0.00042765103634901866,0.014653075633586735,0.0,0.0,2,0,False,2.2079975342815343,0.083789258059285,0.1328,0.4634146341463415,0.2316452026559176,1.342809,6.8,4.378269585796169,11.209791287959526,28.0,3.498571428571428
29-1041,Optometrists,47.8,51.6,8.0,2.4,134830.0,Doctoral or professional degree,41.4,45.4,9.6,1.7,both_vintages,-1.5999999999999996,0.5040194,0.0,0.3,0.6000000000000001,0.0,0.05,0.1,0.0,10.0,4.642,0.0120168112107604,0.0,0.3,0.6,1,0.2347757128679193,2,0.9999998918626677,1.0762746496948411e-07,5.086529621498892e-10,0.9999998918626677,2.7622698438275904e-22,2.475522999766548e-15,1.2123781976851994e-12,0.0,1,0,False,-0.8470066563638776,-1.1273454794178168,0.0,0.05,0.01194518259563856,0.5040194,9.6,3.8155121050473024,11.811770004628121,10.0,4.642
29-1051,Pharmacists,335.1,350.5,4.6,14.2,137480.0,Doctoral or professional degree,323.5,331.1,2.4,13.6,both_vintages,2.2,0.6058705,0.1142857142857142,0.4285714285714285,0.7428571428571429,0.2857142857142857,0.3999999999999999,0.5142857142857142,0.0896,20.0,4.049,0.1446125656816302,0.15,0.45,0.75,0,0.11122794455510059,1,0.9967194393272789,0.0015140502900526521,0.9967194393272789,0.0,0.0017258312040868762,4.067917858232822e-05,4.1107565403671645e-134,0.0,2,0,False,1.2900964984256835,-0.24455061689186017,0.0896,0.3999999999999999,0.13506620916223078,0.6058705,2.4,5.802420444553201,11.83123373096377,20.0,4.049
29-1071,Physician assistants,162.7,195.8,20.4,12.0,133260.0,Master's degree,139.1,177.5,27.6,12.7,both_vintages,-7.200000000000003,0.1059147,0.0,0.2708333333333333,0.5416666666666666,0.0,0.1101190476190476,0.2202380952380952,0.0,28.0,4.453928571428572,0.0394397906404446,0.0,0.25,0.5,1,0.1663996164780184,2,0.9986157029450281,0.0013842964118230565,2.134627827844038e-17,0.9986157029450281,2.987324618156887e-12,6.401609195637644e-10,2.024372347472653e-16,0.0,2,-1,True,-0.09485353500520788,0.7454038642623136,0.0,0.1101190476190476,0.038681905176604164,0.1059147,27.6,5.178970608915471,11.800057386116528,28.0,4.453928571428572
29-1081,Podiatrists,9.7,9.9,1.8,0.3,152800.0,Doctoral or professional degree,11.0,11.2,2.0,0.3,both_vintages,-0.1999999999999999,0.6279185,0.0,0.2857142857142857,0.5714285714285714,0.1904761904761904,0.2857142857142857,0.3809523809523809,0.0,11.0,4.2309090909090905,0.0,0.0,0.2727272727272727,0.5454545454545454,1,0.11676398440349152,2,0.9999757484478753,3.122690161476868e-06,1.8626583118718917e-05,0.9999757484478753,2.9307587408400614e-14,5.676384912072971e-11,3.801594726606426e-09,2.498420456652008e-06,2,0,False,0.0013360271679413993,-2.0194832687583983,0.0,0.2857142857142857,0.0,0.6279185,2.0,2.4159137783010487,11.936885155714558,11.0,4.2309090909090905
29-1122,Occupational therapists,160.0,182.1,13.8,10.2,98340.0,Master's degree,133.9,152.5,13.9,10.1,both_vintages,-0.0999999999999996,0.1151615,0.1106060606060606,0.2890151515151515,0.4674242424242424,0.1606060606060606,0.3407196969696969,0.5208333333333334,0.008,38.0,4.158157894736842,0.0526890953087187,0.1081081081081081,0.2972972972972973,0.4864864864864865,0,-0.11165564245916079,0,0.9999678988256423,0.9999678988256423,2.2855006093058614e-05,0.0,8.421693027423605e-06,8.243692364366688e-07,1.0600121239538867e-10,0.0,2,0,False,0.4892899073670939,0.6496224153335562,0.008,0.3407196969696969,0.05134793343809319,0.1151615,13.9,5.0271645960474665,11.49618614096593,38.0,4.158157894736842
29-1123,Physical therapists,267.2,296.4,10.9,13.2,101020.0,Doctoral or professional degree,238.8,279.2,16.9,15.4,both_vintages,-5.999999999999998,-0.3581922,0.0851063829787234,0.1914893617021276,0.2978723404255319,0.1276595744680851,0.3404255319148936,0.5531914893617021,0.0174,24.0,4.27125,0.0492997383005555,0.0833333333333333,0.1875,0.2916666666666667,1,0.18111899843586343,0,0.9976035102514723,0.9976035102514723,0.002362664665974237,0.0,9.72524841655331e-06,2.4063104573697432e-05,3.6729563345956375e-08,0.0,2,0,False,0.12485947783649351,0.6929680671502524,0.0174,0.3404255319148936,0.04812302577786176,-0.3581922,16.9,5.631928370888217,11.523073796022043,24.0,4.27125
29-1124,Radiation therapists,19.2,19.6,1.9,0.9,101990.0,Associate's degree,16.4,17.5,6.3,0.8,both_vintages,-4.4,-0.2189393,0.048780487804878,0.2804878048780488,0.5121951219512195,0.024390243902439,0.1707317073170731,0.3170731707317073,0.0,22.0,4.492272727272727,0.0042110193131724,0.0454545454545454,0.2727272727272727,0.5,1,0.33130952726667473,2,0.9999951032929881,4.0963641477090106e-06,9.790745134442876e-08,0.9999951032929881,1.0380846841449928e-22,3.4199463996883256e-13,7.024350707530581e-07,1.8406147046449184e-82,1,0,False,-0.9551038538214156,-0.9362764493321328,0.0,0.1707317073170731,0.004202177783887447,-0.2189393,6.3,2.8622008809294686,11.532630048244563,22.0,4.492272727272727
29-1125,Recreational therapists,16.1,16.6,3.3,1.3,60280.0,Bachelor's degree,17.6,18.2,3.6,1.5,both_vintages,-0.3000000000000002,0.2190109,0.0909090909090909,0.3181818181818182,0.5454545454545454,0.0909090909090909,0.3636363636363636,0.6363636363636364,0.0,11.0,4.443636363636364,0.0050326816181817,0.0909090909090909,0.3181818181818182,0.5454545454545454,1,0.2941440256554125,2,0.9999971308705381,1.25243703045561e-06,2.9446908343476356e-07,0.9999971308705381,2.72778379965266e-22,8.377315056094233e-08,1.2384501974473864e-06,3.246253856272781e-120,1,0,False,-0.7695771252593683,-1.1848046435972306,0.0,0.3636363636363636,0.005020060005373474,0.2190109,3.6,2.9014215940827497,11.006755652740432,11.0,4.443636363636364
29-1126,Respiratory therapists,139.6,156.4,12.1,8.8,80450.0,Associate's degree,135.8,154.2,13.6,9.4,both_vintages,-1.5,-0.1880507,0.0952380952380952,0.2023809523809523,0.3095238095238095,0.0952380952380952,0.1904761904761904,0.2857142857142857,0.0,22.0,4.460909090909091,0.0355368946916505,0.0909090909090909,0.2045454545454545,0.3181818181818182,1,0.3202545249160225,2,0.9898300066528318,0.010168976526532918,6.646409427082845e-07,0.9898300066528318,1.2261882882288188e-15,9.698643539267886e-08,2.5519325620836e-07,0.0,1,0,False,-0.6826892681931849,0.392763397194484,0.0,0.1904761904761904,0.034920031051367824,-0.1880507,13.6,5.038250461129229,11.29539115242053,22.0,4.460909090909091
29-1127,Speech-language pathologists,187.4,215.5,15.0,13.3,95410.0,Master's degree,159.8,193.9,21.3,14.0,both_vintages,-6.300000000000001,1.146267,0.1707317073170731,0.4512195121951219,0.7317073170731707,0.0975609756097561,0.3902439024390244,0.6829268292682927,0.0,23.0,4.336086956521739,0.0138655513970311,0.1818181818181818,0.4545454545454545,0.7272727272727273,0,-0.021795149149979473,2,0.9999723072378536,2.5878879090393228e-05,4.8554223300052056e-15,0.9999723072378536,2.94133511924222e-09,1.6698137096869039e-06,1.411280064249477e-07,0.0,2,-1,True,0.7644047634986451,0.1948887909466391,0.0,0.3902439024390244,0.013770304067233684,1.146267,21.3,5.267342562248606,11.465938673745892,23.0,4.336086956521739
29-1128,Exercise physiologists,23.9,26.1,9.5,1.7,58160.0,Bachelor's degree,21.4,23.4,9.1,1.7,both_vintages,0.4000000000000003,-0.0331901,0.04,0.26,0.48,0.28,0.34,0.4,0.0,25.0,4.072,0.108048593108718,0.04,0.26,0.48,1,0.2709881796996184,0,0.965812920295562,0.965812920295562,0.029099567181452533,8.490760523333904e-35,2.1687371933672272e-14,0.005087512522963396,3.471389127366984e-55,0.0,1,0,False,-0.18927739589793216,-0.14387965781511639,0.0,0.34,0.10260044395973555,-0.0331901,9.1,3.152736022363656,10.9709531122074,25.0,4.072
29-1129,"Therapists, all other",56.1,62.5,11.5,4.1,65010.0,Bachelor's degree,40.8,45.4,11.2,3.3,both_vintages,0.3000000000000007,,0.0879432624113475,0.3656028368794326,0.6432624113475177,0.125886524822695,0.4095744680851064,0.6932624113475178,0.0402,55.0,4.063454545454546,0.1788142591276403,0.0909090909090909,0.3727272727272727,0.6545454545454545,0,-0.06848571242430757,0,0.9996457444241652,0.9996457444241652,0.00035378013715316734,0.0,4.7543370658066344e-07,4.9741918159121944e-12,8.778239149419845e-148,0.0,2,0,False,0.7074774212244145,0.8880624568522288,0.0402,0.4095744680851064,0.16450906811604765,-0.1260282,11.2,3.8155121050473024,11.082296383198514,55.0,4.063454545454546
29-1131,Veterinarians,86.4,94.7,9.6,3.0,125510.0,Doctoral or professional degree,86.3,103.1,19.4,4.8,both_vintages,-9.8,-0.0749958,0.081081081081081,0.2702702702702703,0.4594594594594595,0.027027027027027,0.2297297297297297,0.4324324324324324,0.0926,21.0,4.175238095238096,0.0321475376834874,0.0952380952380952,0.2857142857142857,0.4761904761904761,1,0.13159705043799436,0,0.9998746922934801,0.9998746922934801,0.00011254863236748605,0.0,3.161589565715046e-07,1.2442914622159402e-05,5.741414161985545e-13,0.0,2,0,False,0.34853582683862344,0.2106773831669947,0.0926,0.2297297297297297,0.031641619712749855,-0.0749958,19.4,4.635699391022914,11.740140715654492,21.0,4.175238095238096
29-1141,Registered nurses,3391.0,3557.1,4.9,189.1,93600.0,Bachelor's degree,3130.6,3326.0,6.2,203.2,both_vintages,-1.2999999999999998,0.2294097,0.0694878411134568,0.3801900070372976,0.6908921729611385,0.1583704746266322,0.3349831886777699,0.5115959027289076,0.0595,137.0,4.208540145985402,0.3244539026905321,0.0661764705882353,0.3823529411764705,0.6985294117647058,0,0.04712316802950146,3,1.0,2.3456251593887945e-18,7.251073182375714e-46,0.0,1.0,5.814815499730407e-120,0.0,0.0,2,-1,True,2.394799873502442,4.21923252162394,0.0595,0.3349831886777699,0.2810002255686724,0.2294097,6.2,8.109525659752872,11.446785662465684,137.0,4.208540145985402
29-1151,Nurse anesthetists,53.8,58.5,8.6,2.7,223210.0,Master's degree,45.2,50.5,11.8,2.9,both_vintages,-3.200000000000001,0.2413191,0.0,0.1666666666666666,0.3333333333333333,0.0,0.125,0.25,0.0,24.0,4.474166666666666,0.0,0.0,0.1666666666666666,0.3333333333333333,1,0.14465036453594635,2,0.9999998632400975,6.149487989958289e-08,1.405302970508948e-08,0.9999998632400975,1.8361391761513542e-14,3.543960294986483e-18,2.8641177010746474e-11,6.118333321758014e-08,2,0,False,-0.10260661042974924,-0.8866698462751123,0.0,0.125,0.0,0.2413191,11.8,3.9219733362813143,12.315868311353057,24.0,4.474166666666666
29-1161,Nurse midwives,8.6,9.5,11.1,0.5,128790.0,Master's degree,8.1,8.7,7.5,0.5,both_vintages,3.6,0.1966265,0.1951219512195122,0.3902439024390244,0.5853658536585367,0.0975609756097561,0.2926829268292683,0.4878048780487805,0.052,21.0,4.556190476190476,0.0616246728756944,0.1904761904761904,0.3809523809523809,0.5714285714285714,1,0.17400199170376543,0,0.9521354201861314,0.9521354201861314,0.0478645610484809,0.0,2.737726358671175e-14,1.8765360818469734e-08,1.796861669551805e-24,0.0,1,0,False,-0.15671666834167355,-1.6129006617979327,0.052,0.2926829268292683,0.059800444982530836,0.1966265,7.5,2.163323025660538,11.765938449886717,21.0,4.556190476190476
29-1171,Nurse practitioners,320.4,448.8,40.1,29.5,129210.0,Master's degree,246.7,359.4,45.7,26.8,both_vintages,-5.600000000000001,0.1900572,0.037037037037037,0.4814814814814814,0.9259259259259258,0.074074074074074,0.3148148148148147,0.5555555555555556,0.0944,27.0,4.53,0.0981886454486068,0.037037037037037,0.4814814814814814,0.925925925925926,0,-0.03276594899019718,0,0.999975789690492,0.999975789690492,1.9152714871223252e-31,0.0,2.4120163114876437e-05,9.014639450625691e-08,4.03673689765456e-64,0.0,2,-1,True,1.037011126020498,1.463509676770549,0.0944,0.3148148148148147,0.09366213657098311,0.1900572,45.7,5.884435974349459,11.769194266716266,27.0,4.53
29-1181,Audiologists,15.8,17.3,9.5,0.7,92120.0,Doctoral or professional degree,14.6,16.1,10.4,0.8,both_vintages,-0.9000000000000004,0.6329063,0.1363636363636363,0.4545454545454546,0.7727272727272727,0.2272727272727273,0.4545454545454546,0.6818181818181819,0.0,22.0,4.264545454545455,0.0094491165076063,0.1363636363636363,0.4545454545454545,0.7727272727272727,0,-0.0845995295465575,2,0.9999917484066166,7.4696461046565174e-06,3.71361293270989e-08,0.9999917484066166,1.0917923396717476e-12,7.033923138152291e-07,4.141774374234632e-08,0.0,2,0,False,0.3267954448107969,-1.0862525031647043,0.0,0.4545454545454546,0.0094047528521627,0.6329063,10.4,2.7788192719904172,11.430847353934622,22.0,4.264545454545455
29-1211,Anesthesiologists,45.3,46.7,3.2,1.3,239200.0,Doctoral or professional degree,34.1,34.5,1.1,1.0,both_vintages,2.1,,0.0,0.25,0.5,0.0588235294117647,0.2941176470588235,0.5294117647058824,0.0,18.0,4.318888888888889,0.0031839414319108,0.0,0.25,0.5,1,0.11249152512662941,2,0.999716067967463,1.5504478894121456e-08,0.000283916366461368,0.999716067967463,4.9673136995521964e-11,2.2946859978984894e-19,1.1192350867412068e-10,7.352301670219425e-59,2,-1,True,0.06788857512208159,-1.5724120411199303,0.0,0.2941176470588235,0.0031788834238137666,-0.1260282,1.1,3.5409593240373143,12.385055301058614,18.0,4.318888888888889
29-1212,Cardiologists,19.4,20.2,4.1,0.6,239200.0,Doctoral or professional degree,20.3,20.9,2.8,0.6,both_vintages,1.2999999999999998,,0.0,0.3461538461538461,0.6923076923076923,0.0769230769230769,0.2307692307692307,0.3846153846153846,,25.0,,0.0160224149476806,0.0,0.34,0.68,1,0.08557872709127594,2,0.9998134124899445,1.4210795678888656e-07,0.00018644532143196563,0.9998134124899445,2.213445210711255e-11,1.6308561766056082e-15,5.853055850364717e-11,0.0,2,-1,True,0.2770233634838277,-1.2933641898651471,0.0,0.2307692307692307,0.015895410869307312,-0.1260282,2.8,3.039749158970765,12.385055301058614,25.0,4.019375
29-1213,Dermatologists,10.9,11.6,6.4,0.4,239200.0,Doctoral or professional degree,10.1,10.4,3.1,0.3,both_vintages,3.3000000000000003,,0.0,0.3823529411764705,0.7647058823529411,0.1764705882352941,0.3235294117647059,0.4705882352941176,0.0,18.0,4.286666666666666,0.0,0.0,0.3888888888888889,0.7777777777777778,1,0.10399901539297539,2,0.999797078642415,1.9181765720239808e-08,0.00020290216475713917,0.999797078642415,1.0716628810659712e-12,3.618291205285249e-18,8.793026061775645e-12,1.1975632328788766e-12,2,-1,True,0.08483921553861479,-1.99697871736128,0.0,0.3235294117647059,0.0,-0.1260282,3.1,2.341805806147327,12.385055301058614,18.0,4.286666666666666
29-1214,Emergency medicine physicians,36.1,37.1,2.7,1.0,239200.0,Doctoral or professional degree,39.5,40.8,3.3,1.3,both_vintages,-0.5999999999999996,,0.0588235294117647,0.4411764705882353,0.8235294117647058,0.1764705882352941,0.3529411764705882,0.5294117647058824,,17.0,4.762941176470588,0.0,0.0588235294117647,0.4411764705882353,0.8235294117647058,1,0.12014759378370356,2,0.9998570514181697,2.3676795756330187e-09,0.00014294621384643852,0.9998570514181697,1.8063781418400846e-13,1.4920760355621312e-25,1.1773068028245123e-13,5.7351125736729985e-15,2,-1,True,-0.16874250284253256,-1.7759995783122193,0.0,0.3529411764705882,0.0,-0.1260282,3.3,3.708682081410116,12.385055301058614,17.0,4.762941176470588
29-1215,Family medicine physicians,116.0,119.1,2.7,3.3,238380.0,Doctoral or professional degree,112.2,115.9,3.3,3.6,both_vintages,-0.5999999999999996,,0.0,0.4375,0.875,0.2083333333333333,0.375,0.5416666666666666,0.0,12.0,4.508333333333334,0.0497105694530602,0.0,0.4583333333333333,0.9166666666666666,1,0.0871574729817129,1,0.9999732181673003,2.1667582148294947e-05,0.9999732181673003,3.7047087587736537e-06,1.4095417930701308e-06,5.876513613869806e-19,3.2419591609133285e-20,0.0,2,-1,True,0.23050685273319757,-1.3182381709644686,0.0,0.375,0.04851447803155794,-0.1260282,3.3,4.752727750345706,12.3816213180367,12.0,4.508333333333334
29-1216,General internal medicine physicians,73.2,75.6,3.3,2.1,236350.0,Doctoral or professional degree,63.7,65.0,2.0,1.9,both_vintages,1.2999999999999998,,0.0,0.4571428571428571,0.9142857142857144,0.2857142857142857,0.3714285714285714,0.4571428571428571,0.084,19.0,4.106842105263158,0.0588515625962883,0.0,0.4473684210526316,0.8947368421052632,0,0.004172407219918457,1,0.9993487671884601,0.0005969369921959425,0.9993487671884601,0.0,5.4295817691964216e-05,1.6518494614042759e-12,1.118365409286758e-29,0.0,2,-1,True,0.8769531511076428,-1.161594701458529,0.084,0.3714285714285714,0.057184889274854586,-0.1260282,2.0,4.174387269895637,12.373069036221382,19.0,4.106842105263158
29-1217,Neurologists,8.3,8.8,5.4,0.3,239200.0,Doctoral or professional degree,7.8,8.0,3.0,0.2,both_vintages,2.4000000000000004,,0.0434782608695652,0.4565217391304347,0.8695652173913043,0.1304347826086956,0.3695652173913043,0.6086956521739131,0.0,24.0,4.377916666666667,0.0,0.0416666666666666,0.4375,0.8333333333333334,1,0.09269049405492198,2,0.9998297094136092,2.6610303252172596e-08,0.00017026397390153625,0.9998297094136092,7.209077863388931e-13,2.791818349123524e-19,1.4531117691378266e-12,1.2009647468354043e-14,2,-1,True,0.1609863282141087,-2.049558374811697,0.0,0.3695652173913043,0.0,-0.1260282,3.0,2.0794415416798357,12.385055301058614,24.0,4.377916666666667
29-1218,Obstetricians and gynecologists,21.5,21.7,1.2,0.6,239200.0,Doctoral or professional degree,23.6,24.0,1.7,0.7,both_vintages,-0.5,,0.0,0.3928571428571428,0.7857142857142857,0.1785714285714285,0.3035714285714285,0.4285714285714285,0.0685,15.0,4.42,0.0618300884519469,0.0,0.4,0.8,1,0.09051645757309375,1,0.999459598216749,0.0005403937034322028,0.999459598216749,0.0,8.079819571406852e-09,5.2310136403371576e-17,8.634286973700712e-34,0.0,2,-1,True,0.25401119694931557,-1.8299647205272187,0.0685,0.3035714285714285,0.05999391797817387,-0.1260282,1.7,3.1780538303479458,12.385055301058614,15.0,4.42
29-1221,"Pediatricians, general",46.4,46.8,0.8,1.2,210130.0,Doctoral or professional degree,36.8,37.2,1.1,1.1,both_vintages,-0.3,,0.0,0.4833333333333333,0.9666666666666668,0.2333333333333333,0.3666666666666667,0.5,0.0,17.0,4.201764705882353,0.0403641607335797,0.0,0.4705882352941176,0.9411764705882352,0,-0.08304054600703425,1,0.9841139006652198,0.00031792867450847786,0.9841139006652198,0.015564705643207272,3.4650147608352605e-06,1.4745383999189177e-12,8.285132131209117e-13,0.0,2,-1,True,0.31834237428062023,-1.4518866851963437,0.0,0.3666666666666667,0.039570806415002116,-0.1260282,1.1,3.616308761279101,12.255481665787716,17.0,4.201764705882353
29-1222,"Physicians, pathologists",12.6,13.1,4.2,0.4,239200.0,Doctoral or professional degree,12.1,12.6,4.5,0.4,both_vintages,-0.2999999999999998,,0.0606060606060606,0.4696969696969697,0.8787878787878788,0.0606060606060606,0.3181818181818182,0.5757575757575758,0.1577,19.0,4.099473684210526,0.0355368946916505,0.0526315789473684,0.4473684210526316,0.8421052631578947,0,-0.0034173950598885634,1,0.9999474267505556,5.23681261142589e-05,0.9999474267505556,0.0,2.051056410741983e-07,1.7688977755134315e-11,6.920632299684707e-32,0.0,2,-1,True,0.8460952600025377,-1.7103961142581308,0.1577,0.3181818181818182,0.034920031051367824,-0.1260282,4.5,2.533696813957432,12.385055301058614,19.0,4.099473684210526
29-1223,Psychiatrists,27.1,28.8,6.1,0.9,239200.0,Doctoral or professional degree,27.9,30.3,8.7,1.1,both_vintages,-2.6,,0.0869565217391304,0.4782608695652174,0.8695652173913043,0.2608695652173913,0.5217391304347826,0.7826086956521738,0.0,12.0,4.090833333333333,0.0381045893948046,0.0833333333333333,0.4583333333333333,0.8333333333333334,0,0.019026278413881822,1,0.9958657448357038,1.189897164451019e-05,0.9958657448357038,0.004112976634065722,9.379549314265222e-06,9.095835671001035e-12,1.7517156527415127e-13,0.0,2,-1,True,0.9019938593471476,-1.5400870856725473,0.0,0.5217391304347826,0.03739654016365728,-0.1260282,8.7,3.4111477125153233,12.385055301058614,12.0,4.090833333333333
29-1224,Radiologists,28.2,29.0,2.7,0.8,239200.0,Doctoral or professional degree,32.4,33.6,3.7,1.1,both_vintages,-1.0,,0.0,0.4888888888888889,0.977777777777778,0.3111111111111111,0.5111111111111112,0.7111111111111111,0.199,30.0,4.628235294117647,0.1107189955999979,0.0,0.4833333333333333,0.9666666666666668,0,0.03012564509685595,1,0.9999999700517379,5.088044225938135e-10,0.9999999700517379,0.0,2.9439457524367197e-08,4.307755037206119e-20,8.246754976298344e-107,0.0,2,-1,True,1.2898529227093267,-1.5237024790067504,0.199,0.5111111111111112,0.10500754941256768,-0.1260282,3.7,3.5145260669691587,12.385055301058614,30.0,4.628235294117647
29-1229,"Physicians, all other",340.7,349.3,2.5,9.6,239200.0,Doctoral or professional degree,280.8,287.5,2.4,8.7,both_vintages,0.1,,0.0990865528601377,0.4164495357891584,0.733812518718179,0.1162174303683737,0.3179619646600778,0.5197064989517819,0.0297,101.0,4.239504950495049,0.136087819267159,0.099009900990099,0.4158415841584158,0.7326732673267327,0,0.03506677388033382,3,0.9999597450208706,4.025497913095954e-05,1.4665495235685203e-21,0.0,0.9999597450208706,4.035688671847442e-71,5.260254203663239e-106,0.0,2,-1,True,1.7301175410195302,1.541007896307648,0.0297,0.3179619646600778,0.12759062300395016,-0.1260282,2.4,5.661222860237405,12.385055301058614,101.0,4.239504950495049
29-1241,"Ophthalmologists, except pediatric",12.5,13.1,4.3,0.3,239200.0,Doctoral or professional degree,12.0,12.8,6.4,0.4,both_vintages,-2.1000000000000005,,0.0588235294117647,0.4264705882352941,0.7941176470588235,0.1176470588235294,0.3382352941176471,0.5588235294117647,0.0,18.0,4.405555555555555,0.0518674330037096,0.0555555555555555,0.4166666666666667,0.7777777777777778,1,0.10014392760065498,1,0.9996596234665093,0.00033298553564049035,0.9996596234665093,7.384696985502961e-06,6.3008627250453925e-09,2.1917405480099874e-15,5.502944309457512e-20,0.0,2,-1,True,0.16580836968183202,-1.8625734090534671,0.0,0.3382352941176471,0.05056709212002591,-0.1260282,6.4,2.5494451709255714,12.385055301058614,18.0,4.405555555555555
29-1242,"Orthopedic surgeons, except pediatric",14.7,15.3,4.1,0.4,239200.0,Doctoral or professional degree,16.8,17.3,2.7,0.5,both_vintages,1.3999999999999997,,0.0666666666666666,0.3333333333333333,0.6,0.0666666666666666,0.2333333333333333,0.4,0.0,15.0,,0.0064705906519479,0.0666666666666666,0.3333333333333333,0.6,1,0.09797992404063814,2,0.9998705789619634,3.634250213623063e-08,0.00012938458347362588,0.9998705789619634,5.762061570074154e-12,1.5070367213722536e-15,1.0629727601455383e-10,2.7400502944625528e-201,2,-1,True,0.12616513695881698,-1.6360410271510675,0.0,0.2333333333333333,0.006449746249003169,-0.1260282,2.7,2.8507065015037334,12.385055301058614,15.0,4.019375
29-1243,Pediatric surgeons,1.1,1.1,1.5,0.0,239200.0,Doctoral or professional degree,0.9,0.9,2.2,0.0,both_vintages,-0.7000000000000002,,0.1111111111111111,0.3611111111111111,0.611111111111111,0.0555555555555555,0.2222222222222222,0.3888888888888888,0.0,18.0,,0.0041083115250463,0.1111111111111111,0.3611111111111111,0.6111111111111112,1,0.10259477972717596,2,0.9999950355432959,6.323983862578501e-09,4.958132688085005e-06,0.9999950355432959,3.477198091674434e-21,1.1597837843090584e-15,3.090947095497624e-14,1.75364537287882e-85,2,-1,True,-0.1329921525326129,-2.7812834031356353,0.0,0.2222222222222222,0.004099895455934378,-0.1260282,2.2,-0.10536051565782628,12.385055301058614,18.0,4.019375
29-1291,Acupuncturists,15.3,16.4,6.8,0.9,78140.0,Master's degree,23.7,24.6,3.9,1.7,both_vintages,2.9,,0.1666666666666666,0.1666666666666666,0.1666666666666666,0.1666666666666666,0.3055555555555555,0.4444444444444444,0.0,18.0,4.434444444444444,0.0197198953202222,0.1666666666666666,0.1666666666666666,0.1666666666666666,1,0.3279994542225625,2,0.9999157339196993,3.339636327225787e-05,1.0165949528040969e-05,0.9999157339196993,2.855574435581291e-19,4.735590736305168e-09,4.069903190966113e-05,0.0,1,0,False,-0.7438927624174617,-0.8965320025362126,0.0,0.3055555555555555,0.01952797715212689,-0.1260282,3.9,3.202746442938317,11.266257368609061,18.0,4.434444444444444
29-1292,Dental hygienists,221.6,237.2,7.0,15.3,94260.0,Associate's degree,214.0,233.1,8.9,16.3,both_vintages,-1.9000000000000004,,0.0625,0.1875,0.3125,0.0,0.09375,0.1875,0.0,16.0,4.2875,0.0095518242957326,0.0625,0.1875,0.3125,1,0.33096156280370453,2,0.9999922225750523,2.5612739426275503e-06,2.9124131074936427e-07,0.9999922225750523,3.9110471988717335e-17,1.0247918528897469e-10,4.924807215125869e-06,0.0,1,0,False,-0.7648648418850302,0.2887853280291473,0.0,0.09375,0.009506494051128196,-0.1260282,8.9,5.4514675460417115,11.453812200477723,16.0,4.2875
29-1299,"Healthcare diagnosing or treating practitioners, all other",41.3,42.2,2.0,2.4,113730.0,Master's degree,33.9,33.9,0.0,2.5,both_vintages,2.0,,0.1963141025641025,0.4963942307692307,0.796474358974359,0.1450320512820512,0.3157051282051282,0.486378205128205,0.0222,36.0,4.217222222222222,0.059981348265676,0.2,0.5,0.8,1,0.17772333246326474,0,0.854454932345822,0.854454932345822,0.14554505015100047,0.0,1.2766657233526948e-08,4.736519881639708e-09,2.9711897383410497e-16,0.0,2,0,False,0.07024193683527284,-0.5711223669204539,0.0222,0.3157051282051282,0.05825131199338742,-0.1260282,0.0,3.5234150143864045,11.64158249717849,36.0,4.217222222222222
29-2031,Cardiovascular technologists and technicians,64.7,66.6,3.0,3.8,67260.0,Associate's degree,58.1,60.8,4.6,4.1,both_vintages,-1.5999999999999996,-0.0909526,0.0857142857142857,0.3571428571428571,0.6285714285714286,0.1142857142857142,0.1714285714285714,0.2285714285714285,0.0,21.0,4.497619047619048,0.0297852585565857,0.0952380952380952,0.3809523809523809,0.6666666666666666,1,0.3868001345434667,2,0.9985438345411042,0.0014476449906502312,6.300957997816541e-06,0.9985438345411042,1.1484403612282303e-22,3.575679170673414e-08,2.183753456179789e-06,0.0,1,0,False,-1.0664785648431563,-0.25193738104214963,0.0,0.1714285714285714,0.029350293666876005,-0.0909526,4.6,4.107589788972121,11.11632098529426,21.0,4.497619047619048
29-2032,Diagnostic medical sonographers,90.0,101.7,13.0,5.8,89340.0,Associate's degree,82.3,94.4,14.7,6.0,both_vintages,-1.6999999999999993,-0.264054,0.1052631578947368,0.3026315789473684,0.5,0.131578947368421,0.2894736842105263,0.4473684210526315,0.0,20.0,4.433,0.0016433246100185,0.1,0.3,0.5,1,0.28262016623748804,2,0.9999960776202378,3.6549028135435075e-06,1.0371289689883175e-08,0.9999960776202378,6.135561484517248e-15,3.266636258179225e-10,2.567789888462003e-07,3.5906763220671036e-16,1,0,False,-0.49579785833807677,0.052673895451161516,0.0,0.2894736842105263,0.0016419758295854279,-0.264054,14.7,4.547541073151455,11.400204594906109,20.0,4.433
29-2033,Nuclear medicine technologists,20.0,20.6,3.0,0.9,97020.0,Associate's degree,18.9,19.2,1.7,1.0,both_vintages,1.3,0.0855276,0.064516129032258,0.2903225806451612,0.5161290322580645,0.1612903225806451,0.2580645161290322,0.3548387096774194,0.0513,17.0,4.554117647058824,0.044986011199257,0.0588235294117647,0.2941176470588235,0.5294117647058824,1,0.2612534587157908,0,0.9047903436010455,0.9047903436010455,0.09520950886471866,0.0,1.066093577139913e-16,1.4753214223859538e-07,2.0927231372720505e-12,0.0,1,0,False,-0.5763991299890924,-1.3447062234546778,0.0513,0.2580645161290322,0.04400349891498125,0.0855276,1.7,2.954910279033736,11.482672421799208,17.0,4.554117647058824
29-2034,Radiologic technologists and technicians,228.0,237.8,4.3,12.9,77660.0,Associate's degree,222.8,236.9,6.3,13.8,both_vintages,-2.0,-0.5559037,0.0,0.3771929824561403,0.7543859649122806,0.1052631578947368,0.2807017543859649,0.4561403508771929,0.0,30.0,4.567407407407408,0.0091409931432279,0.0,0.396551724137931,0.7931034482758621,1,0.30763149611958607,2,0.9999903820050946,2.775916339428027e-06,7.243144916557986e-07,0.9999903820050946,5.917671089398919e-17,3.589970667569755e-12,6.117760484289658e-06,0.0,1,0,False,-0.775102497952683,0.4894596857436529,0.0,0.2807017543859649,0.00909946713288929,-0.5559037,6.3,5.46763811116474,11.260095603285658,30.0,4.567407407407408
29-2035,Magnetic resonance imaging technologists,44.1,47.2,7.1,2.6,88180.0,Associate's degree,41.2,44.1,7.2,2.8,both_vintages,-0.1000000000000005,-0.0727627,0.0444444444444444,0.3222222222222222,0.6,0.1333333333333333,0.2222222222222222,0.3111111111111111,0.039,24.0,4.4425,0.0172549084051945,0.0454545454545454,0.3409090909090909,0.6363636363636364,1,0.3117713771577954,0,0.8304235715530937,0.8304235715530937,0.004019520136005685,0.0,5.149000152429135e-15,1.124004118253253e-06,0.16555578430677756,0.0,1,0,False,-0.5546133926415915,-0.4203563477214435,0.039,0.2222222222222222,0.01710773305901602,-0.0727627,7.2,3.7864597824528,11.387135458911928,24.0,4.4425
29-2036,Medical dosimetrists,4.8,4.9,3.5,0.2,138110.0,Bachelor's degree,2.7,2.8,2.6,0.1,both_vintages,0.8999999999999999,,0.15,0.45,0.75,0.1,0.3,0.5,,19.0,4.165263157894737,0.0,0.1578947368421052,0.4736842105263157,0.7894736842105263,1,0.18517686339781128,2,0.9999727925584886,9.616706159027887e-07,1.623030881574166e-05,0.9999727925584886,2.6880571427729125e-18,8.806333725593073e-12,6.884757149506701e-10,1.0014764797715361e-05,2,0,False,-0.3492430405129749,-2.044989356981478,0.0,0.3,0.0,-0.1260282,2.6,1.0296194171811581,11.835805748071975,19.0,4.165263157894737
29-2042,Emergency medical technicians,181.0,190.2,5.1,14.1,41340.0,Postsecondary nondegree award,163.4,174.8,7.0,13.9,both_vintages,-1.9000000000000004,,0.1666666666666666,0.2083333333333333,0.25,0.0,0.2083333333333333,0.4166666666666666,0.0,12.0,,0.0023622791269016,0.1818181818181818,0.1818181818181818,0.1818181818181818,1,0.38278745413997106,2,0.9999363042927774,1.5200200465397602e-05,1.6929856593587747e-06,0.9999363042927774,2.93537403427627e-23,9.577150630756151e-08,4.670674959157865e-05,7.403310837257681e-26,1,0,False,-0.9280872342582775,0.6500932686597362,0.0,0.2083333333333333,0.002359493331919229,-0.1260282,7.0,5.163642463221435,10.62958583323576,12.0,4.019375
29-2043,Paramedics,101.9,107.0,5.0,4.9,58410.0,Postsecondary nondegree award,97.6,104.1,6.6,6.0,both_vintages,-1.5999999999999996,,0.0769230769230769,0.1538461538461538,0.2307692307692307,0.0,0.1923076923076923,0.3846153846153846,0.0,13.0,,0.0023622791269016,0.0769230769230769,0.1538461538461538,0.2307692307692307,1,0.38571440804243945,2,0.9999014738049699,3.110543466795862e-05,4.151733378911193e-06,0.9999014738049699,1.5245228188078524e-19,1.1143618039349826e-07,6.315759080288562e-05,1.2633301940469763e-25,1,0,False,-0.7664366023935497,0.21808221100009823,0.0,0.1923076923076923,0.002359493331919229,-0.1260282,6.6,4.645351975620923,10.975242387034355,13.0,4.019375
29-2051,Dietetic technicians,30.9,31.7,2.5,4.0,37040.0,Associate's degree,22.0,23.0,4.7,2.5,both_vintages,-2.2,-0.1260282,0.1739130434782608,0.5434782608695652,0.9130434782608696,0.0434782608695652,0.4130434782608695,0.7826086956521738,0.2446,13.0,4.229230769230769,0.0716900361120581,0.1538461538461538,0.5384615384615384,0.9230769230769232,1,0.15366076373139573,1,0.9162393188227367,6.672385321589259e-11,0.9162393188227367,0.0,4.1789719467231916e-23,0.08376068111053922,1.1728116152201063e-65,0.0,2,0,False,-0.017487939113557522,-0.4436995772538937,0.2446,0.4130434782608695,0.0692368754201579,-0.1260282,4.7,3.1354942159291497,10.519753688760115,13.0,4.229230769230769
29-2052,Pharmacy technicians,490.4,521.8,6.4,49.0,43460.0,High school diploma or equivalent,447.3,469.7,5.0,43.5,both_vintages,1.4000000000000004,0.0070256,0.2941176470588235,0.4264705882352941,0.5588235294117647,0.2352941176470588,0.4264705882352941,0.6176470588235294,0.0735,21.0,4.446666666666666,0.0173576161933206,0.2857142857142857,0.4047619047619047,0.5238095238095238,1,0.2136247780108287,5,0.9933736116163007,8.10546943754836e-05,0.0006314382230015539,0.0,8.893516877090313e-17,0.0059138954663223815,0.9933736116163007,0.0,2,0,False,-0.27201730630861054,0.6966984246205489,0.0735,0.4264705882352941,0.017208693597665616,0.0070256,5.0,6.15209419303295,10.67959625381042,21.0,4.446666666666666
29-2053,Psychiatric technicians,144.5,173.3,20.0,15.9,42590.0,Postsecondary nondegree award,98.0,108.6,10.9,9.9,both_vintages,9.1,-0.2203484,0.0,0.12,0.24,0.16,0.34,0.52,0.0,16.0,4.24,0.0,0.0,0.1428571428571428,0.2857142857142857,1,0.35422876240341244,2,0.9986980482324432,8.811338397460153e-07,1.1794410019670303e-07,0.9986980482324432,7.608663762136129e-22,5.770026566332257e-07,7.264958014007608e-08,0.0013003030373800375,1,0,False,-0.7813997470922035,0.4573257771486496,0.0,0.34,0.0,-0.2203484,10.9,4.687671407499835,10.65937476291726,16.0,4.24
29-2055,Surgical technologists,115.6,120.8,4.5,7.0,62830.0,Postsecondary nondegree award,110.7,117.2,5.9,8.3,both_vintages,-1.4000000000000004,-0.4830476,0.0333333333333333,0.0666666666666666,0.1,0.0,0.0166666666666666,0.0333333333333333,0.0,16.0,4.644375,0.0016433246100185,0.0625,0.09375,0.125,1,0.40648012845606224,2,0.9999632908085176,2.686273476630814e-06,3.5299191570436186e-09,0.9999632908085176,3.7191639382463044e-33,4.28797494626997e-13,3.401937820504773e-05,9.452808858543357e-12,1,0,False,-1.8403708680657396,0.1254156465327881,0.0,0.0166666666666666,0.0016419758295854279,-0.4830476,5.9,4.763881877142913,11.048187945396993,16.0,4.644375
29-2056,Veterinary technologists and technicians,134.2,146.4,9.1,14.3,45980.0,Associate's degree,122.8,146.9,19.6,15.5,both_vintages,-10.500000000000002,-0.3623179,0.0655737704918032,0.1639344262295082,0.2622950819672131,0.0655737704918032,0.1475409836065573,0.2295081967213114,0.0,31.0,4.352258064516128,0.007189545168831,0.064516129032258,0.1612903225806451,0.2580645161290322,1,0.36165667689413095,2,0.9999198554217239,6.3686266713624e-05,9.524800940201105e-15,0.9999198554217239,4.060275811607184e-27,1.926406659535973e-09,1.6456385146273726e-05,2.5484281512604908e-235,1,0,False,-1.01701039533573,1.3611967270765408,0.0,0.1475409836065573,0.007163823599638124,-0.3623179,19.6,4.989752083179832,10.735961798317172,31.0,4.352258064516128
29-2057,Ophthalmic medical technicians,78.8,94.4,19.8,12.5,44080.0,Postsecondary nondegree award,67.2,77.1,14.7,8.7,both_vintages,5.100000000000001,0.078734,0.0526315789473684,0.3289473684210526,0.6052631578947368,0.0263157894736842,0.1052631578947368,0.1842105263157894,0.0,20.0,4.3625,0.0,0.05,0.325,0.6,1,0.3988045537163009,6,0.9956293866572202,6.575482834581651e-08,6.898746662538088e-15,0.004370541410927439,2.4307493027608162e-33,3.9873534623596645e-10,5.77828183173303e-09,0.9956293866572202,1,0,False,-1.2172851879221254,0.5667010933355089,0.0,0.1052631578947368,0.0,0.078734,14.7,4.345103280569283,10.693761443826796,20.0,4.3625
29-2061,Licensed practical and licensed vocational nurses,651.4,668.5,2.6,54.4,62340.0,Postsecondary nondegree award,657.2,698.5,6.3,58.8,both_vintages,-3.7,-0.5137373,0.0789473684210526,0.25,0.4210526315789473,0.0526315789473684,0.25,0.4473684210526315,0.0,22.0,4.185,0.0049299738300555,0.0909090909090909,0.25,0.4090909090909091,1,0.3321081506882387,2,0.9999792790768726,3.873370426861504e-07,2.72392707435006e-06,0.9999792790768726,1.531632232959345e-16,1.7627716360411817e-08,1.7592031293967418e-05,2.994530766397161e-113,1,0,False,-0.6426104422804996,1.1333833840774894,0.0,0.25,0.004917861302390417,-0.5137373,6.3,6.5489351786970165,11.040358553321328,22.0,4.185
29-2072,Medical records specialists,194.8,208.6,7.1,14.2,50250.0,Postsecondary nondegree award,186.4,198.7,6.6,14.9,both_vintages,0.5,,0.2352941176470588,0.6176470588235294,1.0,0.2352941176470588,0.5588235294117647,0.8823529411764706,0.6674,17.0,,0.0614192572994421,0.2352941176470588,0.6176470588235294,1.0,0,0.14013152304094814,4,0.9999999136412987,5.342445599139349e-88,8.635831987715305e-08,0.0,3.815911415865083e-13,0.9999999136412987,0.0,0.0,2,-1,True,2.30060601656254,0.4021485689030501,0.6674,0.5588235294117647,0.059606934547844395,-0.1260282,6.6,5.291796149557771,10.824765825921322,17.0,4.019375
29-2081,"Opticians, dispensing",79.9,82.2,2.9,6.8,46560.0,High school diploma or equivalent,74.8,77.5,3.7,6.7,both_vintages,-0.8000000000000003,0.1013966,0.0952380952380952,0.2857142857142857,0.4761904761904761,0.1428571428571428,0.238095238095238,0.3333333333333333,0.0,21.0,4.458571428571428,0.0,0.0952380952380952,0.2857142857142857,0.4761904761904761,1,0.3797621094587239,6,0.8422030026649193,7.686878014383784e-07,5.886311076241152e-09,0.15779338160655795,4.494362132824378e-27,4.961690272105071e-08,2.7915375075779137e-06,0.8422030026649193,1,0,False,-1.0770563311178782,-0.020899747406057916,0.0,0.238095238095238,0.0,0.1013966,3.7,4.350277936359301,10.74849708240532,21.0,4.458571428571428
29-2091,Orthotists and prosthetists,10.1,11.5,13.3,0.9,78310.0,Master's degree,11.1,13.0,16.8,1.0,both_vintages,-3.5,0.066577,0.1724137931034483,0.2758620689655172,0.3793103448275862,0.0,0.1896551724137931,0.3793103448275862,0.0,15.0,4.241333333333333,0.0017460323981446,0.2,0.3,0.4,1,0.3105458905394641,2,0.9999850744065104,1.4892123574389239e-05,4.87228583701521e-11,0.9999850744065104,9.324780229991099e-23,1.9659681969986936e-08,1.376145578924065e-08,5.458521722082523e-14,1,0,False,-0.6984681983907212,-0.6115435235647272,0.0,0.1896551724137931,0.0017445098555917008,0.066577,16.8,2.5649493574615367,11.268430587744984,15.0,4.241333333333333
29-2092,Hearing aid specialists,10.7,12.6,18.4,1.0,61560.0,High school diploma or equivalent,11.3,13.1,15.7,1.0,both_vintages,2.6999999999999997,0.5648953,0.0,0.2,0.4,0.0,0.05,0.1,0.0,11.0,4.469090909090909,0.0017460323981446,0.0,0.2272727272727272,0.4545454545454545,1,0.326269991816135,2,0.9999987462786789,1.2321817828939565e-06,3.897314565665041e-15,0.9999987462786789,9.282517503571765e-35,2.152864153248745e-08,1.0481053184072365e-11,4.117174893065258e-13,1,0,False,-1.2320391151122447,-0.7495012299166545,0.0,0.05,0.0017445098555917008,0.5648953,15.7,2.5726122302071057,11.027767587952816,11.0,4.469090909090909
29-2099,"Health technologists and technicians, all other",178.8,188.1,5.2,13.6,48790.0,Postsecondary nondegree award,148.0,157.9,6.7,11.8,both_vintages,-1.5,-0.283854,0.0636904761904761,0.4114087301587301,0.7591269841269841,0.1527777777777777,0.2751984126984126,0.3976190476190476,0.0445,60.0,4.246166666666666,0.0754902242727258,0.05,0.3916666666666666,0.7333333333333333,1,0.20632016850375193,0,0.9999999869524868,0.9999999869524868,1.3047513020751112e-08,0.0,7.26381109873929e-16,1.2189493152474014e-17,5.510939031046635e-25,0.0,2,-1,True,-0.09690113250734433,1.5813003098585459,0.0445,0.2751984126984126,0.07277658021220969,-0.283854,6.7,5.061961921261596,10.795280652809883,60.0,4.246166666666666
29-9021,Health information technologists and medical registrars,41.9,48.1,14.7,3.2,67310.0,Associate's degree,39.9,46.9,17.4,3.4,both_vintages,-2.6999999999999997,,0.3125,0.65625,1.0,0.3125,0.53125,0.75,0.3063,16.0,,0.0459103812923923,0.3125,0.65625,1.0,0,0.08939708576674209,1,0.5351003072133619,7.779250341691136e-16,0.5351003072133619,0.0,7.529313365290177e-07,0.4648989398553011,5.741278621728527e-69,0.0,2,-1,True,1.292162947520456,-0.00968888619523678,0.3063,0.53125,0.04488768443146707,-0.1260282,17.4,3.8480176754522337,11.117064093004759,16.0,4.019375
29-9091,Athletic trainers,33.9,37.6,11.1,2.4,60250.0,Master's degree,29.4,34.5,17.5,2.5,both_vintages,-6.4,-0.3311363,0.0930232558139534,0.2790697674418604,0.4651162790697674,0.3255813953488372,0.4069767441860465,0.4883720930232558,0.0531,23.0,3.866521739130435,0.0168440772526898,0.1304347826086956,0.3043478260869565,0.4782608695652174,1,0.16106552553535286,5,0.9443675096882231,0.05455500118909172,0.0006972999168351003,0.0,2.7020835261762906e-11,0.00038018917882944205,0.9443675096882231,0.0,2,0,False,0.1779625934179321,0.37531980551286465,0.0531,0.4069767441860465,0.016703788943230394,-0.3311363,17.5,3.5409593240373143,11.0062578513529,23.0,3.866521739130435
29-9092,Genetic counselors,4.0,4.3,9.3,0.3,98910.0,Master's degree,2.9,3.5,18.2,0.3,both_vintages,-8.899999999999999,1.527667,0.1052631578947368,0.5,0.894736842105263,0.3684210526315789,0.631578947368421,0.894736842105263,0.0123,19.0,4.189473684210526,0.089253067881631,0.1052631578947368,0.5,0.8947368421052632,0,0.11392306587041129,4,0.9370535388157695,0.0629464149329048,2.4739651080550692e-08,0.0,2.1511674137884744e-08,0.9370535388157695,3.2793245732885616e-36,0.0,2,-1,True,1.4073354300043572,-1.889086278572231,0.0123,0.631578947368421,0.08549220251971616,1.527667,18.2,1.252762968495368,11.501965624733886,19.0,4.189473684210526
29-9093,Surgical assistants,25.3,26.6,5.1,1.6,60290.0,Postsecondary nondegree award,18.0,19.2,6.4,1.3,both_vintages,-1.3000000000000007,,0.0,0.0392156862745098,0.0784313725490196,0.0,0.0392156862745098,0.0784313725490196,0.0,28.0,4.3525,0.0,0.0,0.0357142857142857,0.0714285714285714,1,0.4374361857962144,6,0.9940514183737418,4.326852998935434e-07,9.256947283800236e-12,0.005948146889537062,7.469580218764813e-36,4.0671101724037395e-12,2.0380973386658424e-09,0.9940514183737418,1,0,False,-1.3859101645978256,-0.20114941106009537,0.0,0.0392156862745098,0.0,-0.1260282,6.4,2.954910279033736,11.006921531483451,28.0,4.3525
29-9099,"Healthcare practitioners and technical workers, all other",41.7,43.1,3.6,2.6,64030.0,Postsecondary nondegree award,46.6,49.2,5.7,3.3,both_vintages,-2.1,0.2295568,0.1571428571428571,0.3785714285714285,0.6,0.1,0.25,0.3999999999999999,0.0,36.0,4.206388888888889,0.0512511862749526,0.1666666666666666,0.3888888888888889,0.6111111111111112,1,0.2876827077482987,0,0.999637302223464,0.999637302223464,0.0001814326578139517,0.0001668791111119158,8.175355547617968e-15,1.4386004127736892e-05,3.4741812759246494e-12,0.0,1,0,False,-0.2771157444646968,0.15131576610830483,0.0,0.25,0.04998106074666954,0.2295568,5.7,3.8958936234982624,11.067107002512849,36.0,4.206388888888889
31-1131,Nursing assistants,1441.5,1474.0,2.3,204.1,39530.0,Postsecondary nondegree award,1343.7,1406.4,4.7,212.7,both_vintages,-2.4000000000000004,,0.0508474576271186,0.1016949152542373,0.1525423728813559,0.0338983050847457,0.135593220338983,0.2372881355932203,0.0,33.0,4.266666666666667,0.0077030841094617,0.0606060606060606,0.106060606060606,0.1515151515151515,1,0.3172918504958656,2,0.9977973661389883,2.499294056194327e-06,4.913511218342594e-08,0.9977973661389883,2.5555596346006377e-24,1.2264328674148796e-07,0.0021999627885565458,3.592721736452798e-270,1,0,False,-0.9419232205361471,1.8999908849252254,0.0,0.135593220338983,0.007673566842814703,-0.1260282,4.7,7.2487885269309125,10.58481515629073,33.0,4.266666666666667
31-1132,Orderlies,54.0,55.8,3.3,7.8,37700.0,High school diploma or equivalent,46.2,48.3,4.7,7.5,both_vintages,-1.4000000000000004,,0.0,0.0,0.0,0.0,0.046875,0.09375,0.0,22.0,4.123181818181818,0.0,0.0,0.0,0.0,1,0.4674797627900243,6,0.9947312656314228,2.5233469040651277e-07,2.372188797784319e-10,0.005268469686684555,3.721368118926574e-39,1.523023076879237e-10,1.1957680890584128e-08,0.9947312656314228,1,0,False,-1.4989116450647126,0.42938144161417224,0.0,0.046875,0.0,-0.1260282,4.7,3.877431560658527,10.537415373436103,22.0,4.123181818181818
31-1133,Psychiatric aides,38.5,38.3,-0.4,5.3,41590.0,High school diploma or equivalent,41.0,42.9,4.6,6.7,both_vintages,-5.0,,0.125,0.125,0.125,0.0,0.125,0.25,0.0,17.0,4.208235294117648,0.0038001881606677,0.2,0.2,0.2,1,0.4678632080773929,2,0.9999631126493014,2.253036307483317e-05,8.508344567376363e-08,0.9999631126493014,1.0012023764172066e-32,3.689939480772806e-08,1.4235004783421345e-05,8.585844890674696e-65,1,0,False,-1.387597189916078,0.06273617215820564,0.0,0.125,0.0037929856870425856,-0.1260282,4.6,3.758871825933971,10.635615032736958,17.0,4.208235294117648
31-2011,Occupational therapy assistants,49.2,58.7,19.2,7.2,68340.0,Associate's degree,43.4,54.5,25.4,8.7,both_vintages,-6.199999999999999,-0.3153762,0.1860465116279069,0.2674418604651162,0.3488372093023256,0.1395348837209302,0.2325581395348837,0.3255813953488372,0.0,22.0,4.462727272727272,0.0190009408033392,0.1904761904761904,0.2857142857142857,0.3809523809523809,1,0.28369927472518114,2,0.9999372118918783,6.063429295144683e-05,1.4059249473894724e-16,0.9999372118918783,7.798398719616644e-21,2.4125542132739406e-09,2.1514026158382307e-06,0.0,1,0,False,-0.7139380574772987,0.5054380898452959,0.0,0.2325581395348837,0.018822677501534667,-0.3153762,25.4,3.9982007016691985,11.132250525669283,22.0,4.462727272727272
31-2012,Occupational therapy aides,5.2,5.3,2.5,0.6,37370.0,High school diploma or equivalent,3.5,4.0,13.6,0.6,both_vintages,-11.1,-0.7734322,0.2222222222222222,0.2407407407407407,0.2592592592592592,0.0,0.074074074074074,0.1481481481481481,0.0661,15.0,4.003333333333333,0.0017460323981446,0.2142857142857142,0.25,0.2857142857142857,1,0.3946866718836162,0,0.9975019034654578,0.9975019034654578,5.283033471682367e-05,0.0,8.47115911852288e-44,2.2024469593304457e-07,0.0024450459551300877,0.0,1,0,False,-1.610387548282684,-0.20458822242361582,0.0661,0.074074074074074,0.0017445098555917008,-0.7734322,13.6,1.3862943611198906,10.52862352247953,15.0,4.003333333333333
31-2021,Physical therapist assistants,111.5,136.0,22.0,19.8,65510.0,Associate's degree,96.5,122.1,26.5,17.9,both_vintages,-4.5,-0.5308535,0.1025641025641025,0.1538461538461538,0.2051282051282051,0.0,0.1025641025641025,0.2051282051282051,0.0,21.0,4.143809523809524,0.0,0.0952380952380952,0.1428571428571428,0.1904761904761904,1,0.31777067253763325,6,0.9918766853087515,2.726663309359256e-07,2.6510747934132286e-18,0.008123018112555391,5.45289404506813e-25,2.959727984637268e-11,2.3882764912840512e-08,0.9918766853087515,1,0,False,-0.8270005021944192,1.2433280519584884,0.0,0.1025641025641025,0.0,-0.5308535,26.5,4.804840381116659,11.089958081725921,21.0,4.143809523809524
31-2022,Physical therapist aides,45.6,46.9,2.8,6.6,34520.0,High school diploma or equivalent,44.2,52.6,18.8,7.6,both_vintages,-16.0,-0.8823265,0.1212121212121212,0.1818181818181818,0.2424242424242424,0.0606060606060606,0.1515151515151515,0.2424242424242424,0.0,19.0,4.0063157894736845,0.0,0.1052631578947368,0.1578947368421052,0.2105263157894736,1,0.40727859390920335,6,0.9791606766198623,2.7066356911452954e-07,1.8045142996139817e-12,0.020839033087900232,3.775448075161809e-37,2.3844133384771546e-12,1.9624479278577236e-08,0.9791606766198623,1,0,False,-1.3985409333455099,1.164301398116153,0.0,0.1515151515151515,0.0,-0.8823265,18.8,3.9627161197436642,10.449294145197364,19.0,4.0063157894736845
31-9011,Massage therapists,168.0,193.9,15.4,24.7,57950.0,Postsecondary nondegree award,149.9,179.9,20.0,25.2,both_vintages,-4.6,-1.410233,0.074074074074074,0.074074074074074,0.074074074074074,0.074074074074074,0.1851851851851851,0.2962962962962963,0.0,14.0,3.965,0.026704024912801,0.0714285714285714,0.0714285714285714,0.0714285714285714,1,0.3623321331481773,2,0.999163390764208,0.0003554156778774687,3.0620388208874235e-07,0.999163390764208,1.766580617941779e-21,7.898077839277461e-09,0.0004808794559543241,0.0,1,0,False,-1.064716250478612,1.3755919376766619,0.0,0.1851851851851851,0.026353695557428655,-1.410233,20.0,5.192401140956488,10.967335848767897,14.0,3.965
31-9091,Dental assistants,381.9,406.3,6.4,52.9,47300.0,Postsecondary nondegree award,358.6,388.7,8.4,56.4,both_vintages,-2.0,-0.5268759,0.1333333333333333,0.2666666666666666,0.4,0.0,0.1,0.2,0.0,16.0,4.30625,0.0,0.125,0.25,0.375,1,0.4304239937681829,6,0.9921395744672061,2.6538606028824336e-08,4.217349578945797e-10,0.00785859960401487,1.7700920173637522e-29,3.378987920176142e-11,1.7989346480731893e-06,0.9921395744672061,1,0,False,-1.413456871913487,1.0617619381334578,0.0,0.1,0.0,-0.5268759,8.4,5.962807837858177,10.764265574480024,16.0,4.30625
31-9092,Medical assistants,811.0,912.2,12.5,112.3,44200.0,Postsecondary nondegree award,743.5,861.3,15.8,123.0,both_vintages,-3.3000000000000007,0.1497917,0.1794871794871795,0.358974358974359,0.5384615384615384,0.0512820512820512,0.141025641025641,0.2307692307692307,0.0476,20.0,4.408,0.0049299738300555,0.2,0.375,0.55,1,0.2884292221371294,5,0.9808088976898195,0.018693698715169186,1.785198807810453e-08,0.0,1.0821073334177406e-20,0.0004973857430226815,0.9808088976898195,0.0,1,0,False,-0.7538830706142507,1.517550710050277,0.0476,0.141025641025641,0.004917861302390417,0.1497917,15.8,6.758442875795128,10.696480068065789,20.0,4.408
31-9093,Medical equipment preparers,76.5,84.2,10.0,10.9,46490.0,High school diploma or equivalent,62.6,66.4,6.0,9.5,both_vintages,4.0,-0.7308648,0.074074074074074,0.1111111111111111,0.1481481481481481,0.0,0.037037037037037,0.074074074074074,0.0,15.0,4.469333333333333,0.0,0.0666666666666666,0.1,0.1333333333333333,1,0.4799953672611009,6,0.9961337397854717,3.8181269279961746e-08,4.541250613243387e-11,0.0038658880942553284,3.4148549573835043e-41,9.807603336783033e-14,3.3389349339172717e-07,0.9961337397854717,1,0,False,-2.021674355442867,0.2454107229496817,0.0,0.037037037037037,0.0,-0.7308648,6.0,4.1956970564823886,10.74699251468463,15.0,4.469333333333333
31-9094,Medical transcriptionists,43.9,41.8,-4.9,7.4,37550.0,Postsecondary nondegree award,59.6,55.7,-6.5,9.3,both_vintages,1.5999999999999996,1.06259,0.8214285714285714,0.875,0.9285714285714284,0.1428571428571428,0.2321428571428571,0.3214285714285714,0.6365,15.0,4.559333333333333,0.0818581071365476,0.8,0.8666666666666667,0.9333333333333332,0,0.02692025756453304,4,0.9999596440743884,2.116961790573357e-76,4.035592561023934e-05,0.0,3.252941069028504e-34,0.9999596440743884,0.0,0.0,2,-1,True,1.01414060183332,-0.8402137170465024,0.6365,0.2321428571428571,0.07868003239458506,1.06259,-6.5,4.019980146933238,10.53342865719228,15.0,4.559333333333333
31-9095,Pharmacy aides,41.1,41.1,-0.1,6.1,37000.0,High school diploma or equivalent,44.6,43.3,-2.9,7.5,both_vintages,2.8,-0.1552654,0.24,0.38,0.52,0.08,0.14,0.2,0.022,14.0,4.148571428571429,0.0034920647962892,0.2857142857142857,0.4285714285714285,0.5714285714285714,1,0.44150661802108554,5,0.9088889206106008,0.0902334098490783,0.0008003084608151074,0.0,5.153693595051424e-31,7.736107950551417e-05,0.9088889206106008,0.0,1,0,False,-1.4630055476177974,-0.16758838942841883,0.022,0.14,0.0034859816956260984,-0.1552654,-2.9,3.768152635008444,10.51867319162636,14.0,4.148571428571429
31-9096,Veterinary assistants and laboratory animal caretakers,117.8,128.1,8.7,22.2,37320.0,High school diploma or equivalent,103.5,123.5,19.4,23.9,both_vintages,-10.7,-0.7735824,0.1111111111111111,0.2222222222222222,0.3333333333333333,0.1481481481481481,0.1481481481481481,0.1481481481481481,0.0179,28.0,4.205357142857143,0.0365639725729122,0.1071428571428571,0.2142857142857142,0.3214285714285714,1,0.3903029517719785,0,0.9988020237262274,0.9988020237262274,1.549281381616955e-08,0.0,1.0506700858853457e-28,2.0496235206965165e-06,0.0011959111574375886,0.0,1,0,False,-1.16924184696838,1.5706492186912697,0.0179,0.1481481481481481,0.035911370789313446,-0.7735824,19.4,4.816241156068032,10.52728465496128,28.0,4.205357142857143
31-9097,Phlebotomists,139.7,147.5,5.6,18.4,43660.0,Postsecondary nondegree award,135.5,149.4,10.2,21.5,both_vintages,-4.6,-0.2778475,0.1463414634146341,0.1829268292682926,0.2195121951219512,0.048780487804878,0.1097560975609756,0.1707317073170731,0.0,23.0,4.449565217391305,0.0048272660419294,0.1304347826086956,0.1739130434782608,0.217391304347826,1,0.42300926994521154,2,0.9999154666349672,6.9919319389722485e-06,1.687703664261435e-10,0.9999154666349672,1.1160994024700697e-31,5.243159651483199e-09,7.753602116368818e-05,2.2431838284423666e-105,1,0,False,-1.4216025518982278,0.8037431844559372,0.0,0.1097560975609756,0.004815652153765029,-0.2778475,10.2,5.006627272698717,10.684187630103935,23.0,4.449565217391305
31-9099,"Healthcare support workers, all other",109.7,113.5,3.5,14.4,46050.0,High school diploma or equivalent,112.6,120.0,6.6,17.2,both_vintages,-3.1,0.1660077,0.1995614035087719,0.3651315789473684,0.5307017543859648,0.0526315789473684,0.1052631578947368,0.1578947368421052,0.0,23.0,4.367826086956521,0.0225957133877547,0.1739130434782608,0.3260869565217391,0.4782608695652174,1,0.40756755644252884,2,0.9999509591410429,4.820804287304996e-05,7.922085811241034e-09,0.9999509591410429,1.4218413168523086e-28,3.6744902692014045e-07,4.5744497129390066e-07,0.0,1,0,False,-1.1466720029881434,0.4784514978244189,0.0,0.1052631578947368,0.022344211779124813,0.1660077,6.6,4.787491742782046,10.737483041683452,23.0,4.367826086956521
33-1011,First-line supervisors of correctional officers,57.1,55.5,-2.8,4.3,76310.0,High school diploma or equivalent,55.9,52.6,-5.9,4.3,both_vintages,3.1000000000000005,-0.5584278,0.217391304347826,0.2826086956521739,0.3478260869565217,0.217391304347826,0.2826086956521739,0.3478260869565217,0.0315,23.0,4.301304347826087,0.0016433246100185,0.217391304347826,0.2826086956521739,0.3478260869565217,1,0.3529081109106718,5,0.9681690025250613,0.0184540495994124,0.013376232299602029,0.0,2.1880859551904874e-15,7.155759218665887e-07,0.9681690025250613,0.0,1,0,False,-0.8414145615474061,-0.5758325112362948,0.0315,0.2826086956521739,0.0016419758295854279,-0.5584278,-5.9,3.9627161197436642,11.242559270283678,23.0,4.301304347826087
33-1012,First-line supervisors of police and detectives,160.8,165.4,2.9,10.9,105980.0,High school diploma or equivalent,132.3,136.1,2.8,9.3,both_vintages,0.1,-0.1923298,0.1052631578947368,0.3289473684210526,0.5526315789473684,0.1578947368421052,0.3552631578947368,0.5526315789473684,0.0,20.0,3.864,0.0022595713387754,0.1,0.325,0.55,1,0.12416505268621816,2,0.999882621032472,1.2201864317469134e-06,0.00011581351184112264,0.999882621032472,4.344565672333671e-09,2.9151770865064947e-08,3.117729185817869e-07,2.5127698497934e-31,2,0,False,0.20128385018665507,-0.07077461386539244,0.0,0.3552631578947368,0.002257022346489021,-0.1923298,2.8,4.91338990965742,11.571005676046752,20.0,3.864
33-1021,First-line supervisors of firefighting and prevention workers,97.2,100.5,3.4,6.5,92430.0,Postsecondary nondegree award,82.8,86.1,4.1,6.5,both_vintages,-0.6999999999999997,-0.593021,0.2264150943396226,0.4150943396226415,0.6037735849056604,0.320754716981132,0.4056603773584905,0.490566037735849,0.0,30.0,4.1196,0.0015406168218923,0.2333333333333333,0.4333333333333333,0.6333333333333333,1,0.22546347351670598,2,0.9998790537765301,7.254440187409683e-07,0.00012021817468043955,0.9998790537765301,8.854236727160597e-11,1.0951896900776347e-09,1.4210387468878559e-09,1.0101207667903135e-20,2,0,False,-0.09767637645173591,0.05484891958742821,0.0,0.4056603773584905,0.001539431289274483,-0.593021,4.1,4.455509411433685,11.434206880258824,30.0,4.1196
33-1091,First-line supervisors of security workers,71.9,73.8,2.7,7.0,58610.0,High school diploma or equivalent,57.5,57.9,0.6,5.6,both_vintages,2.1,,0.238095238095238,0.4047619047619047,0.5714285714285714,0.1428571428571428,0.2619047619047618,0.3809523809523809,,21.0,4.450476190476191,0.0,0.238095238095238,0.4047619047619047,0.5714285714285714,1,0.38234723634791634,2,0.6590440159535523,2.3047503063092597e-06,4.228840798693954e-07,0.6590440159535523,1.689785751765765e-23,8.689391836506922e-09,5.96923820149445e-06,0.34094727848446804,1,0,False,-1.0305262327234868,-0.36522028959637426,0.0,0.2619047619047618,0.0,-0.1260282,0.6,4.05871738457895,10.978660609470476,21.0,4.450476190476191
33-2011,Firefighters,344.9,356.7,3.4,27.1,59530.0,Postsecondary nondegree award,326.1,340.0,4.3,28.0,both_vintages,-0.8999999999999999,-1.320232,0.1052631578947368,0.1403508771929824,0.175438596491228,0.0701754385964912,0.087719298245614,0.1052631578947368,0.0,30.0,4.357777777777778,0.0,0.1071428571428571,0.1428571428571428,0.1785714285714285,1,0.43371762926333374,6,0.8828050321939377,2.7402920921565344e-07,8.4511309120168e-08,0.1171887115253915,4.1220866508993215e-28,4.894197189241234e-14,5.897740103422327e-06,0.8828050321939377,1,0,False,-1.6067970386147667,1.2598362421595384,0.0,0.087719298245614,0.0,-1.320232,4.3,5.8289456176102075,10.994235666147436,30.0,4.357777777777778
33-2021,Fire inspectors and investigators,14.7,15.2,3.8,1.5,78060.0,Postsecondary nondegree award,15.5,15.9,3.1,1.5,both_vintages,0.6999999999999997,0.062793,0.1346153846153846,0.2884615384615385,0.4423076923076923,0.25,0.3846153846153846,0.5192307692307693,0.0,30.0,4.332333333333334,0.0,0.1333333333333333,0.2833333333333333,0.4333333333333333,1,0.2424054244613311,2,0.999963422334843,2.955022993629404e-05,2.8066143097410696e-06,0.999963422334843,2.872179627738005e-16,1.5388809892524326e-08,3.930176958194313e-08,4.166130331129134e-06,1,0,False,-0.3095510955240098,-0.8584362648243898,0.0,0.3846153846153846,0.0,0.062793,3.1,2.766319109226186,11.265233040734605,30.0,4.332333333333334
33-2022,Forest fire inspectors and prevention specialists,2.9,3.3,14.6,0.3,52380.0,High school diploma or equivalent,2.9,3.4,19.4,0.3,both_vintages,-4.799999999999999,-0.2144127,0.125,0.21875,0.3125,0.25,0.375,0.5,0.0,16.0,3.97875,0.0,0.125,0.21875,0.3125,1,0.22674752996167605,2,0.999965319779025,4.464513007306318e-06,2.2918891665856646e-09,0.999965319779025,3.977425833459961e-23,1.0411155856908814e-07,6.0769271858206356e-12,3.0109298442824455e-05,2,0,False,-0.4992693075516252,-0.6685568888553782,0.0,0.375,0.0,-0.2144127,19.4,1.2237754316221157,10.866280118061702,16.0,3.97875
33-3011,Bailiffs,19.0,18.6,-2.2,1.8,57050.0,High school diploma or equivalent,16.8,16.2,-3.8,2.1,both_vintages,1.5999999999999996,-0.5103183,0.0357142857142857,0.0357142857142857,0.0357142857142857,0.0714285714285714,0.1607142857142857,0.25,0.0,15.0,4.234,0.0,0.0666666666666666,0.0666666666666666,0.0666666666666666,1,0.46169405297842114,6,0.9894151618700273,1.920077159384856e-07,8.278492172486429e-09,0.01058432257048544,1.794829844604154e-32,8.698112471969016e-12,3.152645810241755e-07,0.9894151618700273,1,0,False,-1.5228254769974896,-0.8532613028269127,0.0,0.1607142857142857,0.0,-0.5103183,-3.8,2.785011242238338,10.951683355290221,15.0,4.234
33-3012,Correctional officers and jailers,387.5,357.4,-7.8,30.1,57970.0,High school diploma or equivalent,402.2,360.6,-10.3,31.2,both_vintages,2.500000000000001,-0.8875365,0.2272727272727273,0.2613636363636363,0.2954545454545454,0.1136363636363636,0.2386363636363636,0.3636363636363636,0.0,27.0,4.1866666666666665,0.0,0.1923076923076923,0.25,0.3076923076923077,1,0.3545416046419261,2,0.8822727678682561,5.619729617384434e-08,2.0154126241613703e-08,0.8822727678682561,1.0830035188930173e-20,4.55707187221536e-10,2.466853136622523e-07,0.11772690863930053,1,0,False,-1.1340848938537518,0.5522499184760377,0.0,0.2386363636363636,0.0,-0.8875365,-10.3,5.887769310769217,10.967680914333778,27.0,4.1866666666666665
33-3021,Detectives and criminal investigators,117.9,117.1,-0.7,7.8,93580.0,High school diploma or equivalent,112.9,112.0,-0.7,8.8,both_vintages,0.0,0.2257696,0.0883861236802413,0.397410759175465,0.7064353946706888,0.0772750125691301,0.3477375565610859,0.6182001005530418,0.0374,67.0,4.146268656716418,0.056283867893134,0.09375,0.390625,0.6875,0,-0.03345324884505896,0,0.9999780905313943,0.9999780905313943,6.197964207324398e-09,0.0,2.190327064146107e-05,1.1491120663506147e-23,1.0592549131330196e-16,0.0,2,-1,True,0.7597078932344696,0.7419112481107885,0.0374,0.3477375565610859,0.05475696345272191,0.2257696,-0.7,4.718498871295094,11.446571964420206,67.0,4.146268656716418
33-3031,Fish and game wardens,7.0,6.6,-6.0,0.5,68180.0,Bachelor's degree,6.9,6.7,-3.5,0.7,both_vintages,-2.5,-0.4585168,0.0909090909090909,0.2840909090909091,0.4772727272727273,0.0454545454545454,0.1590909090909091,0.2727272727272727,0.0,24.0,3.826666666666666,0.009140993143228,0.0833333333333333,0.2708333333333333,0.4583333333333333,1,0.3400680948640284,2,0.999878092136875,0.00011810528432939473,1.8686806901644824e-06,0.999878092136875,1.629569192163073e-26,1.8114146458747344e-09,1.9320866908573793e-06,0.0,1,0,False,-0.9545763331796595,-0.8562493744591794,0.0,0.1590909090909091,0.009099467132889389,-0.4585168,-3.5,1.9021075263969205,11.129906545691894,24.0,3.826666666666666
33-3041,Parking enforcement workers,8.4,8.2,-1.5,0.7,47150.0,High school diploma or equivalent,8.6,5.4,-37.1,0.4,both_vintages,35.6,-0.6239931,0.1794871794871795,0.3205128205128205,0.4615384615384615,0.1025641025641025,0.3205128205128205,0.5384615384615384,0.0,22.0,3.929090909090909,0.001951447974397,0.1818181818181818,0.3181818181818182,0.4545454545454545,1,0.1873753421422121,2,0.9999957356998949,4.152801405606181e-06,9.108171623616815e-29,0.9999957356998949,3.2921854487578135e-31,1.6486880034830686e-09,1.0985001160706069e-07,9.677150347249194e-20,1,-1,True,-1.5139955312895605,-2.1100931435578336,0.0,0.3205128205128205,0.0019495463733137737,-0.6239931,-37.1,1.6863989535702288,10.761089288061603,22.0,3.929090909090909
33-3051,Police and sheriff's patrol officers,698.8,720.8,3.1,53.7,76290.0,High school diploma or equivalent,684.9,706.4,3.1,58.7,both_vintages,0.0,-0.6681123,0.1773399014778325,0.3511904761904761,0.5250410509031198,0.1165845648604269,0.2473316912972084,0.3780788177339901,0.1234,41.0,4.150487804878049,0.0995238466942468,0.125,0.3125,0.5,1,0.1854926174057939,1,0.9653276403801433,0.03467206345588487,0.9653276403801433,0.0,1.1298039289812249e-08,2.8486593233870354e-07,3.484792203394271e-66,0.0,1,0,False,0.1837663123767786,1.4617546070931726,0.1234,0.2473316912972084,0.09487721944892163,-0.6681123,3.1,6.56018164928975,11.242297147084274,41.0,4.150487804878049
33-3052,Transit and railroad police,3.1,3.2,3.0,0.2,82320.0,High school diploma or equivalent,3.5,3.6,3.2,0.3,both_vintages,-0.2000000000000001,-0.8205515,0.0833333333333333,0.2499999999999999,0.4166666666666666,0.25,0.4375,0.625,0.0,12.0,3.9508333333333336,0.0017460323981446,0.0833333333333333,0.25,0.4166666666666667,1,0.23143541856765998,2,0.9998068738399931,5.847694396076652e-08,0.00019305918267648625,0.9998068738399931,1.0663597575414914e-17,8.489905620841917e-09,1.0480956228147123e-11,2.8199571504229667e-24,2,0,False,-0.5654486696441228,-1.516023259231003,0.0,0.4375,0.0017445098555917008,-0.8205515,3.2,1.2809338454620642,11.31836937050793,12.0,3.9508333333333336
33-9011,Animal control workers,12.2,12.7,3.9,1.3,45830.0,High school diploma or equivalent,11.9,12.5,4.8,1.0,both_vintages,-0.8999999999999999,-0.5946321,0.2666666666666666,0.35,0.4333333333333333,0.0,0.1333333333333333,0.2666666666666666,0.0,16.0,4.380625,0.0050326816181817,0.25,0.34375,0.4375,1,0.47451873398134164,2,0.9999702129458927,1.5661811613835087e-05,7.298916830334489e-08,0.9999702129458927,6.626611387097752e-39,2.8402940153436303e-10,1.4051969295742704e-05,2.55693275696085e-114,1,0,False,-1.7962773518724975,-0.5097936386517746,0.0,0.1333333333333333,0.005020060005373474,-0.5946321,4.8,2.5257286443082556,10.73269417750317,16.0,4.380625
33-9021,Private detectives and investigators,43.6,46.2,6.0,3.9,52370.0,High school diploma or equivalent,37.0,39.1,5.6,3.7,both_vintages,0.4000000000000003,0.7483108,0.074074074074074,0.3888888888888888,0.7037037037037037,0.2222222222222222,0.3888888888888888,0.5555555555555556,0.0,14.0,4.187142857142857,0.0092437009313541,0.0714285714285714,0.4285714285714285,0.7857142857142857,1,0.19337874595261093,2,0.9999742726974864,8.800341606532424e-06,2.6168309410199844e-07,0.9999742726974864,4.2088389396596427e-17,1.3193045445533898e-05,3.4722323673336736e-06,0.0,2,0,False,-0.1814368313637222,-0.6336685048655614,0.0,0.3888888888888888,0.009201239395150664,0.7483108,5.6,3.66612246699132,10.866089187273534,14.0,4.187142857142857
33-9031,Gambling surveillance officers and gambling investigators,10.3,10.3,0.3,1.3,43900.0,High school diploma or equivalent,9.5,10.3,8.5,1.4,both_vintages,-8.2,0.7283933,0.25,0.4375,0.625,0.0,0.3125,0.625,0.0,8.0,4.6075,0.0,0.25,0.4375,0.625,1,0.2622055435064881,2,0.9437829539309093,4.459240993773065e-07,1.4223593997707437e-11,0.9437829539309093,8.736943011731984e-32,5.166320727841203e-07,5.426736468053752e-08,0.05621602923133051,1,0,False,-1.044890478600662,-1.3003680187239977,0.0,0.3125,0.0,0.7283933,8.5,2.33214389523559,10.689669599063263,8.0,4.6075
33-9032,Security guards,1262.1,1267.1,0.4,161.0,38370.0,High school diploma or equivalent,1077.7,1114.9,3.4,154.5,both_vintages,-3.0,-0.3908421,0.1666666666666666,0.1666666666666666,0.1666666666666666,0.1666666666666666,0.2499999999999999,0.3333333333333333,0.0,14.0,4.406428571428571,0.0063678828638217,0.1428571428571428,0.1428571428571428,0.1428571428571428,1,0.3318036494336343,2,0.9999982877935892,3.18090946232061e-08,1.3638993809765936e-07,0.9999982877935892,2.1053337569950133e-25,5.0651890156765953e-08,1.4933554878876892e-06,1.2049324870892697e-186,1,0,False,-1.2150119596328008,1.1842838995146086,0.0,0.2499999999999999,0.006347693561152918,-0.3908421,3.4,7.016519993773526,10.555031183240999,14.0,4.406428571428571
33-9091,Crossing guards and flaggers,91.4,94.7,3.6,18.0,37700.0,No formal educational credential,85.1,92.9,9.2,20.0,both_vintages,-5.6,-0.5699511,0.0526315789473684,0.1052631578947368,0.1578947368421052,0.0,0.2631578947368421,0.5263157894736842,0.0,12.0,4.285833333333334,0.0029785258556585,0.0833333333333333,0.125,0.1666666666666666,1,0.4251975620493874,2,0.9999979057147577,9.134294767158144e-07,1.4005950762124375e-07,0.9999979057147577,4.5608298652226643e-29,1.3988448615830334e-08,1.0268078093457922e-06,4.1728711018910894e-42,1,0,False,-1.33881201372659,0.4513616779146534,0.0,0.2631578947368421,0.002974098836005279,-0.5699511,9.2,4.531523645819793,10.537415373436103,12.0,4.285833333333334
33-9092,"Lifeguards, ski patrol, and other recreational protective service workers",149.7,158.4,5.8,42.7,33720.0,No formal educational credential,120.8,140.7,16.4,36.2,both_vintages,-10.599999999999998,-0.4718385,0.08,0.08,0.08,0.08,0.16,0.24,0.0,15.0,4.101333333333333,0.0020541557625231,0.0666666666666666,0.0666666666666666,0.0666666666666666,1,0.3990502576343797,2,0.9999830927719485,7.676096856823606e-06,2.297976008776961e-10,0.9999830927719485,8.121452397764357e-32,2.435568779593022e-09,9.228465828238195e-06,1.009944979632358e-18,1,0,False,-1.2774421373296654,1.2114630025911595,0.0,0.16,0.0020520488693392394,-0.4718385,16.4,4.946629964120343,10.425846412115792,15.0,4.101333333333333
33-9093,Transportation security screeners,50.1,47.1,-6.0,4.7,63360.0,High school diploma or equivalent,51.6,50.9,-1.4,4.6,both_vintages,-4.6,-0.5068558,0.0,0.26,0.52,0.04,0.23,0.42,0.0,26.0,4.307692307692308,0.0062651750756956,0.0,0.2692307692307692,0.5384615384615384,1,0.4237912899386885,2,0.9998665240705544,1.027912003169459e-05,2.9906928619983883e-06,0.9998665240705544,8.002074403733751e-23,5.961657624985763e-10,0.00012020552038609269,3.4982760500153127e-180,1,0,False,-1.0713407728069249,-0.1910237164196391,0.0,0.23,0.006245630457488699,-0.5068558,-1.4,3.929862923556477,11.056588026488308,26.0,4.307692307692308
33-9094,School bus monitors,71.4,69.5,-2.7,12.6,34980.0,High school diploma or equivalent,53.5,57.1,6.7,11.6,both_vintages,-9.4,,0.1666666666666666,0.1666666666666666,0.1666666666666666,0.0,0.1944444444444444,0.3888888888888888,,18.0,,0.0,0.1764705882352941,0.1764705882352941,0.1764705882352941,1,0.4118554531213754,6,0.8978580267535322,2.314426040315258e-06,4.60774641543269e-08,0.10213940061395527,7.766695370241447e-31,5.545860953309715e-09,2.065831469702562e-07,0.8978580267535322,1,0,False,-1.1093680046318635,0.46282116615481395,0.0,0.1944444444444444,0.0,-0.1260282,6.7,4.044804116661965,10.462531748572593,18.0,4.019375
33-9099,"Protective service workers, all other",84.0,86.1,2.5,23.3,41600.0,High school diploma or equivalent,101.3,107.2,5.8,27.9,both_vintages,-3.3,0.0764088,0.0975609756097561,0.3780487804878049,0.6585365853658537,0.1463414634146341,0.3414634146341463,0.5365853658536586,0.0571,21.0,4.3100000000000005,0.0222875900233761,0.0952380952380952,0.3809523809523809,0.6666666666666666,1,0.3059744653128128,5,0.996339169542268,0.0027554030552078535,0.0001911550064490866,0.0,2.9719891605972534e-20,0.0007142723960747248,0.996339169542268,0.0,1,0,False,-0.5087235329683203,0.2882677677094699,0.0571,0.3414634146341463,0.022042851436266574,0.0764088,5.8,4.674696248636701,10.635855446249355,21.0,4.3100000000000005
35-1011,Chefs and head cooks,197.3,211.3,7.1,24.4,60990.0,High school diploma or equivalent,152.8,176.3,15.4,24.3,both_vintages,-8.3,-0.2676433,0.0952380952380952,0.2619047619047618,0.4285714285714285,0.1428571428571428,0.2619047619047618,0.3809523809523809,0.0,21.0,3.985238095238095,0.0192063563795912,0.0952380952380952,0.2619047619047619,0.4285714285714285,1,0.2939767944421292,2,0.9998202507404138,5.804274117231887e-05,9.569742365762258e-08,0.9998202507404138,7.398110639161592e-16,3.135315244583769e-07,0.00012129728946503206,0.0,2,0,False,-0.3115737887461179,0.9377125282536821,0.0,0.2619047619047618,0.019024242452490722,-0.2676433,15.4,5.172187089403825,11.018465195290503,21.0,3.985238095238095
35-1012,First-line supervisors of food preparation and serving workers,1215.0,1288.0,6.0,183.9,42010.0,High school diploma or equivalent,1093.1,1238.7,13.3,196.7,both_vintages,-7.300000000000001,-0.2575492,0.2222222222222222,0.5111111111111112,0.8,0.0444444444444444,0.2555555555555555,0.4666666666666667,0.0564,26.0,4.010769230769231,0.0032866492200369,0.1923076923076923,0.5,0.8076923076923077,1,0.24150286620047995,5,0.998389011675819,0.0014421385549225436,4.393418271449288e-05,0.0,1.3336358623694152e-16,0.00012491558654395993,0.998389011675819,0.0,1,0,False,-0.2520423376494543,2.033744998535762,0.0564,0.2555555555555555,0.0032812599935918806,-0.2575492,13.3,7.121817721560154,10.645662964163428,26.0,4.010769230769231
35-2011,"Cooks, fast food",669.5,579.2,-13.5,82.1,30160.0,No formal educational credential,792.3,723.2,-8.7,109.4,both_vintages,-4.800000000000001,-0.7131837,0.0,0.0,0.0,0.0,0.0263157894736842,0.0526315789473684,0.0,19.0,4.5405263157894735,0.0249579925146563,0.0,0.0,0.0,1,0.3639983042792739,2,0.9999880400279149,1.0093956683986886e-05,7.052273012735776e-08,0.9999880400279149,2.7163427462836532e-42,1.5395371786894014e-08,1.7800972996146441e-06,0.0,1,0,False,-2.3035126938173662,1.065621378130646,0.0,0.0263157894736842,0.024651628838018556,-0.7131837,-8.7,6.583685809077966,10.314271822121892,19.0,4.5405263157894735
35-2012,"Cooks, institution and cafeteria",466.1,475.4,2.0,69.7,36450.0,No formal educational credential,410.1,436.0,6.3,67.5,both_vintages,-4.3,-0.6360813,0.0344827586206896,0.1206896551724137,0.2068965517241379,0.0344827586206896,0.0862068965517241,0.1379310344827586,0.0,17.0,4.362352941176471,0.0036974803725416,0.0588235294117647,0.1764705882352941,0.2941176470588235,1,0.4295744279189467,2,0.9998494824429829,1.0990715038476742e-06,1.523474374658961e-08,0.9998494824429829,1.874303701567286e-34,2.035681458900251e-09,0.0001494012150880181,1.939814392101116e-61,1,0,False,-1.729649447163288,1.2509389353818008,0.0,0.0862068965517241,0.0036906614952633156,-0.6360813,6.3,6.077642243349034,10.503696737436805,17.0,4.362352941176471
35-2013,"Cooks, private household",34.2,36.0,5.1,5.3,44530.0,Postsecondary nondegree award,41.4,40.7,-1.7,6.2,both_vintages,6.8,-0.7867444,0.16,0.24,0.32,0.16,0.28,0.4,0.0,13.0,4.083846153846154,0.0062651750756955,0.1538461538461538,0.2307692307692307,0.3076923076923077,1,0.44074964540185324,2,0.9999950763059794,1.2853039754747884e-06,1.8916668677308419e-06,0.9999950763059794,6.350433394666902e-27,9.592069534379578e-09,1.7371311078145144e-06,3.4924911475230353e-181,1,0,False,-1.3072136092140683,-0.20021976688961196,0.0,0.28,0.006245630457488599,-0.7867444,-1.7,3.7062280924485496,10.703918398315748,13.0,4.083846153846154
35-2014,"Cooks, restaurant",1460.2,1677.2,14.9,250.7,36830.0,No formal educational credential,1255.6,1715.6,36.6,274.0,both_vintages,-21.700000000000003,-0.7418264,0.027027027027027,0.0945945945945946,0.1621621621621621,0.081081081081081,0.1216216216216216,0.1621621621621621,0.0116,20.0,4.257,0.084631217415954,0.05,0.125,0.2,1,0.21841884865644468,0,0.9999963685821205,0.9999963685821205,2.2491794640409476e-21,0.0,6.206500776880578e-25,3.6314178787186053e-06,3.7204891758129475e-34,0.0,1,-1,True,-0.843353138264817,3.074112399767428,0.0116,0.1216216216216216,0.08124003743358792,-0.7418264,36.6,7.447518152642726,10.51406800943911,20.0,4.257
35-2015,"Cooks, short order",151.1,142.7,-5.6,20.6,35620.0,No formal educational credential,129.8,131.1,1.0,20.1,both_vintages,-6.6,-0.5933817,0.0,0.0,0.0,0.0,0.0,0.0,0.0,11.0,4.344545454545455,0.0047245582538032,0.0,0.0,0.0,1,0.47094988908653956,2,0.9999007190409989,1.09414290691783e-05,3.3559574727182636e-08,0.9999007190409989,3.027453598734466e-42,2.2805795280705207e-10,8.830574229919926e-05,4.133364175960535e-101,1,0,False,-2.1648454459292044,0.4987399863189146,0.0,0.0,0.00471343255736161,-0.5933817,1.0,4.875960390769654,10.480662556843653,11.0,4.344545454545455
35-2021,Food preparation workers,902.7,871.8,-3.4,148.0,34220.0,No formal educational credential,817.4,835.1,2.2,145.8,both_vintages,-5.6,-1.226416,0.0185185185185185,0.037037037037037,0.0555555555555555,0.0,0.0462962962962962,0.0925925925925925,0.0,31.0,4.230645161290322,0.0222875900233762,0.032258064516129,0.0483870967741935,0.064516129032258,1,0.40786401651367216,2,0.9989265392903306,1.3720042777092643e-05,4.671934972265368e-07,0.9989265392903306,1.110252135535829e-36,2.727348239481087e-10,0.0010592732006600243,0.0,1,0,False,-1.8263587227531248,2.0620440973008054,0.0,0.0462962962962962,0.022042851436266674,-1.226416,2.2,6.727551478159183,10.440565547446184,31.0,4.230645161290322
35-3011,Bartenders,756.7,801.5,5.9,129.6,33530.0,No formal educational credential,514.0,606.0,17.9,105.3,both_vintages,-11.999999999999998,-0.6159883,0.1111111111111111,0.1944444444444444,0.2777777777777778,0.0833333333333333,0.1388888888888889,0.1944444444444444,0.0,20.0,4.277,0.0157142915833018,0.1,0.2,0.3,1,0.3609045007624544,2,0.9998227075690574,2.2837736561939195e-06,2.6702217640596504e-12,0.9998227075690574,6.038051353493838e-32,2.923927437424113e-09,0.0001750057306887079,0.0,1,0,False,-1.3272180074899982,1.9507060137179255,0.0,0.1388888888888889,0.015592100538051743,-0.6159883,17.9,6.406879986069314,10.420195839460273,20.0,4.277
35-3023,Fast food and counter workers,3796.0,4029.2,6.1,904.3,30480.0,No formal educational credential,3195.6,3438.8,7.6,741.4,both_vintages,-1.5,,0.063048245614035,0.0970394736842105,0.1310307017543859,0.0893640350877192,0.1154057017543859,0.1414473684210526,0.0,46.0,4.075,0.0114005644820034,0.0652173913043478,0.0978260869565217,0.1304347826086956,1,0.23361014582531267,2,0.9967075636207438,3.689384221945131e-05,1.3349208903903353e-08,0.9967075636207438,5.870864476800864e-25,1.1852677467571216e-09,0.0032555280025602902,0.0,1,0,False,-0.7116261093299489,3.0263296690684465,0.0,0.1154057017543859,0.011336067783031617,-0.1260282,7.6,8.14287785230029,10.324826009800583,46.0,4.075
35-3031,Waiters and waitresses,2329.7,2313.5,-0.7,456.7,33760.0,No formal educational credential,1904.4,2101.4,10.3,425.8,both_vintages,-11.0,-0.9481003,0.0816326530612244,0.183673469387755,0.2857142857142857,0.2040816326530612,0.2244897959183673,0.2448979591836734,0.0,25.0,4.341600000000001,0.0084220386263448,0.08,0.18,0.28,1,0.32394154194116176,2,0.9999994336778373,1.1500028690937935e-08,5.908059905982e-09,0.9999994336778373,2.2137946711933927e-29,9.01151258488711e-09,5.399025614037417e-07,0.0,1,0,False,-1.2828113977837343,2.289251889720501,0.0,0.2244897959183673,0.008386771136785121,-0.9481003,10.3,7.650359068254675,10.427031948709894,25.0,4.341600000000001
35-3041,"Food servers, nonrestaurant",277.2,285.3,3.0,48.0,34460.0,No formal educational credential,247.5,264.8,7.0,42.4,both_vintages,-4.0,-0.7270206,0.074074074074074,0.1296296296296296,0.1851851851851851,0.0,0.1111111111111111,0.2222222222222222,0.0,14.0,4.506428571428572,0.0067787140163264,0.0714285714285714,0.1428571428571428,0.2142857142857142,1,0.42237981339716213,2,0.9999591643848965,9.161482858984989e-07,4.265390184099087e-09,0.9999591643848965,3.0647088349266486e-38,3.351659614067624e-10,3.991486626139092e-05,7.381312483117388e-209,1,0,False,-1.9484994737244579,0.9509670273359709,0.0,0.1111111111111111,0.006755841838923225,-0.7270206,7.0,5.578974824062853,10.44755451008192,14.0,4.506428571428572
35-9011,Dining room and cafeteria attendants and bartender helpers,527.4,560.6,6.3,99.6,32670.0,No formal educational credential,355.2,415.1,16.9,76.1,both_vintages,-10.599999999999998,-1.927078,0.0,0.0,0.0,0.0,0.0,0.0,0.0,23.0,4.17,0.0,0.0,0.0,0.0,1,0.40757483024163954,6,0.985555012853661,9.489066187618935e-09,2.5533320073654856e-13,0.014444355306450182,1.9162697829488843e-48,1.2058400458493674e-15,6.223505660731338e-07,0.985555012853661,1,0,False,-2.2440123432768506,2.407245156234898,0.0,0.0,0.0,-1.927078,16.9,6.028519455058993,10.394212504595115,23.0,4.17
35-9021,Dishwashers,477.7,478.6,0.2,76.8,33670.0,No formal educational credential,398.2,437.6,9.9,74.8,both_vintages,-9.7,-1.738612,0.0,0.0,0.0,0.0,0.0,0.0,0.0,13.0,3.873076923076923,0.0,0.0,0.0,0.0,1,0.4087297378488008,6,0.9977542256858317,9.830748495382245e-10,8.118354244658447e-12,0.0022453334225431367,3.8898896093677806e-45,7.237851073891323e-16,4.3990043107342054e-07,0.9977542256858317,1,0,False,-2.076826997423805,2.0278585398991447,0.0,0.0,0.0,-1.738612,9.9,6.081305251107771,10.42436251215512,13.0,3.873076923076923
35-9031,"Hosts and hostesses, restaurant, lounge, and coffee shop",429.9,423.5,-1.5,107.7,30380.0,No formal educational credential,347.7,400.3,15.1,95.2,both_vintages,-16.6,-0.0565477,0.0571428571428571,0.2285714285714285,0.3999999999999999,0.1999999999999999,0.3285714285714285,0.4571428571428571,0.0734,20.0,4.093,0.0095518242957326,0.05,0.225,0.4,1,0.24237803541237518,5,0.9992573199152837,0.0006451397586208858,7.846854257922417e-06,0.0,3.626946654355583e-21,8.969347183733282e-05,0.9992573199152837,0.0,1,0,False,-0.3627993839490606,1.5429170212738732,0.0734,0.3285714285714285,0.009506494051128196,-0.0565477,15.1,5.992214265998528,10.321539776149764,20.0,4.093
37-1011,First-line supervisors of housekeeping and janitorial workers,269.8,276.4,2.5,33.0,47520.0,High school diploma or equivalent,253.0,266.7,5.4,31.1,both_vintages,-2.9000000000000004,-0.5854128,0.1632653061224489,0.2653061224489795,0.3673469387755101,0.0816326530612244,0.2551020408163265,0.4285714285714285,0.0436,26.0,4.137307692307692,0.0586461470200361,0.1538461538461538,0.2692307692307692,0.3846153846153846,1,0.37219220122154617,0,0.8899077922054688,0.8899077922054688,0.10914811370413652,0.0,2.2086370054071986e-17,0.0009440940893732224,1.0214436725309015e-12,0.0,1,0,False,-0.6267029889744085,1.061770357780311,0.0436,0.2551020408163265,0.05699087199118651,-0.5854128,5.4,5.586124431187969,10.768905954036526,26.0,4.137307692307692
37-1012,"First-line supervisors of landscaping, lawn service, and groundskeeping workers",224.7,230.0,2.3,23.2,56170.0,High school diploma or equivalent,217.6,224.7,3.3,23.6,both_vintages,-1.0,-0.5548871,0.1454545454545454,0.3545454545454545,0.5636363636363636,0.0727272727272727,0.2454545454545454,0.4181818181818181,0.1083,28.0,3.858571428571429,0.0700467115020397,0.1428571428571428,0.3571428571428571,0.5714285714285714,1,0.25153831883858435,1,0.7664534706334335,0.23106285301706853,0.7664534706334335,0.0,2.4435437358534335e-13,0.002483676349253144,2.5214499422902933e-32,0.0,1,0,False,-0.06399812644303239,1.0245488543269605,0.1083,0.2454545454545454,0.06770230313031932,-0.5548871,3.3,5.414766179191283,10.936138085526478,28.0,3.858571428571429
37-2011,"Janitors and cleaners, except maids and housekeeping cleaners",2447.7,2495.5,2.0,351.3,35930.0,No formal educational credential,2298.4,2383.9,3.7,335.5,both_vintages,-1.7000000000000002,-1.436201,0.0,0.0,0.0,0.0,0.0277777777777777,0.0555555555555555,0.0,21.0,3.6966666666666654,0.0,0.0,0.0,0.0,1,0.3115169658196707,6,0.9942778023404979,4.544868653347746e-11,6.862622287605067e-11,0.005721023075216422,1.4839207529286798e-36,1.5070467267989568e-13,1.1744700602390252e-06,0.9942778023404979,1,0,False,-1.5000795711827692,2.657421134737563,0.0,0.0277777777777777,0.0,-1.436201,3.7,7.776493080996745,10.489327880107565,21.0,3.6966666666666654
37-2012,Maids and housekeeping cleaners,1356.8,1362.8,0.4,193.5,34660.0,No formal educational credential,1237.4,1353.8,9.4,193.5,both_vintages,-9.0,-1.480657,0.0,0.0,0.0,0.0588235294117647,0.0588235294117647,0.0588235294117647,0.0,20.0,3.994,0.0,0.0,0.0,0.0,1,0.38041794564639947,6,0.9934805001593879,3.1540709278127504e-10,8.063337933502737e-11,0.006519321887055386,3.381498292109754e-38,2.2912923012546605e-13,1.7755728675691104e-07,0.9934805001593879,1,0,False,-1.7257480777752967,2.4338196222089414,0.0,0.0588235294117647,0.0,-1.480657,9.4,7.210670732074507,10.453341563269596,20.0,3.994
37-2021,Pest control workers,102.4,107.5,4.9,13.4,44730.0,High school diploma or equivalent,90.6,96.7,6.8,13.3,both_vintages,-1.8999999999999997,-0.7255374,0.1666666666666666,0.25,0.3333333333333333,0.0833333333333333,0.2291666666666666,0.375,0.046,13.0,3.896153846153846,0.0020541557625231,0.1538461538461538,0.2307692307692307,0.3076923076923077,1,0.394553926371149,5,0.9948955778914693,0.0038705665190402463,0.0012316147633854482,0.0,4.4126650152566155e-22,2.2408261045281158e-06,0.9948955778914693,0.0,1,0,False,-0.8966966859244664,0.6008355945302527,0.046,0.2291666666666666,0.0020520488693392394,-0.7255374,6.8,4.571613402459248,10.708399696426893,13.0,3.896153846153846
37-3011,Landscaping and groundskeeping workers,1192.5,1235.0,3.6,158.2,38090.0,No formal educational credential,1191.6,1248.5,4.8,164.5,both_vintages,-1.1999999999999995,-1.824293,0.0,0.024390243902439,0.048780487804878,0.0,0.024390243902439,0.048780487804878,0.0,26.0,3.5384615384615383,0.0022595713387754,0.0,0.0192307692307692,0.0384615384615384,1,0.29832623893839955,2,0.9995488535636801,4.082034336968917e-09,1.171644549751957e-09,0.9995488535636801,6.429557020943273e-37,2.469870658329364e-13,0.0004511411823939802,7.439408869500131e-22,1,0,False,-1.4851570933831821,2.7323477468775654,0.0,0.024390243902439,0.002257022346489021,-1.824293,4.8,7.129698109719828,10.54770705947265,26.0,3.5384615384615383
37-3012,"Pesticide handlers, sprayers, and applicators, vegetation",29.6,30.7,3.8,4.1,45200.0,High school diploma or equivalent,27.6,29.2,5.8,3.8,both_vintages,-2.0,-0.8847935,0.0,0.0555555555555555,0.1111111111111111,0.0555555555555555,0.0555555555555555,0.0555555555555555,0.0,10.0,4.029,0.0,0.0,0.05,0.1,1,0.5028883505669924,6,0.9985348290519612,8.682672113322122e-08,4.5705039974064477e-10,0.00146499631762241,1.2850902169823359e-39,1.3520259850402302e-13,8.734650944224738e-08,0.9985348290519612,1,0,False,-1.8046578306599388,0.09587224629608312,0.0,0.0555555555555555,0.0,-0.8847935,5.8,3.374168709274236,10.718852365820323,10.0,4.029
37-3013,Tree trimmers and pruners,60.1,62.1,3.3,7.4,50430.0,High school diploma or equivalent,63.7,65.9,3.4,9.1,both_vintages,-0.1,-1.727035,0.048780487804878,0.0609756097560975,0.073170731707317,0.0,0.0609756097560975,0.1219512195121951,0.0,24.0,3.813333333333333,0.0122222267870128,0.0416666666666666,0.0625,0.0833333333333333,1,0.4524291591083136,2,0.9982723892468962,4.833572059893639e-06,2.1401496265255868e-07,0.9982723892468962,1.3310225946902808e-34,1.2304550274447234e-12,0.0017225631648507653,0.0,1,0,False,-1.6907537575219265,0.999056526187266,0.0,0.0609756097560975,0.012148138445319919,-1.727035,3.4,4.188138441508461,10.828341515070772,24.0,3.813333333333333
39-1013,First-line supervisors of gambling services workers,32.5,33.1,2.0,3.3,61590.0,High school diploma or equivalent,26.4,30.4,15.0,3.8,both_vintages,-13.0,,0.3076923076923077,0.4326923076923077,0.5576923076923077,0.173076923076923,0.3365384615384615,0.5,0.0,30.0,4.26,0.0230065445402594,0.3,0.45,0.6,1,0.28740221800916477,2,0.9990920975666558,0.0008309153828851977,6.7672193317260615e-09,0.9990920975666558,3.960611760217708e-17,2.6312666502073984e-07,7.671715657456491e-05,0.0,1,0,False,-0.35117667369173766,0.15330960976415872,0.0,0.3365384615384615,0.022745884349084217,-0.1260282,15.0,3.414442608412176,11.02825479868109,30.0,4.26
39-1014,"First-line supervisors of entertainment and recreation workers, except gambling services",123.3,131.1,6.3,13.4,46900.0,High school diploma or equivalent,97.6,112.0,14.8,14.2,both_vintages,-8.5,,0.1578947368421052,0.3684210526315789,0.5789473684210527,0.2631578947368421,0.3421052631578947,0.4210526315789473,0.0443,19.0,,0.0160224149476805,0.1578947368421052,0.3684210526315789,0.5789473684210527,1,0.2633035269204932,5,0.9931807934251219,0.00669302587155577,2.923630872075627e-05,0.0,9.191908453477073e-16,9.694439460070981e-05,0.9931807934251219,0.0,2,0,False,-0.2038471345672185,0.734143801306891,0.0443,0.3421052631578947,0.01589541086930721,-0.1260282,14.8,4.718498871295094,10.75577295443437,19.0,4.019375
39-1022,First-line supervisors of personal service workers,149.1,159.1,6.7,16.3,47080.0,High school diploma or equivalent,156.5,176.8,13.0,22.3,both_vintages,-6.3,,0.1034482758620689,0.4137931034482758,0.7241379310344828,0.2413793103448275,0.3620689655172414,0.4827586206896551,0.0407,17.0,4.08,0.0072922529569571,0.1176470588235294,0.4411764705882353,0.7647058823529411,1,0.2651026062168817,5,0.9961830994461034,0.0031784171203255215,0.0002104879259655469,0.0,1.2413279457864958e-14,0.00042799550759335637,0.9961830994461034,0.0,2,0,False,-0.24470240329298443,0.7449280909143369,0.0407,0.3620689655172414,0.007265793037446547,-0.1260282,13.0,5.175019150203543,10.759603561374213,17.0,4.08
39-2011,Animal trainers,47.3,49.8,5.1,7.1,38750.0,High school diploma or equivalent,52.9,67.2,27.1,10.6,both_vintages,-22.0,-0.9167759,0.0689655172413793,0.1034482758620689,0.1379310344827586,0.1379310344827586,0.1379310344827586,0.1379310344827586,0.0,15.0,4.217333333333333,0.0015406168218923,0.0666666666666666,0.1,0.1333333333333333,1,0.36211017722639477,2,0.9999855136159502,1.2824051470307774e-05,1.6150662525092297e-16,0.9999855136159502,1.2442118742489782e-34,8.580518826834246e-11,1.6606140932211544e-06,1.6326808242316855e-09,1,0,False,-1.4703313154371591,1.2724534693102518,0.0,0.1379310344827586,0.001539431289274483,-0.9167759,27.1,4.207673247529104,10.564886034781493,15.0,4.217333333333333
39-2021,Animal caretakers,392.1,439.6,12.1,74.6,33470.0,High school diploma or equivalent,290.7,377.6,29.9,70.4,both_vintages,-17.799999999999997,-0.8890408,0.1818181818181818,0.2727272727272727,0.3636363636363636,0.1515151515151515,0.1818181818181818,0.2121212121212121,0.0,22.0,4.084090909090909,0.0034920647962893,0.1363636363636363,0.2272727272727272,0.3181818181818182,1,0.288930168456046,2,0.999993617550951,3.5055753676222876e-06,2.802931115588143e-18,0.999993617550951,2.062017087032316e-30,1.1913526914998154e-10,2.8767545462436827e-06,1.3716703432162756e-55,1,0,False,-1.053369912805881,2.4042856582328547,0.0,0.1818181818181818,0.003485981695626198,-0.8890408,29.9,5.933835434271345,10.418404794205372,22.0,4.084090909090909
39-3011,Gambling dealers,88.7,88.1,-0.6,14.1,33280.0,High school diploma or equivalent,68.5,81.6,19.2,14.1,both_vintages,-19.8,0.0605832,0.1351351351351351,0.1351351351351351,0.1351351351351351,0.1081081081081081,0.1486486486486486,0.1891891891891892,0.0,21.0,4.567142857142857,0.0,0.1428571428571428,0.1428571428571428,0.1428571428571428,1,0.33737403157115137,6,0.9817551336136727,5.1961087565781854e-08,3.732108745862452e-19,0.018244810598125456,8.902483277686884e-39,6.339547457419135e-10,3.1931594585674798e-09,0.9817551336136727,1,0,False,-1.4232842582883198,0.8189914929554277,0.0,0.1486486486486486,0.0,0.0605832,19.2,4.401829261970061,10.412711894935144,21.0,4.567142857142857
39-3012,Gambling and sports book writers and runners,8.2,7.7,-6.1,1.2,30460.0,High school diploma or equivalent,8.0,8.1,0.9,1.4,both_vintages,-7.0,0.4652752,0.2307692307692307,0.2692307692307693,0.3076923076923077,0.0769230769230769,0.2307692307692307,0.3846153846153846,0.0,18.0,4.351111111111111,0.0,0.2777777777777778,0.3055555555555556,0.3333333333333333,1,0.33668918696649236,6,0.6271960735234466,1.5389753456101045e-06,2.2218526358802703e-09,0.37280199914511253,8.734242321512857e-41,3.800105687828135e-07,6.123673736462248e-09,0.6271960735234466,1,0,False,-1.388366257666342,-0.8576906266388105,0.0,0.2307692307692307,0.0,0.4652752,0.9,2.0918640616783932,10.324169626449153,18.0,4.351111111111111
39-3021,Motion picture projectionists,2.0,2.0,-3.7,0.5,38180.0,No formal educational credential,2.0,2.8,40.3,0.7,both_vintages,-44.0,-0.3786598,0.0909090909090909,0.1818181818181818,0.2727272727272727,0.0,0.0757575757575757,0.1515151515151515,0.0,17.0,4.003529411764706,0.0,0.1176470588235294,0.2058823529411764,0.2941176470588235,1,0.22296636207482978,6,0.9958137294615033,7.074362424217428e-09,7.850534963289603e-35,0.004186263464130776,1.6996557357614536e-48,3.6067217707014914e-15,4.102335609963003e-20,0.9958137294615033,1,-1,True,-1.2517482535820155,0.5408683993146081,0.0,0.0757575757575757,0.0,-0.3786598,40.3,1.0296194171811581,10.550067097279738,17.0,4.003529411764706
39-3031,"Ushers, lobby attendants, and ticket takers",121.7,123.1,1.2,30.8,31150.0,No formal educational credential,63.2,88.8,40.5,24.1,both_vintages,-39.3,-0.2420959,0.1142857142857142,0.1428571428571428,0.1714285714285714,0.1428571428571428,0.1999999999999999,0.2571428571428571,0.0,23.0,3.8317391304347823,0.0153034604307975,0.1304347826086956,0.1521739130434782,0.1739130434782608,1,0.17582449093273853,2,0.9999879757779757,1.2023939479672546e-05,2.1421980162334215e-29,0.9999879757779757,8.856299330956037e-30,1.681042376957724e-13,2.823768971838232e-10,0.0,1,-1,True,-0.4679171479682907,2.232712559173409,0.0,0.1999999999999999,0.015187543603283291,-0.2420959,40.5,4.486386649998124,10.3465695242156,23.0,3.8317391304347823
39-3091,Amusement and recreation attendants,392.3,405.5,3.4,102.4,30490.0,No formal educational credential,286.5,324.9,13.4,84.8,both_vintages,-10.0,-0.5246153,0.1923076923076923,0.2115384615384615,0.2307692307692307,0.3076923076923077,0.3653846153846154,0.4230769230769231,0.0619,17.0,3.501176470588236,0.0183846940745822,0.1764705882352941,0.2058823529411764,0.2352941176470588,1,0.14429254410444747,5,0.9969946981842144,0.00045126285762606583,0.002554029176835643,0.0,8.1926906926455e-20,9.781323094771198e-09,0.9969946981842144,0.0,2,-1,True,-0.05503653757793475,1.7909635339738617,0.0619,0.3653846153846154,0.01821773876337877,-0.5246153,13.4,5.783517442675055,10.3251540399823,17.0,3.501176470588236
39-3092,Costume attendants,6.7,7.1,5.9,1.8,54810.0,High school diploma or equivalent,3.9,4.6,18.9,1.2,both_vintages,-12.999999999999998,-0.4533608,0.1111111111111111,0.2638888888888889,0.4166666666666666,0.0,0.2361111111111111,0.4722222222222222,0.0,21.0,3.552380952380952,0.0135574280326527,0.0952380952380952,0.238095238095238,0.3809523809523809,1,0.19758619298115337,2,0.9999383648841177,6.162621325196479e-05,8.45167966656139e-09,0.9999383648841177,4.8879060981184e-26,2.907545074580003e-10,1.6019604901302175e-10,0.0,2,0,False,-0.4214517003142686,-0.012590896115450436,0.0,0.2361111111111111,0.013466348385684349,-0.4533608,18.9,1.5260563034950492,10.911627938040162,21.0,3.552380952380952
39-3093,"Locker room, coatroom, and dressing room attendants",15.6,16.6,6.4,4.2,34800.0,High school diploma or equivalent,10.5,12.0,13.5,3.1,both_vintages,-7.1,-0.3454376,0.064516129032258,0.064516129032258,0.064516129032258,0.064516129032258,0.1451612903225806,0.2258064516129032,0.0,23.0,3.9460869565217394,0.015611583795176,0.0434782608695652,0.0434782608695652,0.0434782608695652,1,0.3878316701985477,2,0.9999055619082934,9.44218184154415e-05,1.849927116648119e-09,0.9999055619082934,1.6173049558929408e-37,3.3884244339357924e-10,1.4084521613354204e-08,0.0,1,0,False,-1.2225646213410326,0.35629601221797247,0.0,0.1451612903225806,0.015490976647042194,-0.3454376,13.5,2.4849066497880004,10.457372665762566,23.0,3.9460869565217394
39-4011,Embalmers,3.6,3.7,1.3,0.6,56280.0,Associate's degree,4.3,4.4,3.5,0.7,both_vintages,-2.2,-0.7311451,0.04,0.04,0.04,0.0,0.04,0.08,0.0,26.0,4.3769230769230765,0.0,0.0384615384615384,0.0384615384615384,0.0384615384615384,1,0.44660593856182196,6,0.9965683877759083,3.5435028881736094e-07,1.0333389260070005e-10,0.003431253744650533,2.27100045103462e-46,4.823615189903822e-15,4.025813934059792e-09,0.9965683877759083,1,0,False,-1.9356333043425342,-0.756255489977647,0.0,0.04,0.0,-0.7311451,3.5,1.4816045409242156,10.938094511228325,26.0,4.3769230769230765
39-4012,Crematory operators,3.1,3.2,3.3,0.6,42880.0,High school diploma or equivalent,2.1,2.3,8.6,0.4,both_vintages,-5.3,,0.0,0.0416666666666666,0.0833333333333333,0.0,0.125,0.25,,12.0,,0.0115032722701297,0.0,0.0416666666666666,0.0833333333333333,1,0.3656430134885412,2,0.9999463119037447,5.365584390928188e-05,2.9144333256242405e-08,0.9999463119037447,2.0001990000290497e-41,3.0148295774263043e-09,9.318324091174323e-11,0.0,1,0,False,-1.44225860577007,-1.0217657917965512,0.0,0.125,0.011437612687291087,-0.1260282,8.6,0.8329091229351039,10.666160795744684,12.0,4.019375
39-4021,Funeral attendants,32.5,33.5,3.1,5.7,34610.0,High school diploma or equivalent,34.0,36.9,8.4,6.0,both_vintages,-5.300000000000001,-0.5445412,0.1777777777777777,0.1777777777777777,0.1777777777777777,0.1555555555555555,0.2333333333333333,0.3111111111111111,0.0,24.0,4.211666666666667,0.0,0.2083333333333333,0.2083333333333333,0.2083333333333333,1,0.44137203358095817,6,0.5538303781637338,3.8290584904645115e-06,4.0355294035228683e-08,0.4461655804942064,1.6411724866982e-33,5.367930485343215e-09,1.6656034467766522e-07,0.5538303781637338,1,0,False,-1.3398676599699029,0.47448582817570834,0.0,0.2333333333333333,0.0,-0.5445412,8.4,3.6082115510464816,10.45189793662939,24.0,4.211666666666667
39-4031,"Morticians, undertakers, and funeral arrangers",27.5,28.4,3.1,3.2,49800.0,Associate's degree,27.4,29.9,9.0,4.3,both_vintages,-5.9,-0.1903759,0.0930232558139534,0.1627906976744186,0.2325581395348837,0.0,0.0930232558139534,0.1860465116279069,0.0,22.0,4.278181818181818,0.0177684473458253,0.0909090909090909,0.1590909090909091,0.2272727272727272,1,0.46130669364997795,2,0.9999288421217843,7.077328286805036e-05,3.6955669445998078e-09,0.9999288421217843,1.3222467284175225e-32,1.0922595653564267e-08,3.699771850118352e-07,0.0,1,0,False,-1.3193150849097006,0.08141867045600003,0.0,0.0930232558139534,0.017612433852823,-0.1903759,9.0,3.3978584803966405,10.815770263012745,22.0,4.278181818181818
39-5011,Barbers,76.0,79.2,4.1,8.4,38960.0,Postsecondary nondegree award,50.2,54.4,8.3,6.6,both_vintages,-4.200000000000001,-0.7294621,0.088235294117647,0.1617647058823529,0.2352941176470588,0.0,0.0735294117647058,0.1470588235294117,0.0,18.0,3.928333333333333,0.0088328697788494,0.1111111111111111,0.1666666666666666,0.2222222222222222,1,0.46952488418961885,2,0.999942090816169,2.9724405442304782e-05,8.853395817925475e-08,0.999942090816169,8.203509398511369e-36,3.121210075265435e-10,2.8095932309516702e-05,0.0,1,0,False,-1.4960272527261471,0.7579461739934816,0.0,0.0735294117647058,0.008794088185783536,-0.7294621,8.3,3.996364153861897,10.57029075775647,18.0,3.928333333333333
39-5012,"Hairdressers, hairstylists, and cosmetologists",575.2,607.4,5.6,75.8,35250.0,Postsecondary nondegree award,558.7,619.5,10.9,87.2,both_vintages,-5.300000000000001,-0.6824517,0.0526315789473684,0.0789473684210526,0.1052631578947368,0.0,0.0526315789473684,0.1052631578947368,0.0304,22.0,4.137272727272727,0.0072922529569571,0.0454545454545454,0.0681818181818181,0.0909090909090909,1,0.40061053610862507,5,0.9981321710430369,0.0018656733392398168,1.4575931656977558e-06,0.0,2.1386755967586846e-31,6.980245578837649e-07,0.9981321710430369,0.0,1,0,False,-1.3936650780671855,1.8965541616778412,0.0304,0.0526315789473684,0.007265793037446547,-0.6824517,10.9,6.428912701069197,10.470220808240414,22.0,4.137272727272727
39-5091,"Makeup artists, theatrical and performance",7.0,7.6,8.1,1.1,50280.0,Postsecondary nondegree award,4.4,4.7,7.0,0.7,both_vintages,1.0999999999999996,-0.4596138,0.048780487804878,0.3414634146341463,0.6341463414634146,0.048780487804878,0.2439024390243902,0.4390243902439024,0.0,22.0,4.29,0.0205415576252314,0.0476190476190476,0.3333333333333333,0.6190476190476191,1,0.3992835932050565,2,0.9997057712378836,0.00027570553512130063,2.3716406182176837e-06,0.9997057712378836,2.6727456965112995e-32,2.5782123525698804e-08,1.612580425315873e-05,0.0,1,0,False,-1.2749229735164094,-0.8120587803656698,0.0,0.2439024390243902,0.02033342524628549,-0.4596138,7.0,1.547562508716013,10.825362662704183,22.0,4.29
39-5092,Manicurists and pedicurists,210.1,224.8,7.0,24.8,34660.0,Postsecondary nondegree award,163.6,200.3,22.4,26.6,both_vintages,-15.4,0.0335124,0.0555555555555555,0.0833333333333333,0.1111111111111111,0.0,0.0555555555555555,0.1111111111111111,0.0,18.0,4.147777777777778,0.0026704024912801,0.0555555555555555,0.0833333333333333,0.1111111111111111,1,0.3380026220623845,2,0.9999932160022702,6.60249240614627e-06,2.337594332872793e-16,0.9999932160022702,2.5861336484831743e-33,7.987656520600624e-09,1.7351766675053272e-07,1.0005982016932356e-31,1,0,False,-1.1584093831182147,1.5454744268220897,0.0,0.0555555555555555,0.002666843301452267,0.0335124,22.4,5.299816242671772,10.453341563269596,18.0,4.147777777777778
39-5093,Shampooers,18.5,19.6,5.5,2.7,31470.0,No formal educational credential,21.2,23.5,10.6,3.5,both_vintages,-5.1,-0.905371,0.1428571428571428,0.1428571428571428,0.1428571428571428,0.0,0.0714285714285714,0.1428571428571428,0.0,4.0,4.5600000000000005,0.0063678828638217,0.25,0.25,0.25,1,0.4233629128442897,2,0.9999742715992195,1.736939521172456e-05,4.916584580563811e-10,0.9999742715992195,4.445895188213916e-52,1.0296747893403346e-12,8.358512880795061e-06,3.4766922623489826e-184,1,0,False,-2.524909837531015,-0.05347050686214964,0.0,0.0714285714285714,0.006347693561152918,-0.905371,10.6,3.1570004211501135,10.356789990058452,4.0,4.5600000000000005
39-5094,Skincare specialists,97.4,103.9,6.7,14.5,41560.0,Postsecondary nondegree award,80.5,93.9,16.7,13.5,both_vintages,-10.0,-0.2628396,0.0606060606060606,0.1969696969696969,0.3333333333333333,0.0606060606060606,0.106060606060606,0.1515151515151515,0.0,18.0,4.372777777777778,0.0076003763213355,0.0555555555555555,0.1944444444444444,0.3333333333333333,1,0.4106556866380636,2,0.9999849182915386,7.617281893365755e-06,3.98782111176711e-13,0.9999849182915386,2.6495453787149475e-33,3.78645290155973e-09,7.460639716412968e-06,3.1541772090936706e-262,1,0,False,-1.3945081879890286,0.8035470293318229,0.0,0.106060606060606,0.007571638979114051,-0.2628396,16.7,4.542230386214217,10.634893445213164,18.0,4.372777777777778
39-6011,Baggage porters and bellhops,32.5,32.0,-1.6,4.6,36020.0,High school diploma or equivalent,21.7,26.0,19.4,4.1,both_vintages,-21.0,-1.272015,0.074074074074074,0.1481481481481481,0.2222222222222222,0.2592592592592592,0.2777777777777778,0.2962962962962963,0.073,17.0,4.128823529411765,0.0200280186846008,0.125,0.21875,0.3125,1,0.3641004686549648,5,0.998774284204453,0.0012132175893441568,1.2330060426252164e-05,0.0,4.787097182409993e-31,1.6814577648080638e-07,0.998774284204453,0.0,1,0,False,-1.1785384325355155,0.7517447630473195,0.073,0.2777777777777778,0.019830096217533674,-1.272015,19.4,3.258096538021482,10.491829618729946,17.0,4.128823529411765
39-6012,Concierges,45.6,46.7,2.3,6.8,37320.0,High school diploma or equivalent,35.0,39.0,11.2,6.1,both_vintages,-8.899999999999999,0.855832,0.1333333333333333,0.4666666666666667,0.8,0.6666666666666666,0.7,0.7333333333333333,0.1875,18.0,3.851111111111111,0.0490943227243034,0.125,0.4375,0.75,0,0.1535648872091124,1,0.9569997714199816,7.345983424761769e-08,0.9569997714199816,0.0,1.3142345761543404e-08,0.043000141977838156,3.4179201186499106e-18,0.0,2,0,False,1.4681661020481722,-0.15863609688356228,0.1875,0.7,0.047927242172938735,0.855832,11.2,3.6635616461296463,10.52728465496128,18.0,3.851111111111111
39-9011,Childcare workers,991.6,962.4,-2.9,160.2,32050.0,High school diploma or equivalent,949.0,1010.6,6.5,170.1,both_vintages,-9.4,-0.3834794,0.1108722358722358,0.1414312039312039,0.1719901719901719,0.2374078624078623,0.3404484029484029,0.4434889434889435,0.0122,43.0,4.247906976744186,0.0369748037254166,0.1219512195121951,0.1585365853658536,0.1951219512195122,1,0.242099037923196,5,0.9823308921372063,0.017604927353197204,6.0356544389058304e-05,0.0,2.1762960503456247e-19,3.823965206677068e-06,0.9823308921372063,0.0,1,0,False,-0.49442777488359163,2.1579430396074972,0.0122,0.3404484029484029,0.036307631676812877,-0.3834794,6.5,6.918299492857808,10.375052462348815,43.0,4.247906976744186
39-9031,Exercise trainers and group fitness instructors,370.1,414.2,11.9,74.2,46180.0,High school diploma or equivalent,306.4,364.2,18.9,65.5,both_vintages,-6.999999999999998,-2.111948,0.0,0.0147058823529411,0.0294117647058823,0.1470588235294117,0.2352941176470588,0.3235294117647059,0.0,20.0,3.925,0.0139682591851572,0.0,0.025,0.05,1,0.3421492581382608,2,0.9999995853989476,2.502301060318919e-08,4.120040371691482e-08,0.9999995853989476,1.0782403536680897e-27,3.2134749963723166e-11,3.4834550353198943e-07,0.0,1,-1,True,-1.3024476376313034,2.119189800415115,0.0,0.2352941176470588,0.013871602100315045,-2.111948,18.9,5.897703167293508,10.740302082908487,20.0,3.925
39-9032,Recreation workers,327.7,341.1,4.1,68.1,35380.0,High school diploma or equivalent,279.6,307.7,10.0,61.7,both_vintages,-5.9,-0.2441154,0.119047619047619,0.238095238095238,0.3571428571428571,0.0952380952380952,0.25,0.4047619047619047,0.0,24.0,3.9479166666666665,0.0018487401862708,0.125,0.25,0.375,1,0.32782341383500424,2,0.9999900833036877,3.6524952443341116e-06,2.839246775960137e-07,0.9999900833036877,1.63338510507003e-23,6.60889226579109e-08,5.91418746768767e-06,6.998415315996062e-17,1,0,False,-0.6905591878499261,1.4521467742759673,0.0,0.25,0.001847033369449428,-0.2441154,10.0,5.729125282327996,10.473901967713775,24.0,3.9479166666666665
39-9041,Residential advisors,91.2,94.7,3.8,17.4,39180.0,High school diploma or equivalent,99.3,109.2,10.0,18.9,both_vintages,-6.2,0.4746119,0.1,0.24,0.38,0.18,0.28,0.38,0.067,30.0,3.826,0.0403641607335799,0.1,0.2333333333333333,0.3666666666666666,1,0.15594289196691918,0,0.9954382883061941,0.9954382883061941,0.004342689953129823,0.0,1.3585864662660412e-15,0.0002190215216601457,2.1901518941018035e-10,0.0,2,0,False,0.16549009872419923,0.9657897947195101,0.067,0.28,0.03957080641500231,0.4746119,10.0,4.693181063310805,10.575921691498532,30.0,3.826
41-1011,First-line supervisors of retail sales workers,1432.6,1360.3,-5.0,125.1,47320.0,High school diploma or equivalent,1505.7,1427.5,-5.2,153.0,both_vintages,0.2000000000000001,0.0191826,0.081081081081081,0.4864864864864865,0.8918918918918919,0.1621621621621621,0.4054054054054054,0.6486486486486487,0.2627,21.0,4.189047619047619,0.0403641607335799,0.0952380952380952,0.5,0.9047619047619048,0,-0.038725160196014734,4,0.9972894791169775,3.380696620867015e-13,0.0027105208814718613,0.0,1.2119590407691596e-12,0.9972894791169775,1.009377710474555e-55,0.0,2,-1,True,0.5644868628266039,0.9027348992678813,0.2627,0.4054054054054054,0.03957080641500231,0.0191826,-5.2,7.263679941530166,10.764688318092324,21.0,4.189047619047619
41-1012,First-line supervisors of non-retail sales workers,320.0,320.0,0.0,24.8,84130.0,High school diploma or equivalent,406.9,405.5,-0.3,37.1,both_vintages,0.3,1.316195,0.1111111111111111,0.537037037037037,0.9629629629629628,0.1851851851851851,0.4444444444444444,0.7037037037037037,0.2295,18.0,3.869444444444444,0.0157142915833021,0.1111111111111111,0.5277777777777778,0.9444444444444444,0,0.22224016343767797,1,0.8646316896699765,5.959735089081372e-07,0.8646316896699765,0.0,0.0015722262673639761,0.1337954880891505,5.289413651247141e-36,0.0,2,0,False,1.7396224008473988,-0.13021802285788525,0.2295,0.4444444444444444,0.015592100538052038,1.316195,-0.3,6.005120873555468,11.34011850054486,18.0,3.869444444444444
41-2011,Cashiers,3157.2,2843.6,-9.9,542.6,31190.0,No formal educational credential,3371.6,3036.0,-10.0,570.7,both_vintages,0.0999999999999996,-0.2480887,0.1395348837209302,0.2093023255813953,0.2790697674418604,0.2325581395348837,0.3604651162790697,0.4883720930232558,0.0846,28.0,4.351071428571428,0.2548180223409979,0.1785714285714285,0.25,0.3214285714285714,1,0.153379918751462,4,0.999852827673232,1.1792763561828566e-07,0.0001470543991332163,0.0,4.6678352467602686e-20,0.999852827673232,0.0,0.0,1,-1,True,-0.24195947004156032,1.582925440363908,0.0846,0.3604651162790697,0.22699055995119682,-0.2480887,-10.0,8.01829613851552,10.347852809601848,28.0,4.351071428571428
41-2012,Gambling change persons and booth cashiers,22.6,21.1,-6.4,4.0,34810.0,No formal educational credential,17.8,17.4,-2.3,3.3,both_vintages,-4.1000000000000005,-0.0500926,0.238095238095238,0.2619047619047618,0.2857142857142857,0.0,0.3095238095238095,0.6190476190476191,0.0,13.0,4.597692307692308,0.0,0.2307692307692307,0.2692307692307692,0.3076923076923077,1,0.34314580655374866,2,0.9741543516218225,1.235129122332754e-07,1.8975535182658954e-08,0.9741543516218225,5.995063786871234e-38,1.3167699151151254e-07,2.107388290077164e-07,0.02584516347390956,1,0,False,-1.6166897797762545,-0.9544787985071564,0.0,0.3095238095238095,0.0,-0.0500926,-2.3,2.856470206220483,10.457659980805484,13.0,4.597692307692308
41-2021,Counter and rental clerks,408.2,421.3,3.2,45.9,38540.0,No formal educational credential,391.4,408.6,4.4,50.6,both_vintages,-1.2000000000000002,0.0784367,0.2580645161290322,0.532258064516129,0.8064516129032258,0.5483870967741935,0.6774193548387096,0.8064516129032258,0.2048,16.0,4.175625,0.1629972597562126,0.25,0.53125,0.8125,0,0.061838114470703844,4,0.995389999724595,5.413905122064516e-13,0.004610000274697868,0.0,1.6653593648681108e-13,0.995389999724595,3.296119103192944e-151,0.0,2,-1,True,1.0950623742422807,0.5547160258842674,0.2048,0.6774193548387096,0.1510005173482078,0.0784367,4.4,6.0127366823835215,10.559451941968357,16.0,4.175625
41-2022,Parts salespersons,272.1,280.6,3.1,30.2,37440.0,No formal educational credential,270.5,280.1,3.6,35.6,both_vintages,-0.5,-0.1184909,0.1714285714285714,0.3428571428571428,0.5142857142857142,0.2857142857142857,0.3428571428571428,0.3999999999999999,0.0,19.0,4.196315789473684,0.0327637844122443,0.1578947368421052,0.3157894736842105,0.4736842105263157,1,0.3216370526645415,2,0.9974431906566881,0.000400550542573338,0.0002779512158614492,0.9974431906566881,9.774193228631097e-20,0.0004111460235018894,0.0014671615613749604,0.0,1,0,False,-0.6986367553514673,0.7541529976237223,0.0,0.3428571428571428,0.03223849449420707,-0.1184909,3.6,5.635146682266063,10.530494930591528,19.0,4.196315789473684
41-2031,Retail salespersons,3936.7,3917.1,-0.5,555.8,34580.0,No formal educational credential,3855.2,3847.5,-0.2,558.8,both_vintages,-0.3,0.0873069,0.0789473684210526,0.3421052631578947,0.6052631578947368,0.2631578947368421,0.3552631578947368,0.4473684210526315,0.3222,24.0,4.190833333333333,0.1205789432601094,0.125,0.375,0.625,0,-0.02154071949810732,4,0.9873686573567992,2.0096268143620185e-21,0.012631342643200238,0.0,4.4620552332809655e-17,0.9873686573567992,1.0340692112043925e-184,0.0,2,-1,True,0.7697567327840201,1.8332588362704758,0.3222,0.3552631578947368,0.11384546537827482,0.0873069,-0.2,8.255178865713034,10.451030759237282,24.0,4.190833333333333
41-3011,Advertising sales agents,103.7,97.1,-6.4,9.3,61460.0,High school diploma or equivalent,100.7,92.7,-7.9,10.9,both_vintages,1.5,1.162588,0.1794871794871795,0.5384615384615384,0.8974358974358974,0.4358974358974359,0.6923076923076923,0.9487179487179488,0.1482,20.0,4.1615,0.0591596859606667,0.2,0.55,0.9,0,0.169013311132344,4,0.999856357348939,4.919962249957043e-06,0.0001387207920509455,0.0,1.8967606428328454e-09,0.999856357348939,7.481322935488188e-19,0.0,2,0,False,1.3887848846898567,-1.0701250841510446,0.1482,0.6923076923076923,0.05747584463853551,1.162588,-7.9,4.529368472571809,11.026141835684475,20.0,4.1615
41-3021,Insurance sales agents,568.8,589.8,3.7,47.0,60370.0,High school diploma or equivalent,523.2,556.2,6.3,52.7,both_vintages,-2.6,1.341258,0.1515151515151515,0.5757575757575758,1.0,0.3333333333333333,0.5303030303030303,0.7272727272727273,0.3188,19.0,3.95,0.0423156087079769,0.1578947368421052,0.5789473684210527,1.0,0,0.23916313501687783,1,0.7062965731122874,2.38180124380996e-16,0.7062965731122874,0.0,4.1016033359939575e-05,0.29366241085435213,6.436558358743166e-84,0.0,2,0,False,2.1107966546846315,0.37788149072628785,0.3188,0.5303030303030303,0.04144478490571451,1.341258,6.3,6.3211279417998645,11.008247571790472,19.0,3.95
41-3031,"Securities, commodities, and financial services sales agents",514.5,531.6,3.3,38.1,78140.0,Bachelor's degree,466.9,514.5,10.2,46.6,both_vintages,-6.9,1.256298,0.2115384615384615,0.6057692307692308,1.0,0.2692307692307693,0.5192307692307693,0.7692307692307693,0.4413,30.0,4.191923076923077,0.2298600298263407,0.2,0.6,1.0,0,0.24936690464497313,1,0.7340050952513444,1.8434570211682792e-41,0.7340050952513444,0.0,0.00065492451853017,0.26533998023012556,0.0,0.0,2,-1,True,2.8615632514331306,0.521197151758947,0.4413,0.5192307692307693,0.20690036601981499,1.256298,10.2,6.243195555274104,11.266257368609061,30.0,4.191923076923077
41-3041,Travel agents,65.7,67.2,2.2,7.1,48450.0,High school diploma or equivalent,46.2,55.3,19.7,7.5,both_vintages,-17.5,1.133598,0.125,0.5625,1.0,0.25,0.5625,0.875,0.4054,8.0,4.445,0.0169467850408158,0.125,0.5625,1.0,0,0.09881969728045557,4,0.9990667853772481,1.3579262517018313e-27,0.000933214620243365,0.0,2.508707939896517e-12,0.9990667853772481,3.9650067634271523e-110,0.0,2,-1,True,1.5612115224619934,-0.49262189997384487,0.4054,0.5625,0.016804790270473543,1.133598,19.7,4.012772908528289,10.788287617318913,8.0,4.445
41-3091,"Sales representatives of services, except advertising, insurance, financial services, and travel",1226.7,1264.7,3.1,123.0,66260.0,High school diploma or equivalent,1063.9,1135.3,6.7,125.3,both_vintages,-3.6,,0.3333333333333333,0.6333333333333333,0.9333333333333332,0.3333333333333333,0.5666666666666667,0.8,,15.0,,0.0028758180675324,0.3333333333333333,0.6333333333333333,0.9333333333333332,0,-0.06223230574354164,2,0.9999756757060407,5.750458985369412e-10,2.0463653165626437e-05,0.9999756757060407,8.156440054485465e-11,3.859984165712458e-06,1.7650874701193215e-14,3.073134510106309e-56,2,0,False,0.45239939840408916,0.8525889838840531,0.0,0.5666666666666667,0.002871690813681007,-0.1260282,6.7,7.034652212170488,11.101341675853886,15.0,4.019375
41-4011,"Sales representatives, wholesale and manufacturing, technical and scientific products",303.2,308.9,1.9,27.2,100070.0,Bachelor's degree,280.7,295.1,5.1,30.4,both_vintages,-3.2,0.8911985,0.0789473684210526,0.4983130904183536,0.9176788124156546,0.3852901484480431,0.573549257759784,0.761808367071525,0.2706,46.0,3.918478260869565,0.2302708609788457,0.108695652173913,0.5108695652173914,0.9130434782608696,0,0.2934795516127959,1,0.7979873723549469,6.397786144898216e-18,0.7979873723549469,0.0,0.20200921598090227,3.411664150235248e-06,0.0,0.0,2,-1,True,2.7811529564142043,0.5740444591698176,0.2706,0.573549257759784,0.20723435731910683,0.8911985,5.1,5.687314281948894,11.513625220084501,46.0,3.918478260869565
41-4012,"Sales representatives, wholesale and manufacturing, except technical and scientific products",1310.5,1314.9,0.3,114.8,66780.0,High school diploma or equivalent,1316.9,1365.8,3.7,139.7,both_vintages,-3.4000000000000004,0.8224681,0.2413793103448275,0.6206896551724138,1.0,0.4827586206896551,0.7068965517241379,0.9310344827586208,0.6279,18.0,4.122222222222223,0.119243742014469,0.2222222222222222,0.6111111111111112,1.0,0,0.2122283193784118,4,0.9999993649972554,1.8904530657405337e-78,6.333138868866072e-07,0.0,1.6888582389061292e-09,0.9999993649972554,0.0,0.0,2,-1,True,3.322480992760812,0.4701009269802612,0.6279,0.7068965517241379,0.11265322689209757,0.8224681,3.7,7.219495616526989,11.109158913497646,18.0,4.122222222222223
41-9011,Demonstrators and product promoters,79.2,79.1,-0.1,14.0,37960.0,No formal educational credential,46.2,47.3,2.4,8.6,both_vintages,-2.5,0.1235652,0.0512820512820512,0.1282051282051282,0.2051282051282051,0.2051282051282051,0.3974358974358974,0.5897435897435898,0.0788,21.0,4.055238095238095,0.0617273806638207,0.0476190476190476,0.119047619047619,0.1904761904761904,1,0.22202674505476655,1,0.5393769111176172,0.38157927293187444,0.5393769111176172,0.0,1.7651628427879238e-17,0.07904381595050283,5.468453388508419e-15,0.0,2,0,False,-0.16606647690656462,0.003989925840803014,0.0788,0.3974358974358974,0.0598971861593274,0.1235652,2.4,3.856510295497887,10.544288252723865,21.0,4.055238095238095
41-9012,Models,6.7,6.7,-0.5,1.2,89990.0,No formal educational credential,2.4,2.6,9.2,0.5,both_vintages,-9.7,-1.122021,0.1333333333333333,0.2333333333333333,0.3333333333333333,0.0666666666666666,0.4,0.7333333333333334,0.0,10.0,3.615,0.0021568635506493,0.2222222222222222,0.3333333333333333,0.4444444444444444,1,0.16722248046983978,2,0.9998304141244702,9.86200077557991e-08,0.00016948439567196903,0.9998304141244702,3.627156233245406e-17,2.8496970694960495e-09,1.0153206489706055e-11,1.7448728205550546e-30,2,-1,True,-0.4011194697442016,-1.2186214672878446,0.0,0.4,0.002154540859679963,-1.122021,9.2,0.9555114450274363,11.407453832027993,10.0,3.615
41-9021,Real estate brokers,111.3,115.0,3.3,9.7,72280.0,High school diploma or equivalent,123.1,130.2,5.7,12.1,both_vintages,-2.4000000000000004,1.149681,0.0,0.5,1.0,0.125,0.421875,0.71875,0.2609,17.0,3.927058823529412,0.0611111339350636,0.0,0.5,1.0,0,0.21304684857361658,1,0.7948769198829883,7.081488719501342e-10,0.7948769198829883,0.0,7.66017340405955e-06,0.20511541923545912,3.3603521857262488e-80,0.0,2,0,False,1.5964404047564402,-0.25271314789787847,0.2609,0.421875,0.05931659866590329,1.149681,5.7,4.869071729774468,11.188302744706165,17.0,3.927058823529412
41-9022,Real estate sales agents,420.9,433.7,3.1,36.6,56320.0,High school diploma or equivalent,438.9,462.0,5.3,42.8,both_vintages,-2.2,0.8649445,0.0,0.4375,0.875,0.2857142857142857,0.4107142857142857,0.5357142857142857,0.2828,33.0,3.862121212121212,0.0911018080679016,0.0,0.4393939393939394,0.8787878787878788,0,0.18573941927569323,1,0.9842813351701138,1.1650498809612723e-13,0.9842813351701138,0.0,4.0610320238332055e-06,0.01571460379774663,2.359614603348179e-122,0.0,2,0,False,1.7396959009764448,0.9783895650528449,0.2828,0.4107142857142857,0.08718801878312597,0.8649445,5.3,6.135564891081739,10.938804990831924,33.0,3.862121212121212
41-9031,Sales engineers,56.8,59.9,5.5,5.0,121520.0,Bachelor's degree,60.7,64.1,5.7,6.9,both_vintages,-0.2000000000000001,1.145416,0.1590909090909091,0.5113636363636364,0.8636363636363636,0.3181818181818182,0.5340909090909091,0.75,0.3224,25.0,3.8244,0.074463146391464,0.16,0.52,0.88,0,0.29956204571908046,1,0.9613147117454282,3.270579246213932e-16,0.9613147117454282,0.0,0.0036858402508361692,0.03499944800373599,3.2687468280210697e-124,0.0,2,0,False,2.565663450061557,-0.7293356432748243,0.3224,0.5340909090909091,0.07182113813294556,1.145416,5.7,4.160444363926624,11.707834137269655,25.0,3.8244
41-9041,Telemarketers,67.4,52.5,-22.1,6.5,34410.0,No formal educational credential,115.7,94.7,-18.2,13.3,both_vintages,-3.900000000000002,1.118129,0.611111111111111,0.8055555555555555,1.0,0.2222222222222222,0.5277777777777778,0.8333333333333333,0.2852,12.0,4.3275,0.0401587451573277,0.5833333333333334,0.7916666666666666,1.0,0,0.02242600325135679,4,0.99999999973865,1.7061720492025102e-17,2.61350855213811e-10,0.0,9.983221566252089e-22,0.99999999973865,1.9517387105283278e-60,0.0,2,-1,True,0.579875882943903,-1.1915073019871887,0.2852,0.5277777777777778,0.03937334107940033,1.118129,-18.2,4.550714000192032,10.446102498791525,12.0,4.3275
41-9091,"Door-to-door sales workers, news and street vendors, and related workers",25.3,22.8,-10.0,2.7,34530.0,No formal educational credential,54.7,49.0,-10.4,6.1,both_vintages,0.4000000000000003,1.107101,0.1739130434782608,0.2608695652173913,0.3478260869565217,0.5217391304347826,0.5217391304347826,0.5217391304347826,0.1758,12.0,3.9958333333333336,0.0164332461001852,0.1666666666666666,0.25,0.3333333333333333,0,0.02892705328154718,4,0.9995013556531708,5.9903967689059445e-06,0.0004926539348712826,0.0,8.87821388722647e-15,0.9995013556531708,1.5180641363784745e-11,0.0,2,-1,True,0.5315403767322189,-0.9725827744324094,0.1758,0.5217391304347826,0.016299681590655427,1.107101,-10.4,3.8918202981106265,10.449583790384038,12.0,3.9958333333333336
43-1011,First-line supervisors of office and administrative support workers,1558.4,1554.4,-0.3,144.5,66140.0,High school diploma or equivalent,1521.8,1493.5,-1.9,159.6,both_vintages,1.6,1.038688,0.0833333333333333,0.4895833333333333,0.8958333333333333,0.2291666666666666,0.53125,0.8333333333333333,0.1856,28.0,3.7764285714285712,0.1431746566478638,0.0714285714285714,0.5,0.9285714285714286,0,0.21793931783992848,1,0.5835610507924088,4.457494741101729e-07,0.5835610507924088,0.0,0.0005985194809003462,0.4158399839772167,4.752266517529725e-143,0.0,2,0,False,2.0220337308661795,0.8744390899119381,0.1856,0.53125,0.13380917860530508,1.038688,-1.9,7.308877637656164,11.099528986535784,28.0,3.7764285714285712
43-2011,"Switchboard operators, including answering service",36.6,27.0,-26.3,2.8,38370.0,High school diploma or equivalent,49.0,37.2,-24.0,4.0,both_vintages,-2.3000000000000007,0.9832644,0.5161290322580645,0.6290322580645161,0.7419354838709677,0.3870967741935484,0.4838709677419355,0.5806451612903225,0.3863,19.0,4.269473684210527,0.2711485606530571,0.5263157894736842,0.631578947368421,0.7368421052631579,0,0.06643771246706325,4,0.9999999999999982,5.742520145952877e-41,1.5985741159336892e-15,0.0,7.214653271163603e-23,0.9999999999999982,0.0,0.0,2,-1,True,1.1371207014238451,-1.509972250884455,0.3863,0.4838709677419355,0.23992087023366496,0.9832644,-24.0,3.616308761279101,10.555031183240999,19.0,4.269473684210527
43-2021,Telephone operators,4.0,2.9,-27.5,0.3,39130.0,High school diploma or equivalent,4.0,3.0,-24.5,0.4,both_vintages,-3.0,1.019712,0.8421052631578947,0.894736842105263,0.9473684210526316,0.3684210526315789,0.5526315789473684,0.7368421052631579,0.0,14.0,4.097857142857142,0.0056489283469385,0.8461538461538461,0.8846153846153846,0.9230769230769232,1,0.07869628618755835,2,0.9998271683800908,2.736409720212264e-07,4.0968140751702833e-16,0.9998271683800908,2.7616899246929014e-26,0.00017253983576939378,1.814316756812708e-08,1.322815422233411e-159,1,-1,True,-0.42501744074888465,-2.7346778556951157,0.0,0.5526315789473684,0.0056330329842858235,1.019712,-24.5,1.0986122886681098,10.574644715204458,14.0,4.097857142857142
43-3011,Bill and account collectors,166.9,149.4,-10.5,13.7,46040.0,High school diploma or equivalent,215.4,197.9,-8.1,22.1,both_vintages,-2.4000000000000004,1.271991,0.3928571428571428,0.6964285714285714,1.0,0.1071428571428571,0.4285714285714285,0.75,0.2989,15.0,4.1546666666666665,0.0198226031083482,0.4,0.7,1.0,0,0.09214995446958318,4,0.9989815232471779,4.0158988745991765e-15,0.0010184767518559292,0.0,9.616613735207573e-13,0.9989815232471779,6.755624955108729e-64,0.0,2,-1,True,1.0218683640327089,-0.5104691771041219,0.2989,0.4285714285714285,0.019628693649372673,1.271991,-8.1,5.28776185260852,10.73726586283582,15.0,4.1546666666666665
43-3021,Billing and posting clerks,429.8,427.9,-0.4,42.2,47170.0,High school diploma or equivalent,445.3,450.0,1.1,51.5,both_vintages,-1.5,1.333455,0.6904761904761905,0.7738095238095237,0.8571428571428571,0.1904761904761904,0.4166666666666666,0.6428571428571428,0.1924,28.0,4.180434782608696,0.0201307264727269,0.7142857142857143,0.7857142857142857,0.8571428571428571,0,0.07761312350795083,4,0.9145584929949969,7.46990171978719e-06,0.0854340338671044,0.0,3.2361795478817105e-09,0.9145584929949969,1.1564015169037643e-23,0.0,2,0,False,1.0411000203571854,0.4538769947609382,0.1924,0.4166666666666666,0.019930782292533145,1.333455,1.1,6.1092475827643655,10.761513376278307,28.0,4.180434782608696
43-3031,"Bookkeeping, accounting, and auditing clerks",1613.4,1519.1,-5.8,170.0,49210.0,"Some college, no degree",1707.8,1630.6,-4.5,197.6,both_vintages,-1.2999999999999998,1.039749,0.6046511627906976,0.8023255813953488,1.0,0.1395348837209302,0.313953488372093,0.4883720930232558,0.3104,28.0,4.2942857142857145,0.1132866903031518,0.5714285714285714,0.7857142857142857,1.0,0,0.052275979543771486,4,0.8082971052315444,3.7061028669664044e-18,0.1917028947481444,0.0,2.0310361992219333e-11,0.8082971052315444,4.808494472823653e-185,0.0,2,-1,True,1.1407715978452582,0.8737844875026296,0.3104,0.313953488372093,0.10731662250559316,1.039749,-4.5,7.3967033242288105,10.803852133860024,28.0,4.2942857142857145
43-3041,Gambling cage workers,14.1,13.4,-5.0,1.3,36990.0,High school diploma or equivalent,11.6,11.6,0.3,1.3,both_vintages,-5.3,0.4026518,0.3870967741935484,0.4193548387096774,0.4516129032258064,0.3225806451612903,0.4193548387096774,0.5161290322580645,0.0653,17.0,4.635882352941176,0.0115032722701296,0.4117647058823529,0.4411764705882353,0.4705882352941176,1,0.23384174756199308,5,0.9994516645342291,9.112847640251443e-06,1.7285193589557782e-06,0.0,1.1939656548452506e-31,0.0005374940987719849,0.9994516645342291,0.0,1,0,False,-0.8566632159912749,-1.208113952111004,0.0653,0.4193548387096774,0.011437612687290988,0.4026518,0.3,2.451005098112319,10.5184028848265,17.0,4.635882352941176
43-3051,Payroll and timekeeping clerks,161.1,134.2,-16.7,13.0,55290.0,High school diploma or equivalent,157.7,133.9,-15.1,13.8,both_vintages,-1.5999999999999996,1.257632,0.6756756756756757,0.8378378378378379,1.0,0.1621621621621621,0.4864864864864865,0.8108108108108109,0.0487,21.0,4.337619047619048,0.0167413694645636,0.6666666666666666,0.8333333333333334,1.0,0,-0.034278023212189083,5,0.9988067873969353,1.7194151032884145e-05,5.347526550608198e-09,0.0,1.1629071661117284e-14,0.0011760131044932713,0.9988067873969353,0.0,2,0,False,0.2688906130886519,-1.0585954209713075,0.0487,0.4864864864864865,0.016602777413688492,1.257632,-15.1,4.897093252697127,10.920347339331979,21.0,4.337619047619048
43-3061,Procurement clerks,61.9,56.6,-8.7,4.6,48510.0,High school diploma or equivalent,63.9,59.6,-6.8,5.8,both_vintages,-1.8999999999999997,1.487838,0.2571428571428571,0.6142857142857142,0.9714285714285714,0.2571428571428571,0.4571428571428571,0.6571428571428571,0.2436,19.0,4.123684210526316,0.0087301619907232,0.2631578947368421,0.6052631578947368,0.9473684210526316,0,0.11064098429449903,4,0.9962604345582572,7.959687516650032e-10,0.0037395646446735137,0.0,1.0997803395668204e-12,0.9962604345582572,2.15909600091088e-36,0.0,2,0,False,1.027235549519961,-0.9592225349266094,0.2436,0.4571428571428571,0.008692274476275942,1.487838,-6.8,4.087655574071304,10.789525241239263,19.0,4.123684210526316
43-3071,Tellers,347.4,302.5,-12.9,29.8,39340.0,High school diploma or equivalent,378.0,334.3,-11.6,35.1,both_vintages,-1.3000000000000007,0.4727723,0.3125,0.5416666666666666,0.7708333333333333,0.2291666666666666,0.3333333333333333,0.4375,0.0231,28.0,4.275714285714286,0.0116059800582557,0.3571428571428571,0.5714285714285714,0.7857142857142857,1,0.2107109653435331,5,0.9987245963385477,7.875317631326803e-05,1.0747297449681366e-06,0.0,4.310056317671361e-19,0.0011955757553944036,0.9987245963385477,0.0,1,0,False,-0.5263084652121092,0.25283395583359747,0.0231,0.3333333333333333,0.011539147281229631,0.4727723,-11.6,5.812038793426053,10.57999709194305,28.0,4.275714285714286
43-4011,Brokerage clerks,40.8,36.9,-9.5,4.1,62940.0,High school diploma or equivalent,41.0,38.9,-5.1,4.5,both_vintages,-4.4,1.144877,0.5333333333333333,0.7666666666666666,1.0,0.7333333333333333,0.8,0.8666666666666667,0.1744,10.0,3.985,0.0087301619907233,0.4,0.7,1.0,0,0.20346810015657527,4,0.9998000083043769,4.212817063641618e-09,0.00019997327643189307,0.0,8.50484553423652e-09,0.9998000083043769,5.701528367447585e-09,0.0,2,0,False,1.6505791784641677,-1.5875424512449257,0.1744,0.8,0.008692274476276043,1.144877,-5.1,3.6609942506244004,11.049937170618398,10.0,3.985
43-4021,Correspondence clerks,6.9,6.5,-5.6,0.7,46740.0,High school diploma or equivalent,7.8,7.6,-2.1,0.9,both_vintages,-3.5,1.149758,0.9642857142857142,0.9642857142857142,0.9642857142857142,0.5714285714285714,0.7321428571428571,0.8928571428571428,0.2786,17.0,3.725882352941176,0.2585155027135396,0.9411764705882352,0.9411764705882352,0.9411764705882352,0,0.23277940056162758,4,0.9764110311124894,4.7220781223054715e-23,0.023588949772673232,0.0,1.911483685055684e-08,0.9764110311124894,0.0,0.0,2,-1,True,2.2267822031805165,-1.4742077649315577,0.2786,0.7321428571428571,0.2299328539230357,1.149758,-2.1,2.028148247292285,10.752355608092849,17.0,3.725882352941176
43-4031,"Court, municipal, and license clerks",180.4,185.9,3.0,18.5,47700.0,High school diploma or equivalent,156.8,159.8,1.9,18.3,both_vintages,1.1,1.166267,0.4363636363636363,0.7,0.9636363636363636,0.3090909090909091,0.5909090909090908,0.8727272727272727,0.102,30.0,4.368888888888889,0.067170893434507,0.4,0.6833333333333333,0.9666666666666668,0,0.058623124319290135,4,0.9930968833896869,0.005640210538190381,0.0012629058930153782,0.0,1.7910571906139966e-10,0.9930968833896869,1.3134464686922127e-15,0.0,2,0,False,0.9577945724170178,-0.09869997825370232,0.102,0.5909090909090908,0.06501112203902068,1.166267,1.9,5.073923033332174,10.772686676876432,30.0,4.368888888888889
43-4041,"Credit authorizers, checkers, and clerks",12.0,11.3,-6.2,1.0,49130.0,High school diploma or equivalent,17.3,16.6,-3.9,1.7,both_vintages,-2.3000000000000003,1.440296,0.35,0.65,0.95,0.25,0.5750000000000001,0.9,0.1296,16.0,3.954545454545455,0.0316339987428565,0.375,0.65625,0.9375,0,0.13115886130991386,4,0.9651101672269411,0.005904156407863423,0.028985642263391103,0.0,2.7250872528773786e-10,0.9651101672269411,3.3829295831158805e-08,0.0,2,0,False,1.0252373335026486,-1.4357751263257157,0.1296,0.5750000000000001,0.031143951774389184,1.440296,-3.9,2.8094026953624978,10.802225125162694,16.0,3.954545454545455
43-4051,Customer service representatives,2814.0,2660.3,-5.5,341.7,42830.0,High school diploma or equivalent,2898.9,2793.6,-3.6,389.4,both_vintages,-1.9,0.9562519,0.1363636363636363,0.5681818181818182,1.0,0.5454545454545454,0.7045454545454546,0.8636363636363636,0.7011,13.0,4.053846153846154,0.0654248610363625,0.1538461538461538,0.5769230769230769,1.0,0,0.1698189164638352,4,0.999999999999071,3.352556971013316e-99,9.262481575042315e-13,0.0,2.8615361406402642e-15,0.999999999999071,0.0,0.0,2,-1,True,3.1777859547985536,0.6742161199142388,0.7011,0.7045454545454546,0.06337365016032781,0.9562519,-3.6,7.935086365645283,10.664994070609417,13.0,4.053846153846154
43-4061,"Eligibility interviewers, government programs",166.8,168.5,1.0,14.0,51500.0,High school diploma or equivalent,156.9,156.9,0.0,15.4,both_vintages,1.0,1.226286,0.4,0.68,0.96,0.28,0.62,0.96,0.0597,17.0,4.205294117647059,0.0452941345636355,0.4117647058823529,0.6764705882352942,0.9411764705882352,0,0.08439483801737759,4,0.9778799939932799,0.005112262978416133,0.0021875397997042764,0.0,4.579389271713196e-09,0.9778799939932799,0.014820198649209719,0.0,2,0,False,0.9021461815944555,-0.5084203645166092,0.0597,0.62,0.044298314293900506,1.226286,0.0,5.055608659738987,10.849337086651827,17.0,4.205294117647059
43-4071,File clerks,84.3,70.9,-15.9,7.3,41270.0,High school diploma or equivalent,93.4,82.2,-11.9,10.0,both_vintages,-4.0,0.2839743,0.6764705882352942,0.7941176470588235,0.9117647058823528,0.1764705882352941,0.4705882352941176,0.7647058823529411,0.1568,19.0,3.966315789473684,0.0810364448315384,0.631578947368421,0.7631578947368421,0.8947368421052632,0,-0.04871913926782209,4,0.999887315875282,5.909216150786066e-05,5.359196316311994e-05,0.0,4.723652241254281e-14,0.999887315875282,1.6274867769420803e-45,0.0,2,-1,True,0.32709184523196155,-0.44545317438748705,0.1568,0.4705882352941176,0.07792025208649003,0.2839743,-11.9,4.409155302062135,10.627891122746627,19.0,3.966315789473684
43-4081,"Hotel, motel, and resort desk clerks",264.2,274.0,3.7,43.6,34270.0,High school diploma or equivalent,238.8,273.1,14.4,49.2,both_vintages,-10.7,0.6063127,0.2051282051282051,0.5,0.7948717948717948,0.2051282051282051,0.3974358974358974,0.5897435897435898,0.1725,20.0,4.441,0.0152007526426711,0.2,0.5,0.8,1,0.12235135958424219,4,0.9998729830297052,4.1000269777519165e-05,8.601669839935828e-05,0.0,1.2286927383460514e-17,0.9998729830297052,2.117949328610192e-12,0.0,2,0,False,0.16118816309809095,0.8130239976487315,0.1725,0.3974358974358974,0.015086378791555536,0.6063127,14.4,5.609838028479659,10.442025614868655,20.0,4.441
43-4111,"Interviewers, except eligibility and loan",164.3,145.1,-11.6,15.8,43830.0,High school diploma or equivalent,176.3,161.7,-8.3,20.7,both_vintages,-3.299999999999999,1.297031,0.5172413793103449,0.6724137931034483,0.8275862068965517,0.3103448275862069,0.4310344827586206,0.5517241379310345,0.3851,16.0,4.06125,0.188057960058995,0.5,0.65625,0.8125,0,0.1569483651834345,4,0.9999059272645187,1.7855300033040903e-32,9.407273475266995e-05,0.0,7.280544317950606e-13,0.9999059272645187,0.0,0.0,2,-1,True,1.6251978944476058,-0.4443598381303581,0.3851,0.4310344827586206,0.1723200076788079,1.297031,-8.3,5.085742766583061,10.688073793412855,16.0,4.06125
43-4121,"Library assistants, clerical",84.5,78.9,-6.7,12.8,36010.0,High school diploma or equivalent,82.5,79.5,-3.7,13.3,both_vintages,-3.0,0.2038919,0.3275862068965517,0.5344827586206896,0.7413793103448276,0.2413793103448275,0.4396551724137931,0.6379310344827586,0.0978,32.0,3.8578125,0.1233520535395156,0.34375,0.546875,0.75,0,-0.07811872052985429,1,0.9378010036169473,0.05031804122652293,0.9378010036169473,0.0,5.988916578429281e-14,0.01188095515647008,3.8487598667127564e-77,0.0,2,0,False,0.3728404816891014,0.3968336656277492,0.0978,0.4396551724137931,0.11631712042927557,0.2038919,-3.7,4.375757021660286,10.49155195664292,32.0,3.8578125
43-4131,Loan interviewers and clerks,177.6,173.5,-2.3,13.3,48950.0,High school diploma or equivalent,247.0,245.4,-0.7,23.3,both_vintages,-1.6,1.364395,0.1875,0.59375,1.0,0.125,0.5,0.875,0.2022,18.0,4.349444444444445,0.0236227912690162,0.1666666666666666,0.5833333333333334,1.0,0,0.07473917590310894,4,0.9915034263149685,1.2169054948618135e-07,0.008496451984445094,0.0,1.003776608435193e-11,0.9915034263149685,3.5333920544896245e-23,0.0,2,0,False,0.9637753108465354,-0.32538588546499053,0.2022,0.5,0.023348090851842813,1.364395,-0.7,5.502889532276811,10.798554647958657,18.0,4.349444444444445
43-4141,New accounts clerks,38.9,33.8,-13.2,2.3,46610.0,High school diploma or equivalent,41.7,36.9,-11.6,3.9,both_vintages,-1.5999999999999996,1.174998,0.28,0.56,0.8400000000000001,0.52,0.6,0.68,0.0,15.0,4.082666666666666,0.0,0.2666666666666666,0.5666666666666667,0.8666666666666667,0,-0.003502170000991905,2,0.9995433555840476,9.443037052614247e-08,2.436945163414995e-09,0.9995433555840476,5.467454048274439e-15,0.00045654688071235634,6.679189588388704e-10,3.578394982235179e-17,2,0,False,0.29615028329993204,-1.4103532168444468,0.0,0.6,0.0,1.174998,-11.6,3.6082115510464816,10.749570389366786,15.0,4.082666666666666
43-4151,Order clerks,89.5,74.1,-17.2,8.0,44660.0,"Some college, no degree",143.9,119.7,-16.8,13.0,both_vintages,-0.3999999999999986,0.8388861,0.4285714285714285,0.7142857142857143,1.0,0.4285714285714285,0.6,0.7714285714285714,0.0748,19.0,4.126315789473685,0.012427642363265,0.4210526315789473,0.7105263157894737,1.0,0,0.0007067171345527571,5,0.8164847413868076,3.2758977344858732e-06,2.077358578563897e-09,0.0,9.257419970711342e-14,0.18351198063800703,0.8164847413868076,0.0,2,0,False,0.4022905207985673,-0.9113648457299578,0.0748,0.6,0.012351053112282295,0.8388861,-16.8,4.784988612563928,10.70683352539415,19.0,4.126315789473685
43-4161,"Human resources assistants, except payroll and timekeeping",95.2,88.4,-7.1,9.0,49440.0,Associate's degree,106.1,101.3,-4.5,11.2,both_vintages,-2.6,1.353098,0.2758620689655172,0.6206896551724138,0.9655172413793104,0.1379310344827586,0.4655172413793103,0.7931034482758621,0.4046,19.0,3.726315789473684,0.0719981594764365,0.2631578947368421,0.6052631578947368,0.9473684210526316,0,0.2146316424788193,4,0.9718243584337106,5.134506244285301e-28,0.028175448265296794,0.0,1.9330099339167179e-07,0.9718243584337106,1.1925279410972778e-177,0.0,2,-1,True,2.0480357546781245,-0.37397368151608795,0.4046,0.4655172413793103,0.06952434574082712,1.353098,-4.5,4.618086411254637,10.808515092131572,19.0,3.726315789473684
43-4171,Receptionists and information clerks,1007.2,1007.6,0.0,128.5,37230.0,High school diploma or equivalent,1037.1,1041.4,0.4,142.3,both_vintages,-0.4,1.013186,0.2,0.5333333333333333,0.8666666666666667,0.4333333333333333,0.5833333333333334,0.7333333333333333,0.4338,18.0,3.9883333333333337,0.1587862404430398,0.2222222222222222,0.5555555555555556,0.8888888888888888,0,0.18600889564633344,4,0.9971736138715587,2.5110197660462493e-39,0.0028263860234628247,0.0,1.049778096421379e-10,0.9971736138715587,1.9e-322,0.0,2,-1,True,2.2227415472116103,0.7942989063476005,0.4338,0.5833333333333334,0.14737311287210977,1.013186,0.4,6.948321240728799,10.524870166866762,18.0,3.9883333333333337
43-4181,Reservation and transportation ticket agents and travel clerks,131.9,135.6,2.8,14.4,41460.0,High school diploma or equivalent,109.2,117.3,7.4,14.3,both_vintages,-4.6000000000000005,0.227312,0.1142857142857142,0.4571428571428571,0.7999999999999999,0.3714285714285714,0.5285714285714286,0.6857142857142857,0.2467,21.0,4.259047619047619,0.0207469732014838,0.0952380952380952,0.4523809523809524,0.8095238095238095,0,-0.015832108784093128,4,0.7951184123360927,2.7415267287243174e-12,0.20488158766114126,0.0,2.414383732642388e-14,0.7951184123360927,5.219537213555137e-32,0.0,2,-1,True,0.675113150578736,0.21736889214454197,0.2467,0.5285714285714286,0.02053468594397097,0.227312,7.4,4.76473475565943,10.63248438598977,21.0,4.259047619047619
43-5011,Cargo and freight agents,100.6,109.2,8.5,8.8,49900.0,High school diploma or equivalent,88.6,96.5,8.8,11.2,both_vintages,-0.3000000000000007,1.405415,0.2061177815894796,0.5273013150371642,0.8484848484848485,0.2152658662092623,0.4288164665523156,0.6423670668953687,0.0165,55.0,3.804545454545455,0.0401587451573273,0.1818181818181818,0.5,0.8181818181818182,0,0.09331193531560407,0,0.9999910512642043,0.9999910512642043,2.0685829428157395e-09,0.0,8.946664197125961e-06,1.7761614772449038e-12,1.2393496077046283e-12,0.0,2,-1,True,1.2725900712254847,0.9650832240033677,0.0165,0.4288164665523156,0.039373341079399944,1.405415,8.8,4.56954300834494,10.81777628173961,55.0,3.804545454545455
43-5021,Couriers and messengers,247.2,267.6,8.2,27.9,38340.0,High school diploma or equivalent,178.9,178.3,-0.3,19.1,both_vintages,8.5,-0.9591126,0.2413793103448275,0.3103448275862069,0.3793103448275862,0.0,0.1551724137931034,0.3103448275862069,0.0412,15.0,4.294666666666667,0.0121195189988866,0.2666666666666666,0.3333333333333333,0.4,1,0.45835180083583127,5,0.997032995759927,0.002657500868254182,0.0003087969751265648,0.0,3.3491155690907867e-31,7.063966923656888e-07,0.997032995759927,0.0,1,0,False,-1.6719028479108606,0.637004908281072,0.0412,0.1551724137931034,0.012046665669363845,-0.9591126,-0.3,5.183467524869095,10.554249016599636,15.0,4.294666666666667
43-5031,Public safety telecommunicators,105.2,108.9,3.5,10.7,50730.0,High school diploma or equivalent,99.5,103.2,3.6,10.9,both_vintages,-0.1,0.9074452,0.40625,0.65625,0.90625,0.4375,0.59375,0.75,0.0465,18.0,4.562777777777778,0.0264986093365486,0.3888888888888889,0.6388888888888888,0.8888888888888888,0,-0.0628844943725126,5,0.998194684214777,1.150209909769794e-06,1.8931205448276654e-07,0.0,3.0212139791144324e-16,0.0018039762632582757,0.998194684214777,0.0,2,0,False,0.30259333084709983,-0.628372812631482,0.0465,0.59375,0.02615360271368179,0.9074452,3.6,4.636668853047462,10.834272730560736,18.0,4.562777777777778
43-5032,"Dispatchers, except police, fire, and ambulance",218.7,216.7,-0.9,18.5,48880.0,High school diploma or equivalent,202.9,203.0,0.1,20.7,both_vintages,-1.0,1.234523,0.3478260869565217,0.6739130434782609,1.0,0.3478260869565217,0.6521739130434783,0.9565217391304348,0.2258,12.0,4.355833333333334,0.0029785258556585,0.3333333333333333,0.6666666666666666,1.0,0,0.11667469558700569,4,0.9974933910274928,8.94871252832485e-12,0.0025066089580263497,0.0,5.532643485689173e-12,0.9974933910274928,5.689544153900715e-22,0.0,2,0,False,1.2178106769316983,-0.626845668778081,0.2258,0.6521739130434783,0.002974098836005279,1.234523,0.1,5.313205979041787,10.797123593845477,12.0,4.355833333333334
43-5041,"Meter readers, utilities",20.1,17.7,-12.0,1.3,49180.0,High school diploma or equivalent,24.5,21.8,-10.9,1.6,both_vintages,-1.0999999999999996,-0.9723772,0.3333333333333333,0.4374999999999999,0.5416666666666666,0.0833333333333333,0.3541666666666666,0.625,0.0,12.0,4.058333333333334,0.0,0.3333333333333333,0.4166666666666667,0.5,1,0.3606291543761798,2,0.9999491919685286,3.0398596631823915e-08,1.5752410736098342e-09,0.9999491919685286,8.788507247095328e-26,4.414734548914027e-09,8.77357646386375e-11,5.0771555163410454e-05,1,0,False,-1.3311070716297386,-0.8810392370203335,0.0,0.3541666666666666,0.0,-0.9723772,-10.9,3.0819099697950434,10.803242315770184,12.0,4.058333333333334
43-5051,Postal service clerks,74.2,71.6,-3.5,6.1,61630.0,No formal educational credential,76.3,72.7,-4.8,6.4,both_vintages,1.2999999999999998,-0.5186997,0.1481481481481481,0.3148148148148147,0.4814814814814814,0.1481481481481481,0.2777777777777778,0.4074074074074074,0.0,19.0,4.278421052631579,0.0020541557625231,0.1578947368421052,0.3684210526315789,0.5789473684210527,1,0.3989116904686206,2,0.9999957585308246,7.107565606226315e-07,1.1605799575203995e-06,0.9999957585308246,2.5455101000669526e-21,2.7184912027310015e-09,2.367414166171505e-06,1.8850912144114438e-21,1,0,False,-1.0638073824502907,-0.3477977847486475,0.0,0.2777777777777778,0.0020520488693392394,-0.5186997,-4.8,4.286341384539473,11.028904043956288,19.0,4.278421052631579
43-5052,Postal service mail carriers,319.4,308.1,-3.5,20.6,57490.0,No formal educational credential,322.9,307.4,-4.8,22.8,both_vintages,1.2999999999999998,-1.064715,0.2051282051282051,0.2307692307692307,0.2564102564102564,0.1794871794871795,0.3461538461538461,0.5128205128205128,0.0,21.0,4.247142857142857,0.0,0.1904761904761904,0.2142857142857142,0.238095238095238,1,0.35545232036179253,2,0.9999884537753924,1.0554564505701904e-09,3.679188749924968e-07,0.9999884537753924,6.695942621405824e-20,1.5263212697757675e-09,2.2464601067616407e-12,1.1175721708394932e-05,1,0,False,-1.0334893079252494,0.46219775234923244,0.0,0.3461538461538461,0.0,-1.064715,-4.8,5.728149831104496,10.959366298617336,21.0,4.247142857142857
43-5053,"Postal service mail sorters, processors, and processing machine operators",106.4,97.5,-8.4,7.8,56530.0,No formal educational credential,107.9,97.7,-9.4,8.9,both_vintages,1.0,-1.185001,0.1,0.1,0.1,0.05,0.125,0.2,0.0,14.0,4.217142857142857,0.0,0.1428571428571428,0.1428571428571428,0.1428571428571428,1,0.45501582396222406,6,0.9887990842636172,6.605230536739541e-09,6.226578639076323e-11,0.011200855866429549,3.8800411649675186e-31,4.4869138382049343e-14,5.320241171659041e-08,0.9887990842636172,1,0,False,-1.8537916927206188,-0.10555050755197196,0.0,0.125,0.0,-1.185001,-9.4,4.581901559048737,10.942526749669337,14.0,4.217142857142857
43-5061,"Production, planning, and expediting clerks",388.8,381.7,-1.8,34.1,57770.0,High school diploma or equivalent,377.9,396.8,5.0,44.8,both_vintages,-6.8,0.6999103,0.2692307692307693,0.5961538461538461,0.9230769230769232,0.1538461538461538,0.5192307692307693,0.8846153846153847,0.0934,17.0,3.757058823529412,0.0252661158790348,0.2941176470588235,0.6176470588235294,0.9411764705882352,0,0.11719637459045729,1,0.8202525812866747,0.0395228250789,0.8202525812866747,0.0,3.347603825447097e-05,0.053166838497722635,0.08702427909844733,0.0,2,0,False,1.1179076091889835,0.4806596092077934,0.0934,0.5192307692307693,0.024952204141407905,0.6999103,5.0,5.983432375410718,10.96422488877531,17.0,3.757058823529412
43-5071,"Shipping, receiving, and inventory clerks",862.2,795.8,-7.7,69.3,43190.0,High school diploma or equivalent,814.3,757.2,-7.0,80.7,both_vintages,-0.7000000000000002,-0.7463213,0.2857142857142857,0.5,0.7142857142857142,0.1904761904761904,0.3571428571428571,0.5238095238095237,0.0,11.0,3.919090909090909,0.0063678828638217,0.2727272727272727,0.5,0.7272727272727273,1,0.26740165378619335,2,0.9999999414886637,1.998496103758155e-09,3.7172779237893546e-09,0.9999999414886637,1.8361019153149832e-19,5.264336224232186e-08,1.5220010263350237e-10,5.28575704508667e-191,1,0,False,-0.8162202584027125,0.8034590569514055,0.0,0.3571428571428571,0.006347693561152918,-0.7463213,-7.0,6.629627419335168,10.673364265954747,11.0,3.919090909090909
43-5111,"Weighers, measurers, checkers, and samplers, recordkeeping",49.8,47.4,-4.8,5.3,45650.0,High school diploma or equivalent,55.9,56.0,0.1,6.4,both_vintages,-4.9,-0.1860789,0.2068965517241379,0.293103448275862,0.3793103448275862,0.1724137931034483,0.2758620689655172,0.3793103448275862,0.0,18.0,4.027222222222222,0.0,0.1111111111111111,0.2222222222222222,0.3333333333333333,1,0.38793394219808863,2,0.8501998503747911,7.508497306668338e-06,4.6788183716476836e-06,0.8501998503747911,8.924701535097198e-23,3.1886895462296977e-07,2.7752252142040895e-06,0.14978486821536185,1,0,False,-0.8591183545740153,-0.02834861329942231,0.0,0.2758620689655172,0.0,-0.1860789,0.1,4.02535169073515,10.728758886023115,18.0,4.027222222222222
43-6011,Executive secretaries and executive administrative assistants,502.8,494.9,-1.6,50.0,74260.0,High school diploma or equivalent,508.0,405.4,-20.2,42.3,both_vintages,18.6,1.079643,0.3783783783783784,0.6486486486486487,0.918918918918919,0.6216216216216217,0.7432432432432433,0.8648648648648649,0.2336,22.0,3.8595454545454544,0.191241901490906,0.3636363636363636,0.6363636363636364,0.9090909090909092,0,0.21422161994412872,4,0.9999998724850193,1.07067391610422e-14,5.292185556994856e-14,0.0,1.27514916380841e-07,0.9999998724850193,4.6957657225268595e-238,0.0,2,-1,True,2.3376982117312766,-0.7885873355140436,0.2336,0.7432432432432433,0.1749963776344408,1.079643,-20.2,6.004874234017899,11.21532772773107,22.0,3.8595454545454544
43-6012,Legal secretaries and administrative assistants,156.3,147.3,-5.8,19.6,54140.0,High school diploma or equivalent,157.8,127.5,-19.2,14.6,both_vintages,13.4,1.014541,0.3913043478260869,0.6956521739130435,1.0,0.5217391304347826,0.7608695652173912,1.0,0.0,14.0,3.9692857142857134,0.0099626554482372,0.3571428571428571,0.6785714285714286,1.0,0,0.07269512542397553,2,0.9998547769412268,6.730504411408682e-11,2.7320529512011166e-15,0.9998547769412268,5.757118848891346e-14,0.0001452229911201787,2.880597609832303e-13,0.0,2,-1,True,0.8204876067621739,-1.3235610242208995,0.0,0.7608695652173912,0.009913355365857633,1.014541,-19.2,4.848116364598481,10.899328563168293,14.0,3.9692857142857134
43-6013,Medical secretaries and administrative assistants,850.0,885.3,4.2,85.9,44640.0,High school diploma or equivalent,672.3,725.8,8.0,85.8,both_vintages,-3.8,1.217982,0.3333333333333333,0.6666666666666666,1.0,0.3703703703703703,0.611111111111111,0.8518518518518519,0.3623,15.0,4.354,0.0499159850293124,0.4,0.7,1.0,0,0.1465491658438293,4,0.9764796976600535,1.6250154872468415e-24,0.023520302315407186,0.0,2.4540112688578384e-11,0.9764796976600535,9.254699800455093e-104,0.0,2,-1,True,1.8157714277211723,0.37754805009486603,0.3623,0.611111111111111,0.048710146710322796,1.217982,8.0,6.58727449477897,10.706385597055192,15.0,4.354
43-6014,"Secretaries and administrative assistants, except legal, medical, and executive",1944.0,1913.2,-1.6,202.8,46290.0,High school diploma or equivalent,2075.6,1868.0,-10.0,211.2,both_vintages,8.4,1.099056,0.3846153846153846,0.6442307692307693,0.903846153846154,0.3653846153846154,0.5673076923076923,0.7692307692307693,0.4528,31.0,3.7761290322580647,0.5626332633550931,0.3225806451612903,0.6129032258064516,0.9032258064516128,0,0.22375441225331955,4,0.9999966980609132,4.6277623173453056e-82,2.761746810213909e-12,0.0,3.3019363250723917e-06,0.9999966980609132,0.0,0.0,2,-1,True,3.2298233702411494,1.0490573158719705,0.4528,0.5673076923076923,0.44637238753881775,1.099056,-10.0,7.532623618788788,10.742681234025316,31.0,3.7761290322580647
43-9021,Data entry keyers,141.6,104.9,-25.9,9.5,39850.0,High school diploma or equivalent,155.9,117.4,-24.7,13.1,both_vintages,-1.1999999999999993,0.3108081,0.8571428571428571,0.8928571428571428,0.9285714285714284,0.2142857142857142,0.4999999999999999,0.7857142857142857,0.6707,9.0,4.275555555555555,0.0073949607450833,0.7777777777777778,0.8333333333333334,0.8888888888888888,0,0.059625765419279275,4,1.0,1.527025979230356e-89,8.16861174874774e-28,0.0,4.399110341047484e-27,1.0,0.0,0.0,2,-1,True,1.3165835146290854,-1.2447757369097499,0.6707,0.4999999999999999,0.00736775207854896,0.3108081,-24.7,4.765586907393996,10.592877684218362,9.0,4.275555555555555
43-9022,Word processors and typists,40.0,25.6,-36.1,2.2,47850.0,High school diploma or equivalent,46.1,28.5,-38.2,3.1,both_vintages,2.1000000000000014,0.6219606,0.7027027027027027,0.7432432432432433,0.7837837837837838,0.1891891891891892,0.4864864864864865,0.7837837837837838,0.2385,19.0,3.91421052631579,0.3599907973821835,0.6842105263157895,0.7368421052631579,0.7894736842105263,0,0.03609541195683275,4,0.9999999999999893,2.3257254823892428e-27,2.811801799097093e-32,0.0,9.999641673231643e-15,0.9999999999999893,0.0,0.0,2,-1,True,0.8870476614329298,-1.947052618041627,0.2385,0.4864864864864865,0.3074779330943195,0.6219606,-38.2,3.349904087274605,10.7758263968811,19.0,3.91421052631579
43-9031,Desktop publishers,5.0,4.4,-12.4,0.4,53620.0,Associate's degree,9.5,8.2,-13.7,0.9,both_vintages,1.299999999999999,0.3437743,0.3225806451612903,0.6451612903225806,0.967741935483871,0.032258064516129,0.4838709677419355,0.935483870967742,0.464,18.0,4.098888888888889,0.1833334018051917,0.3333333333333333,0.6388888888888888,0.9444444444444444,0,0.0916732393696893,4,0.9999999992769002,7.053501654515342e-47,7.230995892973727e-10,0.0,2.9844836589986884e-19,0.9999999992769002,0.0,0.0,2,-1,True,1.3307316581959907,-1.7506490069687601,0.464,0.4838709677419355,0.16833537268275534,0.3437743,-13.7,2.1041341542702074,10.88967741178995,18.0,4.098888888888889
43-9041,Insurance claims and policy processing clerks,256.7,247.2,-3.7,20.3,48450.0,High school diploma or equivalent,247.8,242.0,-2.3,24.6,both_vintages,-1.4000000000000004,1.240201,0.6666666666666666,0.8333333333333333,1.0,0.2619047619047618,0.5119047619047619,0.7619047619047619,0.1467,25.0,4.281428571428571,0.0668627700701285,0.68,0.84,1.0,0,0.07224189840269558,4,0.9900057664157212,0.00016742782288824834,0.00982680564346114,0.0,1.179293757258073e-10,0.9900057664157212,5.27524984132732e-31,0.0,2,0,False,0.9507571297199698,-0.12148520034367215,0.1467,0.5119047619047619,0.06472235118053887,1.240201,-2.3,5.488937726156687,10.788287617318913,25.0,4.281428571428571
43-9051,"Mail clerks and mail machine operators, except postal service",67.4,62.9,-6.6,6.9,38150.0,High school diploma or equivalent,74.2,69.2,-6.8,8.9,both_vintages,0.2000000000000001,-0.8184676,0.1081081081081081,0.2162162162162162,0.3243243243243243,0.054054054054054,0.1216216216216216,0.1891891891891892,0.0,26.0,3.981923076923077,0.0,0.1538461538461538,0.2692307692307692,0.3846153846153846,1,0.4472092737074578,6,0.9938926956400282,1.2827419229229917e-07,1.0921105962765476e-09,0.006106339549758799,4.009858818640308e-36,7.626531925179426e-12,8.354362834980468e-07,0.9938926956400282,1,0,False,-1.5917079331814168,0.47713270609824443,0.0,0.1216216216216216,0.0,-0.8184676,-6.8,4.237000862623624,10.549281036712603,26.0,3.981923076923077
43-9061,"Office clerks, general",2646.0,2468.2,-6.7,282.4,43630.0,High school diploma or equivalent,2751.8,2621.1,-4.8,325.4,both_vintages,-1.9000000000000004,0.9888986,0.3636363636363636,0.5757575757575758,0.7878787878787878,0.2121212121212121,0.5,0.7878787878787878,0.4504,20.0,3.792,0.8189919025179837,0.4,0.575,0.75,0,0.20543283762541728,4,0.999994882721287,7.235437937454007e-117,4.4580109380533875e-18,0.0,5.117278712364244e-06,0.999994882721287,0.0,0.0,2,-1,True,3.1918191148431463,1.2613048869941208,0.4504,0.5,0.5982824479141932,0.9888986,-4.8,7.871349355972159,10.683500266117655,20.0,3.792
43-9071,"Office machine operators, except computer",25.5,21.6,-15.2,2.8,39020.0,High school diploma or equivalent,34.3,29.9,-12.8,4.3,both_vintages,-2.3999999999999986,-0.5171404,0.2941176470588235,0.3970588235294117,0.5,0.0,0.1764705882352941,0.3529411764705882,0.0239,18.0,3.993333333333333,0.0413912386148414,0.2777777777777778,0.3888888888888889,0.5,1,0.3834841287857358,0,0.9998976522741618,0.9998976522741618,1.3357903667481732e-05,0.0,2.707662429478063e-29,8.896254654160801e-05,2.7275629005197093e-08,0.0,1,0,False,-1.4178898389460917,-0.4327914208352346,0.0239,0.1764705882352941,0.04055754862776983,-0.5171404,-12.8,3.3978584803966405,10.571829614177101,18.0,3.993333333333333
43-9081,Proofreaders and copy markers,12.0,11.9,-0.6,1.9,49210.0,Bachelor's degree,10.5,10.7,2.4,1.5,both_vintages,-3.0,1.288375,0.95,0.975,1.0,0.2,0.6000000000000001,1.0,0.1781,11.0,4.180909090909091,0.0334827389291274,0.9090909090909092,0.9545454545454546,1.0,0,0.09544824116683533,4,0.9710409567372562,2.6644474373750944e-06,0.028956378815115785,0.0,1.903109116657638e-13,0.9710409567372562,5.72101666292609e-16,0.0,2,0,False,0.9496200234627533,-1.6343225829045998,0.1781,0.6000000000000001,0.03293439843187972,1.288375,2.4,2.3702437414678603,10.803852133860024,11.0,4.180909090909091
43-9111,Statistical assistants,6.5,6.3,-2.5,0.8,51440.0,Bachelor's degree,8.5,8.6,1.7,0.9,both_vintages,-4.2,1.389965,0.8260869565217391,0.8913043478260869,0.9565217391304348,0.3478260869565217,0.6739130434782609,1.0,0.5099,14.0,4.1850000000000005,0.3645099400597346,0.7142857142857143,0.8214285714285714,0.9285714285714286,0,0.2144746397056645,4,0.9999365950985576,1.7756440408611672e-72,6.340490143231772e-05,0.0,9.84487956025934e-15,0.9999365950985576,0.0,0.0,2,-1,True,2.743768415707339,-1.7121797042920603,0.5099,0.6739130434782609,0.31079534590317753,1.389965,1.7,2.151762203259462,10.8481713589115,14.0,4.1850000000000005
45-1011,"First-line supervisors of farming, fishing, and forestry workers",65.4,67.0,2.5,8.5,59330.0,High school diploma or equivalent,53.3,56.7,6.4,8.2,both_vintages,-3.9,-0.4791843,0.1403508771929824,0.2807017543859649,0.4210526315789473,0.0,0.1578947368421052,0.3157894736842105,0.0,30.0,3.924074074074074,0.0,0.1333333333333333,0.2833333333333333,0.4333333333333333,1,0.4020539926588373,6,0.9625534373716854,5.099669928712063e-06,8.503093043279494e-08,0.037440385560716875,1.5292156840341067e-23,2.1352923956678516e-10,9.921532093643976e-07,0.9625534373716854,1,0,False,-0.7720384981739875,0.5749389547288366,0.0,0.1578947368421052,0.0,-0.4791843,6.4,4.037774210733707,10.990870359252689,30.0,3.924074074074074
45-2011,Agricultural inspectors,14.7,14.9,1.5,2.2,50990.0,Bachelor's degree,14.1,14.2,0.5,2.5,both_vintages,1.0,0.1704867,0.0833333333333333,0.2916666666666666,0.5,0.125,0.2916666666666666,0.4583333333333333,0.0,16.0,4.264375,0.0082166230500924,0.125,0.25,0.375,1,0.3551208439334805,2,0.9999794669144195,1.1180421630242586e-05,6.313024004195828e-07,0.9999794669144195,7.255134067414767e-26,4.4512617473890983e-07,8.276235375115211e-06,2.42025416855245e-309,1,0,False,-0.9149059157872377,-0.9664649346377758,0.0,0.2916666666666666,0.008183050380194973,0.1704867,0.5,2.653241964607215,10.839384814049202,16.0,4.264375
45-2021,Animal breeders,7.9,8.1,2.4,1.2,52000.0,High school diploma or equivalent,7.3,7.6,4.3,1.2,both_vintages,-1.9,-1.044292,0.0909090909090909,0.1666666666666666,0.2424242424242424,0.0303030303030303,0.0757575757575757,0.1212121212121212,0.0,21.0,3.9780952380952384,0.0020541557625231,0.0952380952380952,0.1666666666666666,0.238095238095238,1,0.4730141749318861,2,0.9999444859199819,4.656480739146598e-05,5.058276026769075e-07,0.9999444859199819,2.0997132817821082e-38,1.7723269010492787e-11,8.443427300673198e-06,2.5527395668960962e-17,1,0,False,-1.6893941262330805,-0.26634496454448636,0.0,0.0757575757575757,0.0020520488693392394,-1.044292,4.3,2.028148247292285,10.858998997563564,21.0,3.9780952380952384
45-2041,"Graders and sorters, agricultural products",38.9,36.8,-5.4,5.1,35430.0,No formal educational credential,35.1,34.8,-0.8,5.2,both_vintages,-4.6000000000000005,-1.370968,0.1,0.1,0.1,0.0,0.05,0.1,0.0,5.0,4.434,0.0,0.2,0.2,0.2,1,0.47262898257974073,6,0.9959631497312381,5.346241937590473e-08,3.432706727573265e-10,0.004036767759095438,4.960501656478774e-52,5.176097747015276e-16,2.8703975675010593e-08,0.9959631497312381,1,0,False,-2.723786808297495,-0.13705426819727698,0.0,0.05,0.0,-1.370968,-0.8,3.5496173867804286,10.475314197859518,5.0,4.434
45-2091,Agricultural equipment operators,65.2,70.3,7.7,10.5,42580.0,No formal educational credential,66.6,74.7,12.1,12.1,both_vintages,-4.4,-1.145156,0.0,0.0,0.0,0.0,0.0,0.0,0.0,17.0,4.152352941176471,0.0,0.0,0.0,0.0,1,0.4955098045867154,6,0.9975175281562659,3.744107743329592e-08,3.8397277621661524e-12,0.002482003239058868,3.727440066973795e-43,2.951691482471971e-14,4.3115972874376557e-07,0.9975175281562659,1,0,False,-1.9611468517358446,0.9756872723640162,0.0,0.0,0.0,-1.145156,12.1,4.3134800921387715,10.65913993844747,17.0,4.152352941176471
45-2092,"Farmworkers and laborers, crop, nursery, and greenhouse",504.8,488.1,-3.3,71.7,35690.0,No formal educational credential,562.9,575.7,2.3,92.6,both_vintages,-5.6,-1.601349,0.0714285714285714,0.1428571428571428,0.2142857142857142,0.0,0.0714285714285714,0.1428571428571428,0.0203,27.0,3.607692307692308,0.066349231129498,0.074074074074074,0.1666666666666666,0.2592592592592592,1,0.32143055486488054,0,0.9841912075804478,0.9841912075804478,0.01580607183280409,0.0,1.5100536982965734e-29,2.720586747572589e-06,2.254000718016082e-19,0.0,1,0,False,-1.2896227646405083,2.268475909787169,0.0203,0.0714285714285714,0.06424088103105335,-1.601349,2.3,6.355586691681764,10.482625816484205,27.0,3.607692307692308
45-2093,"Farmworkers, farm, ranch, and aquacultural animals",224.6,213.4,-5.0,31.2,36150.0,No formal educational credential,228.5,213.6,-6.5,34.0,both_vintages,1.5,-1.108432,0.0,0.0625,0.125,0.0,0.078125,0.15625,0.0,19.0,4.072631578947369,0.001951447974397,0.0,0.0789473684210526,0.1578947368421052,1,0.45279732892646,2,0.9999103805866983,1.0544290677817872e-06,1.5729749780362152e-08,0.9999103805866983,1.0269992539110288e-36,2.7713872780707095e-10,8.854897734465812e-05,7.825025811439999e-16,1,0,False,-1.9335648596931532,0.8721237264697487,0.0,0.078125,0.0019495463733137737,-1.108432,-6.5,5.36410510708604,10.49543222758691,19.0,4.072631578947369
45-3031,Fishing and hunting workers,21.9,20.9,-4.6,2.8,,No formal educational credential,28.6,29.2,2.1,4.4,both_vintages,-6.699999999999999,,0.0,0.043859649122807,0.087719298245614,0.0,0.0087719298245614,0.0175438596491228,,29.0,4.200344827586207,0.0,0.0,0.0517241379310344,0.1034482758620689,1,0.4505778183856868,6,0.9908705498513948,8.816355753836459e-07,7.054341670664067e-10,0.009128555020049256,7.0651334355457075e-34,2.234669984484356e-11,1.2765199523831037e-08,0.9908705498513948,1,0,False,-1.330734732511027,-0.039529971886208506,0.0,0.0087719298245614,0.0,-0.1260282,2.1,3.374168709274236,11.006755652740432,29.0,4.200344827586207
45-4011,Forest and conservation workers,10.8,10.3,-4.7,2.0,43680.0,High school diploma or equivalent,13.1,12.7,-3.4,2.3,both_vintages,-1.3000000000000005,-1.064205,0.0434782608695652,0.0434782608695652,0.0434782608695652,0.0,0.0652173913043478,0.1304347826086956,0.0,17.0,3.3182352941176467,0.0,0.0588235294117647,0.0588235294117647,0.0588235294117647,1,0.2672676858290712,6,0.9963750209171651,1.7324133329178612e-07,2.301074765591273e-11,0.003624802642325614,1.4613758527565825e-39,2.358068318025777e-15,3.1761628775286295e-09,0.9963750209171651,1,0,False,-1.3571618897414,0.10991736168286301,0.0,0.0652173913043478,0.0,-1.064205,-3.4,2.5416019934645457,10.684645610418787,17.0,3.3182352941176467
45-4021,Fallers,5.6,5.2,-7.3,0.7,53900.0,High school diploma or equivalent,5.6,5.1,-9.1,0.8,both_vintages,1.7999999999999998,-1.795407,0.0,0.03125,0.0625,0.125,0.125,0.125,0.0,18.0,4.198333333333334,0.0,0.0,0.0277777777777777,0.0555555555555555,1,0.43779915350174664,6,0.9920413008783115,1.8012372571771604e-08,1.7976357356133125e-10,0.007958666723323656,6.214137924299989e-45,7.719417558292946e-17,1.4206228454746014e-08,0.9920413008783115,1,0,False,-2.3656554004275505,-0.9831242299229854,0.0,0.125,0.0,-1.795407,-9.1,1.62924053973028,10.89488575689709,18.0,4.198333333333334
45-4022,Logging equipment operators,30.9,30.5,-1.4,4.2,49210.0,High school diploma or equivalent,34.3,33.2,-3.3,5.2,both_vintages,1.9,-1.003702,0.1875,0.1875,0.1875,0.0,0.0625,0.125,0.0,9.0,3.968888888888889,0.0,0.2222222222222222,0.2222222222222222,0.2222222222222222,1,0.4838797698870004,6,0.9986855723015904,6.107787095044493e-08,1.5778703541278358e-10,0.0013141720656382385,4.203801855899108e-37,6.459346843259893e-14,1.9439704871872835e-07,0.9986855723015904,1,0,False,-1.8577670379900026,-0.20210681763879595,0.0,0.0625,0.0,-1.003702,-3.3,3.502549875922443,10.803852133860024,9.0,3.968888888888889
45-4023,Log graders and scalers,4.6,4.6,-0.7,0.6,46710.0,High school diploma or equivalent,4.5,4.6,3.5,0.7,both_vintages,-4.2,-0.4768305,0.0,0.2105263157894736,0.4210526315789473,0.0,0.1578947368421052,0.3157894736842105,0.0,12.0,4.275833333333334,0.0,0.0,0.1666666666666666,0.3333333333333333,1,0.43897096268204044,6,0.9924487471662407,1.5701071989538944e-07,2.376767095679418e-09,0.007551088061690637,1.2938815433846769e-41,6.959538167546325e-12,5.377622522899071e-09,0.9924487471662407,1,0,False,-1.7357198808658298,-1.0735012391116174,0.0,0.1578947368421052,0.0,-0.4768305,3.5,1.5260563034950492,10.751713553496154,12.0,4.275833333333334
47-1011,First-line supervisors of construction trades and extraction workers,921.6,970.6,5.3,74.4,78690.0,High school diploma or equivalent,735.5,765.4,4.1,72.7,both_vintages,1.2000000000000002,-0.3054048,0.0333333333333333,0.4166666666666666,0.8,0.0333333333333333,0.2333333333333333,0.4333333333333333,0.0296,30.0,3.945666666666667,0.0082166230500924,0.0333333333333333,0.4166666666666667,0.8,1,0.21258713938019783,5,0.9933184227972923,0.0014268309308926694,0.005249943480266715,0.0,9.158348066210661e-10,4.801875713596736e-06,0.9933184227972923,0.0,2,0,False,-0.030520839346953405,1.2360713808761699,0.0296,0.2333333333333333,0.008183050380194973,-0.3054048,4.1,6.640398572991602,11.273271361529028,30.0,3.945666666666667
47-2011,Boilermakers,10.4,10.1,-2.4,0.8,73340.0,High school diploma or equivalent,13.9,13.2,-4.5,1.1,both_vintages,2.1,-1.097532,0.0,0.0303030303030303,0.0606060606060606,0.0,0.0,0.0,0.0,18.0,3.620555555555556,0.0,0.0,0.0294117647058823,0.0588235294117647,1,0.3482841552683532,6,0.9964029702557464,3.0561600984745963e-08,2.219487687876149e-11,0.0035968875297452026,1.9695045463545443e-34,4.091617705511055e-14,1.1163067164480751e-07,0.9964029702557464,1,0,False,-1.4465499385617684,-0.37876738758952916,0.0,0.0,0.0,-1.097532,-4.5,2.580216829592325,11.202861441625316,18.0,3.620555555555556
47-2021,Brickmasons and blockmasons,74.1,76.4,3.2,5.6,60800.0,High school diploma or equivalent,66.2,67.6,2.2,6.5,both_vintages,1.0,-1.75434,0.0,0.0384615384615384,0.0769230769230769,0.0,0.0,0.0,0.0,14.0,3.937857142857143,0.0,0.0,0.0357142857142857,0.0714285714285714,1,0.476276908006935,6,0.9984158369338053,1.9851583060797718e-09,5.541270185822421e-11,0.0015834735782280815,2.182185730344089e-37,1.5178649108815285e-16,6.874473955258634e-07,0.9984158369338053,1,0,False,-1.9924311742057539,0.5547269693770174,0.0,0.0,0.0,-1.75434,2.2,4.213607983048918,11.015345067954259,14.0,3.937857142857143
47-2022,Stonemasons,12.1,11.8,-3.0,0.8,51990.0,High school diploma or equivalent,10.7,10.2,-5.0,0.9,both_vintages,2.0,-1.714759,0.0,0.0,0.0,0.0,0.0,0.0,0.0,16.0,3.92875,0.0,0.0,0.0,0.0,1,0.46279290810143536,6,0.9995362744874643,6.31581630823227e-09,2.285466892882694e-12,0.0004636118049955844,6.721300835273104e-48,1.7059288348597772e-17,1.0738943864470629e-07,0.9995362744874643,1,0,False,-2.3132081863698364,-0.3266344976618485,0.0,0.0,0.0,-1.714759,-5.0,2.322387720290225,10.858806671377762,16.0,3.92875
47-2031,Carpenters,959.0,1002.1,4.5,74.1,59310.0,High school diploma or equivalent,948.5,969.0,2.2,91.2,both_vintages,2.3,-1.323631,0.0444444444444444,0.1444444444444444,0.2444444444444444,0.0444444444444444,0.0888888888888888,0.1333333333333333,0.0,29.0,3.807586206896552,0.0146872137020405,0.0344827586206896,0.1379310344827586,0.2413793103448276,1,0.33742761730378473,2,0.9984087836106856,1.6733391240062555e-07,3.459761112082676e-07,0.9984087836106856,4.371786727457367e-23,8.789775102795743e-11,0.001590702991393047,0.0,1,0,False,-1.030562161195184,1.9374717641145982,0.0,0.0888888888888888,0.01458040116116304,-1.323631,2.2,6.876264611890766,10.990533204832772,29.0,3.807586206896552
47-2041,Carpet installers,20.3,18.3,-9.6,1.1,49850.0,No formal educational credential,27.2,24.8,-9.0,2.0,both_vintages,-0.5999999999999996,-1.564577,0.0,0.0625,0.125,0.0,0.03125,0.0625,0.0,16.0,4.160625,0.0,0.0,0.0625,0.125,1,0.4848381150567796,6,0.9991080690387881,5.827594155079824e-09,2.0576782926288433e-12,0.0008918230576813427,6.532571546384933e-45,7.497830522596183e-17,1.0207387845218069e-07,0.9991080690387881,1,0,False,-2.3845047427783115,-0.2914539634955877,0.0,0.03125,0.0,-1.564577,-9.0,3.2108436531709366,10.816773775389985,16.0,4.160625
47-2042,"Floor layers, except carpet, wood, and hard tiles",33.7,36.9,9.5,2.7,54340.0,No formal educational credential,25.2,27.6,9.4,2.5,both_vintages,0.0999999999999996,-1.301024,0.0,0.0,0.0,0.0,0.0,0.0,0.0,14.0,3.919285714285714,0.0,0.0,0.0,0.0,1,0.47751828171810956,6,0.9990336667040585,1.6634140291079898e-08,3.5197645122420943e-11,0.0009661776049915442,1.4826242743560605e-40,3.789376576336786e-15,1.3902160793667893e-07,0.9990336667040585,1,0,False,-1.815694193951575,0.4100326105283343,0.0,0.0,0.0,-1.301024,9.4,3.3178157727231046,10.90301588298034,14.0,3.919285714285714
47-2043,Floor sanders and finishers,5.6,5.8,2.6,0.4,49150.0,No formal educational credential,6.0,6.1,1.6,0.5,both_vintages,1.0,-1.748722,0.0,0.0714285714285714,0.1428571428571428,0.0,0.0,0.0,0.0,7.0,4.375714285714285,0.0,0.0,0.0714285714285714,0.1428571428571428,1,0.46542693310386085,6,0.9990049331338057,2.7218308487454105e-08,2.49448136628014e-10,0.0009950140688206519,1.0174771401223721e-55,2.718130985414435e-19,2.5329617074294434e-08,0.9990049331338057,1,0,False,-2.8393159291520207,-0.7576343703397456,0.0,0.0,0.0,-1.748722,1.6,1.8082887711792655,10.802632125575313,7.0,4.375714285714285
47-2044,Tile and stone setters,52.6,58.0,10.1,4.2,52240.0,No formal educational credential,56.7,61.8,9.0,5.6,both_vintages,1.0999999999999996,-1.22543,0.025,0.0875,0.15,0.0,0.0375,0.075,0.0,25.0,4.0856,0.0083193308382188,0.04,0.1,0.16,1,0.5012984828519599,2,0.999453632036616,1.9494674203545304e-05,3.8736511310157695e-08,0.999453632036616,1.7386020392841482e-34,5.82941052123237e-12,0.0005268345468396844,7.094074432e-314,1,0,False,-1.6544071444199897,0.8820828667227725,0.0,0.0375,0.008284915946258568,-1.22543,9.0,4.123903364463645,10.863603763950312,25.0,4.0856
47-2051,Cement masons and concrete finishers,206.7,210.4,1.8,14.3,54660.0,No formal educational credential,187.7,181.3,-3.4,15.7,both_vintages,5.2,-1.777407,0.0,0.0,0.0,0.0,0.0,0.0,0.0,26.0,3.506153846153846,0.0138655513970313,0.0,0.0,0.0,1,0.3274627797004296,2,0.9982727082951812,2.901066263317407e-07,2.667347462223529e-10,0.9982727082951812,6.229355111024985e-33,4.878211706037105e-13,0.0017270013309699133,0.0,1,0,False,-1.50336039237956,1.4186062861806212,0.0,0.0,0.013770304067233884,-1.777407,-3.4,5.200153117760806,10.90888745948206,26.0,3.506153846153846
47-2053,Terrazzo workers and finishers,1.5,1.3,-11.1,0.1,57260.0,High school diploma or equivalent,2.7,2.4,-11.2,0.2,both_vintages,0.0999999999999996,-1.776065,0.0,0.0,0.0,0.0,0.0227272727272727,0.0454545454545454,0.0,26.0,3.791153846153847,0.0,0.0,0.0,0.0,1,0.36130631210240705,6,0.9991081625128035,4.618421884494846e-08,1.3749872251634138e-13,0.0008917071513849981,3.3406982781050926e-49,1.2123523942971166e-18,8.415145511882737e-08,0.9991081625128035,1,0,False,-2.185620992976285,-0.8727686589346157,0.0,0.0227272727272727,0.0,-1.776065,-11.2,0.8754687373538999,10.955357578652107,26.0,3.791153846153847
47-2061,Construction laborers,1457.0,1563.4,7.3,129.4,46730.0,No formal educational credential,1358.4,1430.3,5.3,143.2,both_vintages,2.0,-1.622988,0.0,0.05,0.1,0.0,0.025,0.05,0.0281,27.0,3.623703703703704,0.0,0.0,0.037037037037037,0.074074074074074,1,0.30142760988345807,5,0.9999979489684919,1.622541927464081e-06,4.280148959290912e-07,0.0,2.4693683057308045e-29,4.746848625003868e-10,0.9999979489684919,0.0,1,0,False,-1.209429078658785,2.5756355088426517,0.0281,0.025,0.0,-1.622988,5.3,7.265639491460854,10.752141635694471,27.0,3.623703703703704
47-2071,"Paving, surfacing, and tamping equipment operators",47.0,48.6,3.2,4.0,51650.0,High school diploma or equivalent,45.0,47.5,5.5,4.9,both_vintages,-2.3,-1.184739,0.0,0.0,0.0,0.0,0.0,0.0,0.0,20.0,3.6915,0.0,0.0,0.0,0.0,1,0.42039188618007733,6,0.9984804392189602,1.660801525223078e-08,1.2952216052586156e-10,0.0015192093476197532,5.949552366677445e-38,2.4139984452906744e-14,3.3469585872706636e-07,0.9984804392189602,1,0,False,-1.5207298740203001,0.7893382381185372,0.0,0.0,0.0,-1.184739,5.5,3.8607297110405954,10.852245474547784,20.0,3.6915
47-2072,Pile driver operators,3.2,3.3,4.3,0.3,70510.0,High school diploma or equivalent,3.9,4.1,6.0,0.4,both_vintages,-1.7000000000000002,-1.220009,0.0,0.0,0.0,0.0,0.0,0.0,0.0,5.0,4.516,0.0,0.0,0.0,0.0,1,0.41409013531601224,6,0.9955506275668164,6.001093954981557e-08,4.2740044755499693e-10,0.0044493017828282225,5.420388960367883e-48,2.673140816387756e-19,1.0212015388447351e-08,0.9955506275668164,1,0,False,-2.4642134761540913,-1.305356099104623,0.0,0.0,0.0,-1.220009,6.0,1.410986973710262,11.163509822713086,5.0,4.516
47-2073,Operating engineers and other construction equipment operators,489.3,507.1,3.6,41.9,58710.0,High school diploma or equivalent,418.0,437.3,4.6,45.4,both_vintages,-0.9999999999999996,-0.8815078,0.0434782608695652,0.0543478260869565,0.0652173913043478,0.0,0.0869565217391304,0.1739130434782608,0.0,26.0,4.098076923076923,0.0,0.0384615384615384,0.0384615384615384,0.0384615384615384,1,0.4268982496763264,6,0.9809628932068423,4.221608145954116e-08,1.9447062506540435e-08,0.019019957899585473,2.7367508358207135e-25,1.0416550553634711e-11,1.708722001176457e-05,0.9809628932068423,1,0,False,-1.1949982667726236,1.318074955208779,0.0,0.0869565217391304,0.0,-0.8815078,4.6,6.080619458418875,10.980365349058232,26.0,4.098076923076923
47-2081,Drywall and ceiling tile installers,103.1,107.4,4.2,7.7,58140.0,No formal educational credential,111.6,115.7,3.7,9.6,both_vintages,0.5,-1.647971,0.0,0.0416666666666666,0.0833333333333333,0.0,0.0208333333333333,0.0416666666666666,0.0,26.0,3.566153846153846,0.0187955252270867,0.0,0.0384615384615384,0.0769230769230769,1,0.3528699403518148,2,0.9990868440141026,4.093880422212417e-06,7.464827155049517e-08,0.9990868440141026,5.543812598301717e-31,3.682382428215213e-12,0.0009089874535213615,0.0,1,0,False,-1.3364581317547597,1.3585900524267185,0.0,0.0208333333333333,0.01862107191395761,-1.647971,3.7,4.751000634199631,10.970609174112868,26.0,3.566153846153846
47-2082,Tapers,15.6,15.6,0.1,1.1,64700.0,No formal educational credential,16.8,16.6,-0.8,1.3,both_vintages,0.9,-1.540774,0.0,0.0,0.0,0.0,0.0,0.0,0.0,16.0,4.016875,0.0,0.0,0.0,0.0,1,0.4855380432119648,6,0.998433919110496,1.0305539054373306e-08,1.1982313915740533e-10,0.0015656623083957052,1.6591095557012045e-40,9.279686472415818e-17,4.0815574645645525e-07,0.998433919110496,1,0,False,-2.059098397343497,-0.23324811470248508,0.0,0.0,0.0,-1.540774,-0.8,2.8094026953624978,11.077516480488992,16.0,4.016875
47-2111,Electricians,818.7,896.1,9.5,81.0,62350.0,High school diploma or equivalent,711.2,761.4,7.1,79.9,both_vintages,2.4000000000000004,-0.7796905,0.0975609756097561,0.1463414634146341,0.1951219512195122,0.048780487804878,0.1463414634146341,0.2439024390243902,0.0,21.0,4.097619047619047,0.0067787140163264,0.0952380952380952,0.1428571428571428,0.1904761904761904,1,0.3738834939075344,2,0.9997300727058491,5.278024931162125e-07,1.0294438523118024e-06,0.9997300727058491,1.1242860915816949e-19,1.6763047665959409e-09,0.00026836837150070314,8.021491907438317e-210,1,0,False,-0.9284170469618613,1.3895277639849255,0.0,0.1463414634146341,0.006755841838923225,-0.7796905,7.1,6.635158843948397,11.040518951108183,21.0,4.097619047619047
47-2121,Glaziers,60.5,62.5,3.3,5.1,55440.0,High school diploma or equivalent,56.9,59.2,4.0,6.5,both_vintages,-0.7000000000000002,-1.388901,0.0,0.0833333333333333,0.1666666666666666,0.0,0.03125,0.0625,0.0,27.0,3.8777777777777778,0.0048272660419293,0.0,0.0925925925925925,0.1851851851851851,1,0.46875445036892055,2,0.9986877335298817,9.554989324669959e-06,1.9416558014961998e-07,0.9986877335298817,3.722607789721827e-33,2.0181802521000976e-12,0.001302517313195196,5.4543573921894826e-105,1,0,False,-1.5714442577901582,0.8725159557482548,0.0,0.03125,0.004815652153764929,-1.388901,4.0,4.0809215418899605,10.923056633863785,27.0,3.8777777777777778
47-2131,"Insulation workers, floor, ceiling, and wall",40.2,41.7,3.8,3.4,48680.0,No formal educational credential,33.7,34.9,3.8,3.1,both_vintages,0.0,-1.618772,0.0,0.05,0.1,0.1,0.1,0.1,0.0,10.0,3.754,0.0,0.0,0.05,0.1,1,0.4337105113877255,6,0.9984108677653282,6.09142970556235e-09,2.175918051086307e-10,0.0015890859657424908,5.6292659513261785e-37,3.338571393186723e-15,3.995990428793245e-08,0.9984108677653282,1,0,False,-1.7587866507259393,0.38849728290188595,0.0,0.1,0.0,-1.618772,3.8,3.5524868292083815,10.793023547101463,10.0,3.754
47-2132,"Insulation workers, mechanical",27.2,28.5,4.7,2.3,57250.0,High school diploma or equivalent,31.2,32.1,2.8,2.9,both_vintages,1.9000000000000004,-1.268615,0.0,0.0454545454545454,0.0909090909090909,0.0,0.0454545454545454,0.0909090909090909,0.0439,9.0,4.32,0.0,0.0,0.0555555555555555,0.1111111111111111,1,0.49337910495684345,5,0.9756634767883082,0.024079893702826972,0.0002566294161106881,0.0,2.7254880096646297e-34,9.275393447908592e-11,0.9756634767883082,0.0,1,0,False,-2.022133663993112,-0.2299375994555128,0.0439,0.0454545454545454,0.0,-1.268615,2.8,3.4688560301359703,10.955182921416487,9.0,4.32
47-2141,"Painters, construction and maintenance",342.2,355.2,3.8,28.1,48660.0,No formal educational credential,365.3,370.1,1.3,31.6,both_vintages,2.5,-1.58799,0.0571428571428571,0.0571428571428571,0.0571428571428571,0.0,0.0285714285714285,0.0571428571428571,0.0,17.0,3.734705882352941,0.0042110193131723,0.0588235294117647,0.0588235294117647,0.0588235294117647,1,0.3954613371111646,2,0.999391966751984,1.6219729996020677e-07,8.390312487609847e-09,0.999391966751984,6.048735888128485e-32,5.940670542357711e-12,0.0006078626544628351,3.143458525112493e-79,1,0,False,-1.6330422608524797,1.5099700307871249,0.0,0.0285714285714285,0.004202177783887347,-1.58799,1.3,5.9137732393921105,10.792612616337514,17.0,3.734705882352941
47-2142,Paperhangers,2.3,2.5,5.3,0.2,48260.0,No formal educational credential,4.1,4.2,3.0,0.4,both_vintages,2.3,-1.72753,0.0,0.027027027027027,0.054054054054054,0.0,0.0,0.0,0.0,20.0,4.074,0.0,0.0,0.025,0.05,1,0.46818301481300123,6,0.998746826616283,4.386392603432002e-08,2.5717375952951714e-10,0.0012530784022089306,3.123212419683595e-54,9.819961301627299e-18,5.086040782531345e-08,0.998746826616283,1,0,False,-2.4213578468551042,-0.3315895981085879,0.0,0.0,0.0,-1.72753,3.0,1.4350845252893227,10.784358339179022,20.0,4.074
47-2151,Pipelayers,34.4,32.9,-4.1,2.4,48710.0,No formal educational credential,34.6,33.7,-2.6,3.2,both_vintages,-1.4999999999999996,-1.225611,0.0,0.0357142857142857,0.0714285714285714,0.0,0.0,0.0,0.0,14.0,4.113571428571428,0.0,0.0,0.0357142857142857,0.0714285714285714,1,0.5181221261506894,6,0.9987695022462671,2.5393456444445183e-08,8.437539300258575e-11,0.0012300052285685768,2.242910534172784e-43,3.3001846764822896e-15,4.670473294017696e-07,0.9987695022462671,1,0,False,-2.1801322985243847,-0.009718095239109324,0.0,0.0,0.0,-1.225611,-2.6,3.517497837358316,10.793639626800589,14.0,4.113571428571428
47-2152,"Plumbers, pipefitters, and steamfitters",504.5,527.2,4.5,44.0,62970.0,High school diploma or equivalent,469.0,478.0,1.9,48.6,both_vintages,2.6,-1.121219,0.0185185185185185,0.0753161698283649,0.1321138211382113,0.024390243902439,0.0643631436314362,0.1043360433604336,0.0116,51.0,3.941176470588236,0.0120168112107604,0.0196078431372549,0.0784313725490196,0.1372549019607843,1,0.30841458311242015,5,0.9707715642920964,0.02920366216267458,2.4773545208475424e-05,0.0,5.747708854485396e-19,2.1087389184530587e-14,0.9707715642920964,0.0,1,0,False,-0.8384950032173137,2.0370049772751035,0.0116,0.0643631436314362,0.01194518259563856,-1.121219,1.9,6.169610732491456,11.050413701482789,51.0,3.941176470588236
47-2161,Plasterers and stucco masons,24.2,25.2,4.1,1.9,56020.0,No formal educational credential,31.4,32.7,4.0,2.9,both_vintages,0.0999999999999996,-1.755588,0.0769230769230769,0.0769230769230769,0.0769230769230769,0.0,0.0384615384615384,0.0769230769230769,0.0,15.0,3.948,0.0,0.0666666666666666,0.0666666666666666,0.0666666666666666,1,0.488124815256181,6,0.999018173951354,2.599975066118283e-09,1.2846542886271442e-10,0.000981676664019742,1.0571918184610152e-39,1.839418290857074e-16,1.466561859229398e-07,0.999018173951354,1,0,False,-1.9930689577864664,0.3676902716657888,0.0,0.0384615384615384,0.0,-1.755588,4.0,3.487375077903208,10.9334640488141,15.0,3.948
47-2171,Reinforcing iron and rebar workers,19.4,20.3,4.6,1.5,59280.0,High school diploma or equivalent,19.5,20.0,3.0,1.9,both_vintages,1.5999999999999996,-1.970997,0.0,0.0714285714285714,0.1428571428571428,0.0,0.0,0.0,0.0,7.0,4.022857142857143,0.0,0.0,0.0714285714285714,0.1428571428571428,1,0.47402158052214866,6,0.9994846281462316,3.198943938584466e-09,2.9185189805014996e-11,0.0005153184221554249,1.5271724233692447e-43,9.940325097941667e-19,5.020348338013916e-08,0.9994846281462316,1,0,False,-2.37161226003065,-0.06834996220195014,0.0,0.0,0.0,-1.970997,3.0,2.995732273553991,10.990027259969969,7.0,4.022857142857143
47-2181,Roofers,166.7,176.5,5.9,12.7,50970.0,No formal educational credential,158.8,161.1,1.4,15.0,both_vintages,4.5,-1.752941,0.0,0.04,0.08,0.0,0.0,0.0,0.0157,27.0,3.8714814814814815,0.0017460323981446,0.0,0.037037037037037,0.074074074074074,1,0.4456654160845689,5,0.9998814288070532,0.00011658605510739454,1.9851195825319684e-06,0.0,9.074613484113592e-34,1.8256675572228707e-11,0.9998814288070532,0.0,1,0,False,-1.7771463020813902,1.381107801530017,0.0157,0.0,0.0017445098555917008,-1.752941,1.4,5.082025290182929,10.838992503334087,27.0,3.8714814814814815
47-2211,Sheet metal workers,127.0,130.1,2.4,10.6,60850.0,High school diploma or equivalent,129.1,128.1,-0.8,12.3,both_vintages,3.2,-1.174972,0.0,0.0657894736842105,0.131578947368421,0.0,0.0394736842105263,0.0789473684210526,0.0,19.0,3.82,0.0044164348894247,0.0,0.0526315789473684,0.1052631578947368,1,0.43310440994751975,2,0.9990047252506227,1.9300385113472007e-06,1.0321125886209202e-07,0.9990047252506227,9.237559053205507e-28,4.6110672462393507e-11,0.0009932414534963752,1.1894777008750405e-87,1,0,False,-1.4300055987248381,0.7116192478631245,0.0,0.0394736842105263,0.00440671106011906,-1.174972,-0.8,4.852811208902689,11.016167098415673,19.0,3.82
47-2221,Structural iron and steel workers,65.7,68.6,4.4,5.5,62700.0,High school diploma or equivalent,69.0,72.0,4.3,7.5,both_vintages,0.1000000000000005,-1.780065,0.0,0.0285714285714285,0.0571428571428571,0.0,0.0,0.0,0.0491,19.0,3.9457894736842105,0.0,0.0,0.0263157894736842,0.0526315789473684,1,0.4615209626888217,5,0.9994744768365372,0.0005196213069611992,5.901836191994816e-06,0.0,3.9288203269310283e-32,2.0309846715450798e-11,0.9994744768365372,0.0,1,0,False,-1.741712756026059,0.7656754869457243,0.0491,0.0,0.0,-1.780065,4.3,4.276666119016055,11.046116726621012,19.0,3.9457894736842105
47-2231,Solar photovoltaic installers,28.6,40.6,42.1,4.1,51860.0,High school diploma or equivalent,17.1,21.7,27.2,2.5,both_vintages,14.900000000000002,-0.9441692,0.0,0.11,0.22,0.0,0.11,0.22,0.0,26.0,4.242692307692308,0.0187955252270866,0.0,0.1153846153846153,0.2307692307692307,1,0.3544879201705102,2,0.9997975233470356,0.00020163434735706443,1.6774516265253544e-17,0.9997975233470356,2.8520609094720625e-33,3.274366513755732e-11,8.422728636311657e-07,0.0,1,0,False,-1.3045837644473204,0.9094963776573377,0.0,0.11,0.018621071913957513,-0.9441692,27.2,3.077312260546414,10.856303059092655,26.0,4.242692307692308
47-3011,"Helpers--brickmasons, blockmasons, stonemasons, and tile and marble setters",16.1,14.4,-10.5,1.4,46480.0,No formal educational credential,18.6,17.0,-8.3,2.0,both_vintages,-2.1999999999999997,-1.94229,0.0,0.0,0.0,0.0,0.0,0.0,0.0,15.0,3.983333333333333,0.0021568635506493,0.0,0.0,0.0,1,0.4617318304312671,2,0.9998269289199982,6.685771957474627e-06,2.081511425663587e-10,0.9998269289199982,6.1097445311059535e-47,7.876705093408286e-15,0.0001663850998853551,1.0706407361510948e-18,1,0,False,-2.5580866590652254,-0.15186744410171776,0.0,0.0,0.002154540859679963,-1.94229,-8.3,2.833213344056216,10.746777391525793,15.0,3.983333333333333
47-3012,Helpers--carpenters,25.2,26.4,4.5,2.7,41600.0,No formal educational credential,28.6,27.6,-3.5,3.3,both_vintages,8.0,-1.425282,0.0,0.0,0.0,0.0,0.0,0.0,0.0,18.0,3.6566666666666654,0.0,0.0,0.0,0.0,1,0.4107589007872446,6,0.9991109052119944,1.518535318267295e-08,4.031587247004465e-12,0.0008889219038251589,1.558594914102329e-45,7.825068883243478e-16,1.576947944221969e-07,0.9991109052119944,1,0,False,-1.9490269427483462,0.4314777691481891,0.0,0.0,0.0,-1.425282,-3.5,3.3178157727231046,10.635855446249355,18.0,3.6566666666666654
47-3013,Helpers--electricians,66.6,66.7,0.2,6.8,39890.0,High school diploma or equivalent,74.6,72.5,-2.8,8.6,both_vintages,3.0,-1.506896,0.024390243902439,0.024390243902439,0.024390243902439,0.0,0.0,0.0,0.0,25.0,3.6608,0.0,0.0416666666666666,0.0416666666666666,0.0416666666666666,1,0.4046706261543899,6,0.9982013321109267,9.560438058709741e-09,1.3853450402112954e-11,0.001797383118130827,1.5286203277111183e-43,1.0316092393568576e-15,1.275196649615995e-06,0.9982013321109267,1,0,False,-1.8411850702802048,1.0829751429927037,0.0,0.0,0.0,-1.506896,-2.8,4.283586561860629,10.593880944899452,25.0,3.6608
47-3014,"Helpers--painters, paperhangers, plasterers, and stucco masons",7.4,7.6,2.3,0.8,38140.0,No formal educational credential,9.1,9.3,2.6,1.1,both_vintages,-0.3000000000000002,-2.04484,0.0,0.0,0.0,0.0,0.0,0.0,0.0,11.0,3.53,0.0,0.0,0.0,0.0,1,0.36107898989455217,6,0.9996517951836867,3.0411109733288974e-09,5.12688047022294e-13,0.00034818987411762713,4.174378266546141e-55,1.7580379014729673e-19,1.1900571734194211e-08,0.9996517951836867,1,0,False,-2.2857194343359826,0.3450451970392169,0.0,0.0,0.0,-2.04484,2.6,2.2300144001592104,10.54901887915441,11.0,3.53
47-3015,"Helpers--pipelayers, plumbers, pipefitters, and steamfitters",45.3,47.5,4.9,4.9,39270.0,High school diploma or equivalent,47.8,48.8,2.0,5.9,both_vintages,2.9000000000000004,-1.678876,0.0,0.0,0.0,0.0,0.0,0.0,0.0,15.0,3.7386666666666666,0.0,0.0,0.0,0.0,1,0.44211120308239893,6,0.9992126218787819,4.344448392670406e-09,9.749362752868332e-12,0.0007871358507663857,5.598132407060825e-47,1.614978192901558e-16,2.3791625389247167e-07,0.9992126218787819,1,0,False,-2.095645275243367,0.8503716432460398,0.0,0.0,0.0,-1.678876,2.0,3.8877303128591016,10.578216147572055,15.0,3.7386666666666666
47-3016,Helpers--roofers,5.2,5.5,5.7,0.6,40590.0,No formal educational credential,7.0,7.1,1.9,0.9,both_vintages,3.8,-1.89822,0.0,0.0,0.0,0.0,0.0,0.0,0.0,18.0,3.9838888888888895,0.0,0.0,0.0,0.0,1,0.46994619379945557,6,0.9989174872711395,2.3905951189471778e-08,1.0115715157572163e-10,0.0010824120294488943,1.63779672631185e-56,7.036855595150812e-18,7.669230315437662e-08,0.9989174872711395,1,0,False,-2.5339453374158785,0.019625097742595018,0.0,0.0,0.0,-1.89822,1.9,1.9600947840472698,10.611277009832943,18.0,3.9838888888888895
47-4011,Construction and building inspectors,147.6,146.5,-0.8,14.8,72120.0,High school diploma or equivalent,129.2,123.4,-4.4,14.8,both_vintages,3.6000000000000005,0.2860245,0.0,0.3341042893187552,0.6682085786375105,0.073170731707317,0.2823801513877207,0.4915895710681245,0.0481,40.0,3.7765,0.0271148560653055,0.0,0.35,0.7,0,-0.08127512512771694,0,0.9879227827641773,0.9879227827641773,0.011791214053407361,0.0,2.4976099132119193e-08,4.117438440527923e-06,0.00028186076787570723,0.0,2,0,False,0.3998757336893128,0.39748159792898613,0.0481,0.2823801513877207,0.02675376117352465,0.2860245,-4.4,4.8154311114712876,11.186086677317254,40.0,3.7765
47-4021,Elevator and escalator installers and repairers,24.2,25.4,5.0,2.0,106580.0,High school diploma or equivalent,23.2,23.9,2.9,2.1,both_vintages,2.1,-0.8604742,0.1578947368421052,0.1842105263157894,0.2105263157894736,0.0,0.0789473684210526,0.1578947368421052,0.0,20.0,4.3185,0.0023622791269016,0.15,0.175,0.2,1,0.39976887336144556,2,0.999989993631233,1.6671927742895984e-06,2.0358667406857095e-06,0.999989993631233,2.6411017336274974e-24,3.85622924041685e-15,6.303309248248083e-06,2.3520568046821737e-26,1,0,False,-1.3397437791679718,-0.6465603361935686,0.0,0.0789473684210526,0.002359493331919229,-0.8604742,2.9,3.173878458937465,11.576651155850774,20.0,4.3185
47-4031,Fence erectors,26.4,27.6,4.6,2.3,46940.0,No formal educational credential,29.9,29.7,-0.5,3.0,both_vintages,5.1,-1.902113,0.0512820512820512,0.0512820512820512,0.0512820512820512,0.0,0.0256410256410256,0.0512820512820512,0.0,20.0,4.0375,0.0,0.05,0.05,0.05,1,0.5002900941622148,6,0.998522128133967,4.9904449233038714e-09,1.0110121351054203e-10,0.0014776733276118082,4.3942912238376986e-46,4.4005571233134155e-17,1.9344687505667108e-07,0.998522128133967,1,0,False,-2.3065982463350077,0.41448738431663124,0.0,0.0256410256410256,0.0,-1.902113,-0.5,3.391147045808654,10.756625469405014,20.0,4.0375
47-4041,Hazardous materials removal workers,51.3,51.8,1.0,5.0,48490.0,High school diploma or equivalent,44.7,44.6,-0.3,5.7,both_vintages,1.3,-0.6887439,0.032258064516129,0.0806451612903225,0.1290322580645161,0.0,0.032258064516129,0.064516129032258,0.0,21.0,4.027142857142858,0.0035947725844155,0.0476190476190476,0.0952380952380952,0.1428571428571428,1,0.5044121376066221,2,0.9998212587211496,3.380837270239175e-05,3.466967316931153e-07,0.9998212587211496,1.3504561767390233e-34,5.529160312356738e-10,0.00014458565650032936,2.507117136277381e-57,1,0,False,-1.6229182761457146,0.24596146370103164,0.0,0.032258064516129,0.0035883268321723447,-0.6887439,-0.3,3.7977338590260183,10.789112870099398,21.0,4.027142857142858
47-4051,Highway maintenance workers,159.1,163.9,3.0,12.3,49070.0,High school diploma or equivalent,145.9,156.3,7.1,16.5,both_vintages,-4.1,-1.27909,0.0,0.0161290322580645,0.032258064516129,0.0,0.0,0.0,0.0,19.0,3.896315789473684,0.0,0.0,0.0263157894736842,0.0526315789473684,1,0.4653180252114272,6,0.9979158531458073,7.727229144295431e-09,1.2380263094600842e-10,0.002081012304354337,8.469241622370414e-37,4.5785502853908497e-14,3.1266987611762008e-06,0.9979158531458073,1,0,False,-1.6738897148101766,1.2459084516310324,0.0,0.0,0.0,-1.27909,7.1,5.051777237427431,10.801003129083949,19.0,3.896315789473684
47-4061,Rail-track laying and maintenance equipment operators,15.0,15.3,1.6,1.1,67370.0,High school diploma or equivalent,17.0,17.8,4.4,1.4,both_vintages,-2.8000000000000003,-1.39906,0.0,0.0,0.0,0.0,0.0,0.0,0.0,26.0,3.821923076923077,0.0,0.0,0.0,0.0,1,0.4341156594264433,6,0.995224567049861,5.530744284904069e-08,5.897575938138961e-10,0.004774681705293439,5.7151245882814656e-37,1.9154382457508833e-15,6.953476429554376e-07,0.995224567049861,1,0,False,-1.5859759117672856,0.2932265182643432,0.0,0.0,0.0,-1.39906,4.4,2.8791984572980396,11.117955093954706,26.0,3.821923076923077
47-4071,Septic tank servicers and sewer pipe cleaners,30.4,32.7,7.6,2.9,49140.0,High school diploma or equivalent,30.1,32.2,6.8,3.6,both_vintages,0.7999999999999998,-1.210591,0.0625,0.078125,0.09375,0.03125,0.09375,0.15625,0.0,22.0,3.630909090909091,0.0036974803725416,0.0454545454545454,0.0681818181818181,0.0909090909090909,1,0.38340672231418566,2,0.9999400138896295,1.0945700891543959e-05,3.011340299508868e-07,0.9999400138896295,1.729569012099948e-32,1.1712838701394487e-11,4.8739263736201466e-05,6.503917796363901e-61,1,0,False,-1.2727452060770126,0.7318147487843607,0.0,0.09375,0.0036906614952633156,-1.210591,6.8,3.4719664525503626,10.80242864607517,22.0,3.630909090909091
47-5011,"Derrick operators, oil and gas",11.3,11.3,0.5,1.0,62740.0,No formal educational credential,8.6,10.0,16.9,1.2,both_vintages,-16.4,-1.415002,0.0,0.0,0.0,0.0,0.0,0.0,0.0,15.0,4.221333333333333,0.0,0.0,0.0,0.0,1,0.44008969521011876,6,0.9978834796183058,2.5089645557489902e-08,2.0168824951037397e-13,0.002116483294710947,5.743344522768863e-44,1.3782970177781112e-16,1.1997135461732365e-08,0.9978834796183058,1,0,False,-2.0191245407285088,0.03481501607429091,0.0,0.0,0.0,-1.415002,16.9,2.302585092994046,11.046754481744669,15.0,4.221333333333333
47-5012,"Rotary drill operators, oil and gas",13.3,13.4,0.2,1.2,65010.0,No formal educational credential,12.1,14.3,17.6,1.7,both_vintages,-17.400000000000002,-0.7737326,0.0526315789473684,0.0526315789473684,0.0526315789473684,0.0,0.0263157894736842,0.0526315789473684,0.0,20.0,4.1705,0.0,0.05,0.05,0.05,1,0.4249513590833873,6,0.996497127787107,6.406130383962024e-08,1.9406874921106217e-14,0.003502807316764233,3.1885954507724562e-37,1.220679203080205e-13,8.346838748278914e-10,0.996497127787107,1,0,False,-1.4772370196255025,0.13631366878162346,0.0,0.0263157894736842,0.0,-0.7737326,17.6,2.6602595372658615,11.082296383198514,20.0,4.1705
47-5013,"Service unit operators, oil and gas",45.2,45.4,0.4,4.1,57980.0,No formal educational credential,35.7,42.0,17.5,5.1,both_vintages,-17.1,-0.971916,0.064516129032258,0.064516129032258,0.064516129032258,0.064516129032258,0.1451612903225806,0.2258064516129032,0.0,19.0,4.003684210526315,0.0204388498371054,0.0526315789473684,0.0526315789473684,0.0526315789473684,1,0.41339025557391995,2,0.9997884418898383,0.00015940990266886533,1.2295365341089917e-08,0.9997884418898383,4.12310428368424e-26,1.8296140859609235e-09,5.213408251336161e-05,0.0,1,0,False,-1.0975766765825643,0.6977223998471371,0.0,0.1451612903225806,0.020232779705703943,-0.971916,17.5,3.7376696182833684,10.967853402475647,19.0,4.003684210526315
47-5022,"Excavating and loading machine and dragline operators, surface mining",35.8,35.6,-0.4,3.1,52550.0,High school diploma or equivalent,36.5,36.5,-0.1,3.8,both_vintages,-0.3,,0.0,0.0,0.0,0.0,0.0,0.0,0.0,16.0,4.019375,0.0045191426775509,0.0,0.0,0.0,1,0.4578593751544766,2,0.9999629788438693,3.59194022153877e-05,4.378575662950583e-07,0.9999629788438693,6.91447733056222e-33,1.9789592721618148e-08,6.441067563125226e-07,2.4546941155259333e-92,1,0,False,-1.4432398383971021,-0.14303691848870956,0.0,0.0,0.004508962012675813,-0.1260282,-0.1,3.597312260588446,10.869520376305097,16.0,4.019375
47-5023,"Earth drillers, except oil and gas",18.3,18.8,2.9,1.7,59600.0,High school diploma or equivalent,16.3,17.8,9.1,1.9,both_vintages,-6.199999999999999,,0.0909090909090909,0.1363636363636363,0.1818181818181818,0.0,0.1136363636363636,0.2272727272727273,0.0,29.0,3.988571428571429,0.0,0.0689655172413793,0.1379310344827586,0.2068965517241379,1,0.3900581796898429,6,0.9928865276595135,1.8649268862467683e-06,2.73380691516153e-10,0.007111606581848429,9.354940538301363e-29,1.0140200768967889e-10,4.5696953850456405e-10,0.9928865276595135,1,0,False,-0.8412797186367971,0.06454892630354732,0.0,0.1136363636363636,0.0,-0.1260282,9.1,2.8791984572980396,10.995410853053441,29.0,3.988571428571429
47-5032,"Explosives workers, ordnance handling experts, and blasters",5.8,5.8,-0.9,0.5,59110.0,High school diploma or equivalent,7.1,7.2,1.5,0.7,both_vintages,-2.4,,0.125,0.1354166666666666,0.1458333333333333,0.0208333333333333,0.1145833333333333,0.2083333333333333,0.0,27.0,4.2704545454545455,0.0,0.1481481481481481,0.1666666666666666,0.1851851851851851,1,0.4185655397431311,6,0.9964140363836534,5.250644880018339e-07,4.1282524607630996e-10,0.0035854366381753012,9.0332083181708e-36,6.516820011606784e-12,1.4943412253158405e-09,0.9964140363836534,1,0,False,-1.3097274410792474,-0.8048739131129664,0.0,0.1145833333333333,0.0,-0.1260282,1.5,1.9740810260220096,10.987155393818416,27.0,4.2704545454545455
47-5041,Continuous mining machine operators,14.9,15.0,0.6,1.6,63380.0,No formal educational credential,14.9,15.2,1.6,1.8,both_vintages,-1.0,-1.165492,0.0,0.0,0.0,0.0,0.06,0.12,0.0,15.0,4.36,0.0,0.0,0.0,0.0,1,0.4903999168964335,6,0.9965594640396805,3.198991144641797e-08,2.113100911954019e-09,0.0034403675723346785,1.607611053699895e-39,3.207004563504528e-16,1.3428497210581402e-07,0.9965594640396805,1,0,False,-2.049985588185308,-0.5644881622334945,0.0,0.06,0.0,-1.165492,1.6,2.7212954278522306,11.05690363324491,15.0,4.36
47-5043,"Roof bolters, mining",2.3,1.5,-34.2,0.1,76640.0,High school diploma or equivalent,1.9,1.5,-21.5,0.2,both_vintages,-12.700000000000005,,0.0,0.0,0.0,0.0,0.0,0.0,0.0,14.0,4.787857142857143,0.0,0.0,0.0,0.0,1,0.26735803658760887,6,0.9960533017031432,1.5792031316118536e-08,2.50291081073508e-15,0.0039466730650745225,3.946694174773391e-56,2.3038302607332084e-20,9.439748393555414e-09,0.9960533017031432,1,-1,True,-2.489032994365923,-3.027929898399629,0.0,0.0,0.0,-0.1260282,-21.5,0.4054651081081644,11.246874412644742,14.0,4.787857142857143
47-5044,"Loading and moving machine operators, underground mining",6.4,5.0,-22.3,0.5,68860.0,No formal educational credential,4.5,3.7,-17.8,0.4,both_vintages,-4.5,,0.0232558139534883,0.0232558139534883,0.0232558139534883,0.0232558139534883,0.0813953488372093,0.1395348837209302,0.0,25.0,4.0312,0.0,0.04,0.04,0.04,1,0.30245166927407013,6,0.9985736158739291,6.069277956954007e-07,3.033986546362469e-13,0.0014257702960990613,4.449055460024398e-36,7.529581129162643e-13,6.9011197423997985e-09,0.9985736158739291,1,0,False,-1.4144052224214074,-1.7616905298370147,0.0,0.0813953488372093,0.0,-0.1260282,-17.8,1.308332819650179,11.139830736892515,25.0,4.0312
47-5051,"Rock splitters, quarry",3.2,3.4,4.4,0.4,47460.0,No formal educational credential,4.5,4.7,4.2,0.6,both_vintages,0.2000000000000001,-1.763494,0.0,0.0769230769230769,0.1538461538461538,0.0,0.0769230769230769,0.1538461538461538,0.0,9.0,3.678888888888889,0.0,0.0,0.0555555555555555,0.1111111111111111,1,0.38237035791865426,6,0.9994675769650033,7.184909738562146e-09,6.163402694571338e-11,0.0005324127016024099,1.7541381214734614e-46,3.870507361388655e-17,3.0868503088960368e-09,0.9994675769650033,1,0,False,-2.0139816274960527,-0.31963439471294824,0.0,0.0769230769230769,0.0,-1.763494,4.2,1.547562508716013,10.767642529989754,9.0,3.678888888888889
47-5071,"Roustabouts, oil and gas",46.0,47.1,2.5,4.3,47510.0,No formal educational credential,37.3,45.9,23.0,5.6,both_vintages,-20.5,-1.518977,0.0,0.0,0.0,0.0,0.0,0.0,0.0,13.0,3.366153846153846,0.0,0.0,0.0,0.0,1,0.2574354832195973,6,0.9995950609155768,1.9731258607414677e-09,1.0967110211653736e-15,0.0004049223791203241,3.265050761363731e-42,7.30606995089964e-18,1.473217590234691e-08,0.9995950609155768,1,-1,True,-1.2888845236346675,1.589216707684506,0.0,0.0,0.0,-1.518977,23.0,3.8264651170664994,10.768695494180967,13.0,3.366153846153846
47-5081,Helpers--extraction workers,7.0,6.9,-1.7,0.7,48400.0,High school diploma or equivalent,6.2,7.1,15.5,0.9,both_vintages,-17.2,-1.543154,0.0,0.0,0.0,0.0,0.0652173913043478,0.1304347826086956,0.0,14.0,3.850714285714286,0.0,0.0,0.0,0.0,1,0.4079519256604489,6,0.9993482642190551,9.57689319929261e-09,5.0923413833062065e-12,0.0006517241235884164,4.2272499521492904e-45,3.156154615422276e-16,2.075370867038779e-09,0.9993482642190551,1,0,False,-1.8269999941727293,0.21425513716597003,0.0,0.0652173913043478,0.0,-1.543154,15.5,1.9600947840472698,10.787255092704724,14.0,3.850714285714286
49-1011,"First-line supervisors of mechanics, installers, and repairers",617.5,636.5,3.1,52.4,78300.0,High school diploma or equivalent,544.7,564.6,3.6,53.5,both_vintages,-0.5,-0.0205169,0.0256410256410256,0.4102564102564102,0.7948717948717948,0.0769230769230769,0.2692307692307692,0.4615384615384615,0.1015,22.0,3.6427272727272726,0.0226984211758807,0.0454545454545454,0.4318181818181818,0.8181818181818182,0,-0.05083002712610013,1,0.848449226457696,0.1375724007512117,0.848449226457696,0.0,1.7697026154755087e-06,0.013974866743411684,1.7363450652760172e-06,0.0,2,0,False,0.5829116114387237,0.9729476356568239,0.1015,0.2692307692307692,0.022444645048332074,-0.0205169,3.6,6.336117515819389,11.268302881978894,22.0,3.6427272727272726
49-2011,"Computer, automated teller, and office machine repairers",79.1,78.4,-0.9,7.6,46860.0,"Some college, no degree",102.1,98.5,-3.6,10.3,both_vintages,2.7,-0.3458247,0.2857142857142857,0.3673469387755101,0.4489795918367346,0.0816326530612244,0.2040816326530612,0.3265306122448979,0.1067,25.0,3.9248,0.1488235849948026,0.28,0.36,0.44,1,0.29355266516747713,1,0.9096339402197607,0.03544676194600734,0.9096339402197607,0.0,5.164058905793903e-18,0.054919297834231696,3.5293801593382016e-144,0.0,1,0,False,-0.33040145018739703,0.44168463264937746,0.1067,0.2040816326530612,0.138738449214943,-0.3458247,-3.6,4.590056548178043,10.754919712061787,25.0,3.9248
49-2021,"Radio, cellular, and tower equipment installers and repairers",11.7,12.7,8.6,1.2,64190.0,Associate's degree,14.1,14.9,5.6,1.7,both_vintages,3.0,-0.6335382,0.0476190476190476,0.1071428571428571,0.1666666666666666,0.0476190476190476,0.0833333333333333,0.119047619047619,0.0,30.0,4.0616666666666665,0.0,0.0333333333333333,0.0833333333333333,0.1333333333333333,1,0.44984473488264026,6,0.9924908868699553,1.5896045364917206e-06,2.5676416221592e-09,0.007507485835789807,8.126865474854279e-32,6.959299477540113e-13,3.512138042842306e-08,0.9924908868699553,1,0,False,-1.222975709833941,-0.03734920081079117,0.0,0.0833333333333333,0.0,-0.6335382,5.6,2.7013612129514133,11.069602714305823,30.0,4.0616666666666665
49-2022,"Telecommunications equipment installers and repairers, except line installers",156.9,150.4,-4.2,13.2,62630.0,Postsecondary nondegree award,178.0,192.3,8.1,22.5,both_vintages,-12.3,-0.853048,0.234375,0.28125,0.328125,0.109375,0.203125,0.296875,0.0333,39.0,3.727948717948717,0.0080112074738402,0.2564102564102564,0.3076923076923077,0.358974358974359,1,0.2625788761699891,5,0.9716146581061605,0.027699061023826455,0.000686270809094257,0.0,3.3679856561065657e-15,1.0060915482116542e-08,0.9716146581061605,0.0,1,0,False,-0.2677259968861141,1.5242362060671482,0.0333,0.203125,0.007979288113001646,-0.853048,8.1,5.259056652594734,11.044999675519458,39.0,3.727948717948717
49-2091,Avionics technicians,21.4,23.1,8.2,1.8,81390.0,Postsecondary nondegree award,19.6,20.6,5.1,1.6,both_vintages,3.1,-0.1728535,0.12,0.24,0.36,0.08,0.14,0.2,0.0,13.0,4.015384615384615,0.009859947660111,0.1538461538461538,0.2692307692307692,0.3846153846153846,1,0.3694311827072228,2,0.9999600130836848,3.5900989220276465e-05,3.3780054342723953e-06,0.9999600130836848,1.4021984437116064e-21,7.4286056396862075e-09,7.004930550537081e-07,0.0,1,0,False,-0.8302216083274779,-0.6732796865812736,0.0,0.14,0.009811655555134982,-0.1728535,5.1,3.0252910757955354,11.307007694321086,13.0,4.015384615384615
49-2092,"Electric motor, power tool, and related repairers",17.1,17.7,3.4,1.7,53990.0,High school diploma or equivalent,17.4,18.1,3.9,1.5,both_vintages,-0.5,-0.8106341,0.0961538461538461,0.1057692307692307,0.1153846153846153,0.0,0.0192307692307692,0.0384615384615384,0.0,31.0,3.843225806451613,0.0114005644820034,0.0967741935483871,0.0967741935483871,0.0967741935483871,1,0.4340026835677253,2,0.99979703955822,0.00020070350018500368,2.8372117418138133e-07,0.99979703955822,7.375628841487761e-35,1.6768791572289205e-11,1.9732036521157976e-06,0.0,1,0,False,-1.3553651339482986,0.3721033250012347,0.0,0.0192307692307692,0.011336067783031617,-0.8106341,3.9,2.89591193827178,10.896554123212333,31.0,3.843225806451613
49-2093,"Electrical and electronics installers and repairers, transportation equipment",7.0,7.4,6.1,0.6,82730.0,Postsecondary nondegree award,9.2,9.5,3.5,0.9,both_vintages,2.6,-0.8303875,0.16,0.24,0.32,0.08,0.16,0.24,0.0,15.0,3.6473333333333335,0.0539215887662328,0.2,0.2666666666666666,0.3333333333333333,1,0.2850225847705386,0,0.8806762863599442,0.8806762863599442,0.11928043410494531,3.893346121889713e-06,2.815248887424597e-18,3.938618898792713e-05,1.465148832431786e-18,0.0,1,0,False,-0.7383557751802102,-0.5949823142116969,0.0,0.16,0.052518053391871766,-0.8303875,3.5,2.2512917986064953,11.32333757218423,15.0,3.6473333333333335
49-2094,"Electrical and electronics repairers, commercial and industrial equipment",61.1,60.7,-0.8,4.7,71300.0,Postsecondary nondegree award,52.8,54.0,2.2,5.0,both_vintages,-3.0,-0.4632031,0.1794871794871795,0.3076923076923077,0.4358974358974359,0.1794871794871795,0.282051282051282,0.3846153846153846,0.0,20.0,3.9085,0.0155088760070497,0.2,0.325,0.45,1,0.32543999747228775,2,0.9998585280429741,2.344176204828789e-05,4.574208170089827e-05,0.9998585280429741,5.2590357986724e-16,7.154529459220335e-08,7.22165679814667e-05,0.0,1,0,False,-0.48290083275040907,-0.07730562997031536,0.0,0.282051282051282,0.01538984252895661,-0.4632031,2.2,3.9889840465642745,11.174651606402387,20.0,3.9085
49-2095,"Electrical and electronics repairers, powerhouse, substation, and relay",23.4,24.7,5.5,2.0,100940.0,Postsecondary nondegree award,22.8,21.7,-5.0,1.9,both_vintages,10.5,-0.5522636,0.24,0.34,0.44,0.0,0.16,0.32,0.0,15.0,4.051333333333333,0.0100653632363634,0.2,0.3,0.4,1,0.34650051907852886,2,0.9999832331783113,7.248132183946659e-06,1.702131071804692e-06,0.9999832331783113,2.7248111165593285e-19,1.75323850452769e-11,7.816540900595997e-06,0.0,1,0,False,-0.9574098002127167,-1.0500024820288896,0.0,0.16,0.010015044834780532,-0.5522636,-5.0,3.077312260546414,11.522281559894253,15.0,4.051333333333333
49-2096,"Electronic equipment installers and repairers, motor vehicles",10.3,8.9,-13.6,0.6,47940.0,High school diploma or equivalent,9.2,7.1,-23.4,0.5,both_vintages,9.8,-0.7915968,0.1666666666666666,0.1666666666666666,0.1666666666666666,0.0,0.125,0.25,0.0,12.0,4.1875,0.0015406168218923,0.1666666666666666,0.1666666666666666,0.1666666666666666,1,0.34653992904277714,2,0.999889638693605,5.7553436374881104e-05,1.6942570625847266e-15,0.999889638693605,1.839231527124995e-40,2.6461890346750317e-11,5.2791763103614475e-05,1.6080453115827495e-08,1,0,False,-2.1963542180024733,-1.7184862545082384,0.0,0.125,0.001539431289274483,-0.7915968,-23.4,1.9600947840472698,10.777705507988376,12.0,4.1875
49-2097,Audiovisual equipment installers and repairers,24.6,26.3,6.6,2.6,50620.0,Postsecondary nondegree award,26.6,25.9,-2.6,2.7,both_vintages,9.2,-0.571284,0.1904761904761904,0.238095238095238,0.2857142857142857,0.0,0.0952380952380952,0.1904761904761904,0.0,11.0,3.956363636363636,0.0628571663332085,0.1818181818181818,0.2272727272727272,0.2727272727272727,1,0.4534872848735757,0,0.9966142455630619,0.9966142455630619,0.003376083238907043,1.1041501899361668e-10,2.6380023089949297e-27,9.671087615373345e-06,6.644158414881652e-27,0.0,1,0,False,-1.4206357329054402,-0.37154903142557,0.0,0.0952380952380952,0.06096072187738311,-0.571284,-2.6,3.254242968705492,10.832102034099115,11.0,3.956363636363636
49-2098,Security and fire alarm systems installers,85.9,94.9,10.4,9.4,59300.0,High school diploma or equivalent,82.9,86.7,4.7,9.4,both_vintages,5.7,-0.6926484,0.0666666666666666,0.1666666666666666,0.2666666666666666,0.1,0.1833333333333333,0.2666666666666666,0.0303,16.0,4.16375,0.029374427404081,0.125,0.21875,0.3125,1,0.457113914359205,0,0.906146783847886,0.906146783847886,0.07382295089398459,0.0,2.7783154477745757e-19,3.7399346150965177e-05,0.01999286591197813,0.0,1,0,False,-1.042675229306582,0.2280777298288178,0.0303,0.1833333333333333,0.028951265693711124,-0.6926484,4.7,4.462453883786496,10.990364584985818,16.0,4.16375
49-3011,Aircraft mechanics and service technicians,139.4,145.0,4.0,11.3,78680.0,Postsecondary nondegree award,131.7,139.8,6.1,11.5,both_vintages,-2.1,-0.6551197,0.0895522388059701,0.1343283582089552,0.1791044776119403,0.0149253731343283,0.0597014925373134,0.1044776119402985,0.0,38.0,3.8297368421052633,0.0063678828638217,0.0789473684210526,0.131578947368421,0.1842105263157894,1,0.3233672414883489,2,0.9996428460828434,6.831833963321067e-05,9.465796732189222e-07,0.9996428460828434,1.3174743165660035e-19,3.032670556369259e-11,0.00028788896752334766,1.3182172448304518e-185,1,0,False,-0.6265708414769721,1.1330765457370322,0.0,0.0597014925373134,0.006347693561152918,-0.6551197,6.1,4.94021282979971,11.273144272502995,38.0,3.8297368421052633
49-3021,Automotive body and related repairers,172.6,175.4,1.6,14.6,51680.0,High school diploma or equivalent,152.5,156.8,2.8,15.2,both_vintages,-1.1999999999999995,-1.180589,0.0,0.0425531914893617,0.0851063829787234,0.0212765957446808,0.0425531914893617,0.0638297872340425,0.0,25.0,4.0612,0.0,0.0,0.04,0.08,1,0.49176302460777627,6,0.9956990135027741,2.2226713009745507e-08,1.5791838864901249e-09,0.004296293721427848,1.0759224821282238e-33,1.3388870669636974e-13,4.668969766990717e-06,0.9956990135027741,1,0,False,-1.6250795198506311,1.041852281442964,0.0,0.0425531914893617,0.0,-1.180589,2.8,5.054971107916307,10.852826138456484,25.0,4.0612
49-3022,Automotive glass installers and repairers,20.4,21.1,3.6,1.4,47260.0,High school diploma or equivalent,18.5,19.3,4.4,1.8,both_vintages,-0.8000000000000003,-1.202285,0.0,0.0,0.0,0.0,0.0,0.0,0.0,18.0,4.234444444444445,0.0,0.0,0.0,0.0,1,0.5231989195704974,6,0.998009289423218,5.8341076845816857e-08,1.326630510002992e-10,0.00199044932979441,3.819988497959814e-47,2.5095061335905e-15,2.027732451577893e-07,0.998009289423218,1,0,False,-2.2032937744170913,0.05795985632333142,0.0,0.0,0.0,-1.202285,4.4,2.9601050959108397,10.763419550740899,18.0,4.234444444444445
49-3023,Automotive service technicians and mechanics,805.6,839.2,4.2,70.0,49670.0,Postsecondary nondegree award,733.2,743.8,1.4,73.3,both_vintages,2.8000000000000003,-0.9547055,0.0363636363636363,0.0818181818181818,0.1272727272727272,0.0363636363636363,0.0727272727272727,0.109090909090909,0.0,30.0,4.033571428571428,0.0102707788126157,0.0333333333333333,0.0833333333333333,0.1333333333333333,1,0.39816176751052657,2,0.9965384746636752,1.2876481053915241e-06,5.36801868500791e-07,0.9965384746636752,4.489694228133555e-26,3.5797161959062623e-10,0.0034597005283793407,0.0,1,0,False,-1.2512003184812905,1.7163449889038849,0.0,0.0727272727272727,0.010218392755638697,-0.9547055,1.4,6.61177218149097,10.813156408101396,30.0,4.033571428571428
49-3031,Bus and truck mechanics and diesel engine specialists,319.9,327.7,2.4,26.5,60640.0,High school diploma or equivalent,293.2,305.8,4.3,28.5,both_vintages,-1.9,-1.010472,0.0,0.0,0.0,0.0,0.0,0.0,0.0,26.0,3.939615384615384,0.0080112074738403,0.0,0.0,0.0,1,0.42806959643332704,2,0.9984356606064233,1.7573210380657537e-06,1.8717723081077805e-07,0.9984356606064233,2.2295960514616954e-27,6.521489149592322e-11,0.0015623948300929982,9.393402951160872e-292,1,0,False,-1.3191765879288537,1.3481698569063822,0.0,0.0,0.007979288113001743,-1.010472,4.3,5.722931293494962,11.012710020316254,26.0,3.939615384615384
49-3041,Farm equipment mechanics and service technicians,39.0,43.3,11.0,3.7,52080.0,High school diploma or equivalent,49.5,54.8,10.7,5.5,both_vintages,0.3000000000000007,-1.20703,0.1153846153846153,0.1153846153846153,0.1153846153846153,0.1538461538461538,0.173076923076923,0.1923076923076923,0.0,14.0,4.151428571428571,0.0,0.1428571428571428,0.1428571428571428,0.1428571428571428,1,0.48219982710967635,6,0.9634237583481577,1.08601334296567e-07,2.1000851802700698e-08,0.036575999632959474,2.6124392671887892e-30,3.747692833812992e-12,1.12412949280976e-07,0.9634237583481577,1,0,False,-1.519392153215422,0.45291070506080533,0.0,0.173076923076923,0.0,-1.20703,10.7,4.00369019395397,10.860536276882451,14.0,4.151428571428571
49-3042,"Mobile heavy equipment mechanics, except engines",188.7,199.6,5.8,16.5,63980.0,High school diploma or equivalent,152.6,164.2,7.6,16.3,both_vintages,-1.7999999999999998,-1.169815,0.05,0.1,0.15,0.05,0.125,0.2,0.0,20.0,4.0255,0.0058543439231909,0.05,0.1,0.15,1,0.4517312364988379,2,0.9997854426536935,1.5763227702367106e-06,8.098798332943555e-07,0.9997854426536935,7.900199348494017e-24,7.466311866007942e-11,0.00021217106903982633,6.002878295455053e-156,1,0,False,-1.2231205491114985,0.9087091924968778,0.0,0.125,0.005837273842153918,-1.169815,7.6,5.101085197018328,11.066325813503509,20.0,4.0255
49-3043,Rail car repairers,17.9,18.4,2.8,1.5,65680.0,High school diploma or equivalent,20.9,21.6,3.7,2.1,both_vintages,-0.9000000000000004,-1.448102,0.064516129032258,0.0967741935483871,0.1290322580645161,0.064516129032258,0.064516129032258,0.064516129032258,0.0,20.0,3.626,0.0,0.05,0.075,0.1,1,0.37378583017794026,6,0.9973603148096207,7.849479661192913e-09,2.938170757669021e-10,0.0026394534003955066,1.942348728830558e-33,9.733515588428108e-15,2.236466769127295e-07,0.9973603148096207,1,0,False,-1.360015863183907,0.29364262457968504,0.0,0.064516129032258,0.0,-1.448102,3.7,3.0726933146901194,11.092549744126309,20.0,3.626
49-3051,Motorboat mechanics and service technicians,26.2,27.8,6.0,2.6,54950.0,High school diploma or equivalent,25.7,27.8,8.3,3.0,both_vintages,-2.3000000000000007,-0.8863602,0.0769230769230769,0.0769230769230769,0.0769230769230769,0.0,0.0384615384615384,0.0769230769230769,0.0,13.0,3.94,0.0,0.0769230769230769,0.0769230769230769,0.0769230769230769,1,0.47724893109798755,6,0.9985815739272849,5.284837054992463e-08,2.285344052163325e-10,0.0014183141295264563,3.34375911770784e-36,1.9280385115479616e-13,5.8866090878341966e-08,0.9985815739272849,1,0,False,-1.563614800420211,0.1758587079660965,0.0,0.0384615384615384,0.0,-0.8863602,8.3,3.3250360206965914,10.914178959831768,13.0,3.94
49-3052,Motorcycle mechanics,14.9,15.7,5.3,1.5,47200.0,Postsecondary nondegree award,16.6,17.3,4.3,1.8,both_vintages,1.0,-0.763721,0.0,0.0,0.0,0.0,0.0,0.0,0.0,13.0,4.368461538461538,0.0023622791269016,0.0,0.0,0.0,1,0.4986390262342458,2,0.9999563218029848,2.675480274025865e-05,1.752697300008391e-08,0.9999563218029848,9.612452651638192e-45,7.862599335591267e-12,1.6905859439419956e-05,7.344096967451208e-24,1,0,False,-2.184778613360596,-0.3262158230553021,0.0,0.0,0.002359493331919229,-0.763721,4.3,2.8507065015037334,10.762149171573647,13.0,4.368461538461538
49-3053,Outdoor power equipment and other small engine mechanics,36.9,37.8,2.5,3.5,46560.0,High school diploma or equivalent,37.5,38.7,3.1,4.1,both_vintages,-0.6000000000000001,-0.8941408,0.1428571428571428,0.1785714285714285,0.2142857142857142,0.0714285714285714,0.1071428571428571,0.1428571428571428,0.0,14.0,4.331428571428572,0.0,0.1428571428571428,0.1785714285714285,0.2142857142857142,1,0.5104613028458408,6,0.9965542113675417,3.277993815282001e-08,1.2504929263901453e-09,0.0034456141216970566,1.182216128452713e-38,2.2777689003309804e-13,1.40480102038099e-07,0.9965542113675417,1,0,False,-1.9043764223692976,-0.033815409712779416,0.0,0.1071428571428571,0.0,-0.8941408,3.1,3.655839600035736,10.74849708240532,14.0,4.331428571428572
49-3091,Bicycle repairers,13.2,12.9,-2.3,1.6,40360.0,High school diploma or equivalent,15.1,15.9,5.2,1.8,both_vintages,-7.5,-0.9226068,0.0,0.1034482758620689,0.2068965517241379,0.0689655172413793,0.0689655172413793,0.0689655172413793,0.0,14.0,4.272142857142858,0.0,0.0,0.1071428571428571,0.2142857142857142,1,0.5073487625001556,6,0.9979686182988056,5.3754592511162516e-08,1.782485858285944e-10,0.002031292201880683,8.967362097337165e-47,7.092186314233362e-14,3.556640172811999e-08,0.9979686182988056,1,0,False,-2.102733071634059,-0.1446544305504032,0.0,0.0689655172413793,0.0,-0.9226068,5.2,2.766319109226186,10.605594474467546,14.0,4.272142857142858
49-3092,Recreational vehicle service technicians,19.5,21.7,11.5,2.8,50540.0,High school diploma or equivalent,16.7,18.7,12.2,2.2,both_vintages,-0.6999999999999993,-0.9244052,0.0606060606060606,0.0606060606060606,0.0606060606060606,0.0606060606060606,0.0909090909090909,0.1212121212121212,0.0,17.0,4.065294117647059,0.0,0.0588235294117647,0.0588235294117647,0.0588235294117647,1,0.4789340668503451,6,0.9981798307594559,5.288289445315513e-08,3.511426412852102e-11,0.0018201029515927932,1.3947405255123614e-37,2.2840772954302787e-13,1.337071376705305e-08,0.9981798307594559,1,0,False,-1.5600601294264986,0.20570617712325398,0.0,0.0909090909090909,0.0,-0.9244052,12.2,2.928523523860541,10.830520380942184,17.0,4.065294117647059
49-3093,Tire repairers and changers,113.4,119.9,5.7,15.3,37120.0,High school diploma or equivalent,95.3,98.2,3.1,11.1,both_vintages,2.6,-1.550724,0.0,0.0,0.0,0.0,0.0,0.0,0.0,24.0,4.170416666666667,0.0,0.0,0.0,0.0,1,0.5023609733471864,6,0.9938360280266635,4.5828053266834224e-08,3.7083570195004723e-10,0.006161676694997033,1.5283525514414992e-47,4.386122368653126e-15,2.2490794456689503e-06,0.9938360280266635,1,0,False,-2.280469690141096,1.1419424476651872,0.0,0.0,0.0,-1.550724,3.1,4.58700621536042,10.521911186900137,24.0,4.170416666666667
49-9011,Mechanical door repairers,28.4,31.7,11.4,2.7,51050.0,High school diploma or equivalent,23.7,26.4,11.4,2.2,both_vintages,0.0,-1.383152,0.0909090909090909,0.1363636363636363,0.1818181818181818,0.0454545454545454,0.0681818181818181,0.0909090909090909,0.0,25.0,3.7032,0.0,0.08,0.12,0.16,1,0.39780963317306445,6,0.9977771096069571,3.34246225366317e-08,1.1990904459153787e-10,0.0022227955017749437,3.3934127907312235e-37,5.152981804731203e-15,6.134673130602118e-08,0.9977771096069571,1,0,False,-1.3797506719778174,0.8920633147679156,0.0,0.0681818181818181,0.0,-1.383152,11.4,3.2733640101522705,10.840560823592812,25.0,3.7032
49-9012,"Control and valve installers and repairers, except mechanical door",47.7,48.3,1.3,3.9,74690.0,High school diploma or equivalent,45.7,46.1,0.7,3.6,both_vintages,0.6000000000000001,-0.7606913,0.0952380952380952,0.1309523809523809,0.1666666666666666,0.0476190476190476,0.0714285714285714,0.0952380952380952,0.0,32.0,3.743125,0.0,0.0625,0.09375,0.125,1,0.3511263658831251,6,0.9673010880695121,1.6255037314843097e-06,7.6008472263682e-08,0.0326928101246609,1.7744580667432997e-24,3.1697775205271154e-12,4.400290453376688e-06,0.9673010880695121,1,0,False,-0.8618619649668172,0.43707770148058406,0.0,0.0714285714285714,0.0,-0.7606913,0.7,3.8308129500026027,11.221101493351112,32.0,3.743125
49-9021,"Heating, air conditioning, and refrigeration mechanics and installers",425.2,459.7,8.1,40.1,59810.0,Postsecondary nondegree award,394.1,414.4,5.1,40.1,both_vintages,3.0,-0.8491117,0.0701754385964912,0.1052631578947368,0.1403508771929824,0.0701754385964912,0.1403508771929824,0.2105263157894736,0.0191,30.0,4.008214285714286,0.005238097194434,0.0666666666666666,0.1,0.1333333333333333,1,0.385229703230421,5,0.9988221605319831,0.0009204453810587026,0.0002572845679105868,0.0,1.015277945455494e-18,1.0951904757142408e-07,0.9988221605319831,0.0,1,0,False,-0.8368905269538142,1.4074927795920522,0.0191,0.1403508771929824,0.005224426082950914,-0.8491117,5.1,6.026831690945273,10.998928150038603,30.0,4.008214285714286
49-9031,Home appliance repairers,37.3,38.3,2.6,3.1,49410.0,High school diploma or equivalent,35.5,36.0,1.3,3.6,both_vintages,1.3,-0.9703799,0.0727272727272727,0.1454545454545454,0.2181818181818181,0.0727272727272727,0.109090909090909,0.1454545454545454,0.0,29.0,4.069310344827587,0.0046218504656771,0.0689655172413793,0.1379310344827586,0.2068965517241379,1,0.4982225846451465,2,0.9995667068046981,6.957792235597723e-05,1.33306425988884e-06,0.9995667068046981,3.691425691725322e-32,4.988478189610071e-11,0.00036238215880134774,1.899154169486997e-96,1,0,False,-1.4958417933044335,0.39883902634260054,0.0,0.109090909090909,0.004611202511044207,-0.9703799,1.3,3.58351893845611,10.807908111839795,29.0,4.069310344827587
49-9041,Industrial machinery mechanics,439.6,510.3,16.1,45.7,63760.0,High school diploma or equivalent,384.8,447.9,16.4,42.5,both_vintages,-0.2999999999999971,-1.133177,0.1935483870967742,0.2741935483870967,0.3548387096774194,0.064516129032258,0.1451612903225806,0.2258064516129032,0.0239,16.0,3.930625,0.0207469732014839,0.1875,0.28125,0.375,1,0.33902591891271205,5,0.9793229638728689,0.020576082388087495,9.930376032391577e-05,0.0,3.002898977393765e-17,1.6499787199547525e-06,0.9793229638728689,0.0,1,0,False,-0.8123151272756659,1.5763298597528554,0.0239,0.1451612903225806,0.020534685943971072,-1.133177,16.4,6.104569993213254,11.062881313464096,16.0,3.930625
49-9043,"Maintenance workers, machinery",57.5,55.9,-2.8,4.8,60500.0,High school diploma or equivalent,58.5,63.0,7.8,6.9,both_vintages,-10.6,-0.9735492,0.1142857142857142,0.1428571428571428,0.1714285714285714,0.1142857142857142,0.1142857142857142,0.1142857142857142,0.0,18.0,3.876111111111111,0.0,0.1111111111111111,0.1388888888888889,0.1666666666666666,1,0.44444376567218213,6,0.9926849751366376,6.708677879284588e-08,7.157880066850311e-09,0.007314233108432486,7.61942791987e-28,3.6544925432646766e-12,7.175066166389969e-07,0.9926849751366376,1,0,False,-1.1733895476434144,0.5552462433603563,0.0,0.1142857142857142,0.0,-0.9735492,7.8,4.143134726391533,11.010398644018933,18.0,3.876111111111111
49-9044,Millwrights,41.3,41.3,0.0,3.6,65170.0,High school diploma or equivalent,39.9,42.0,5.2,3.8,both_vintages,-5.2,-1.266085,0.0,0.0217391304347826,0.0434782608695652,0.0,0.0434782608695652,0.0869565217391304,0.0,23.0,4.182608695652174,0.0042110193131724,0.0,0.0217391304347826,0.0434782608695652,1,0.5034898585399217,2,0.9996810701545619,9.037590195310298e-06,3.21437005002423e-07,0.9996810701545619,4.423981172781829e-32,4.856485620943077e-13,0.0003095708177521031,6.688179702714413e-80,1,0,False,-1.7130736654617673,0.323168912852016,0.0,0.0434782608695652,0.004202177783887447,-1.266085,5.2,3.7376696182833684,11.084754519326426,23.0,4.182608695652174
49-9045,"Refractory materials repairers, except brickmasons",1.1,0.9,-16.9,0.1,58540.0,High school diploma or equivalent,0.7,0.5,-20.2,0.0,both_vintages,3.3000000000000007,-1.237463,0.0,0.0,0.0,0.0,0.0,0.0,0.0,10.0,3.746,0.0,0.0,0.0,0.0,1,0.27727066780251314,6,0.9998691402704495,5.939290846737081e-08,4.847608151475618e-20,0.00013080027013320566,3.7447027811834514e-56,8.929456071382643e-18,6.650868704098764e-11,0.9998691402704495,1,-1,True,-2.3831476182351223,-2.3763333867152774,0.0,0.0,0.0,-1.237463,-20.2,-0.6931471805599453,10.977465560245877,10.0,3.746
49-9051,Electrical power-line installers and repairers,127.4,135.8,6.6,10.7,92560.0,High school diploma or equivalent,126.6,130.7,3.2,11.1,both_vintages,3.3999999999999995,-1.081398,0.0,0.0,0.0,0.0,0.0,0.0,0.0,23.0,4.17,0.0,0.0,0.0,0.0,1,0.42477139485674825,6,0.636700383769094,3.063928912803262e-07,2.6957750422765806e-07,0.3631973732150552,2.146135589430779e-24,2.064733039975616e-14,0.00010166704543460798,0.636700383769094,1,0,False,-1.4113462584796808,0.4584812681331545,0.0,0.0,0.0,-1.081398,3.2,4.872904620630176,11.435612361867559,23.0,4.17
49-9052,Telecommunications line installers and repairers,99.9,96.8,-3.1,8.9,70500.0,High school diploma or equivalent,103.8,113.4,9.2,12.4,both_vintages,-12.3,-1.083883,0.03125,0.03125,0.03125,0.0,0.03125,0.0625,0.0,19.0,3.847368421052632,0.0028758180675324,0.0526315789473684,0.0526315789473684,0.0526315789473684,1,0.414823239927691,2,0.9994999160752063,2.677234262322427e-06,1.2808040570647657e-07,0.9994999160752063,6.961694673949298e-26,6.986777769558214e-11,0.0004972785402579329,1.0954881685481134e-36,1,0,False,-1.2051392144635849,0.8844675865018831,0.0,0.03125,0.002871690813681007,-1.083883,9.2,4.730921391293652,11.16336798880036,19.0,3.847368421052632
49-9061,Camera and photographic equipment repairers,2.3,1.9,-15.1,0.2,49300.0,High school diploma or equivalent,2.5,2.7,4.8,0.3,both_vintages,-19.9,0.0546422,0.04,0.24,0.44,0.0,0.04,0.08,0.0412,15.0,3.8546666666666662,0.0055462205588124,0.0666666666666666,0.2666666666666666,0.4666666666666667,1,0.33213259503147996,0,0.9991169756743705,0.9991169756743705,0.0008240362490810891,0.0,3.537348586610451e-37,5.8980372847177985e-05,7.703700588063505e-09,0.0,1,0,False,-1.1967492707491008,-0.9958882974799182,0.0412,0.04,0.005530896910348627,0.0546422,4.8,0.9932517730102834,10.805679360030782,15.0,3.8546666666666662
49-9062,Medical equipment repairers,68.0,76.8,12.9,7.3,62630.0,Associate's degree,59.1,69.1,17.0,7.7,both_vintages,-4.1,-0.2768838,0.1515151515151515,0.303030303030303,0.4545454545454546,0.2121212121212121,0.2727272727272727,0.3333333333333333,0.0,20.0,3.9735,0.0136601358207789,0.1666666666666666,0.3055555555555556,0.4444444444444444,1,0.2946462852874638,2,0.9999473336894318,3.809971704178679e-05,1.3335178009659511e-08,0.9999473336894318,4.844821134742517e-17,1.1890581253708604e-07,1.4434352535747181e-05,0.0,2,0,False,-0.34277942498528136,0.5665747946831533,0.0,0.2727272727272727,0.013567677211998233,-0.2768838,17.0,4.235554730773624,11.044999675519458,20.0,3.9735
49-9063,Musical instrument repairers and tuners,6.2,6.3,1.4,0.6,45320.0,High school diploma or equivalent,6.4,5.9,-7.1,0.6,both_vintages,8.5,-0.5306271,0.0,0.0196078431372549,0.0392156862745098,0.0,0.0,0.0,0.0,24.0,3.954166666666666,0.0023622791269016,0.0,0.0208333333333333,0.0416666666666666,1,0.42344220320968673,2,0.9996636040140124,0.00033580233245621583,7.120836491361947e-08,0.9996636040140124,2.6276537587613473e-44,1.828961564495468e-10,5.222622703122552e-07,1.069401905199104e-23,1,0,False,-1.840755259545758,-0.6795744823697405,0.0,0.0,0.002359493331919229,-0.5306271,-7.1,1.7749523509116738,10.721503715141942,24.0,3.954166666666666
49-9064,Watch and clock repairers,1.4,1.4,-1.1,0.1,60690.0,High school diploma or equivalent,2.2,1.7,-24.7,0.1,both_vintages,23.6,-0.2123996,0.1333333333333333,0.1999999999999999,0.2666666666666666,0.0666666666666666,0.1666666666666666,0.2666666666666666,0.0,15.0,4.338666666666667,0.0,0.1333333333333333,0.2,0.2666666666666666,1,0.27252410032477375,6,0.9984894159166603,8.919421016200183e-08,1.172650008846312e-17,0.0015104342477745576,1.4129194111272248e-43,4.4396832672960364e-14,6.064131040612291e-08,0.9984894159166603,1,0,False,-1.9039320362939494,-2.7367061049302617,0.0,0.1666666666666666,0.0,-0.2123996,-24.7,0.5306282510621704,11.013534218829902,15.0,4.338666666666667
49-9071,"Maintenance and repair workers, general",1629.7,1692.1,3.8,159.8,48620.0,High school diploma or equivalent,1539.1,1615.3,5.0,160.1,both_vintages,-1.2000000000000002,-1.014408,0.0392156862745098,0.1372549019607843,0.2352941176470588,0.0,0.0784313725490196,0.1568627450980392,0.0,27.0,3.6377777777777776,0.0112978566938773,0.037037037037037,0.1296296296296296,0.2222222222222222,1,0.27672415193674216,2,0.997588557087447,9.052430919490766e-08,2.2972040606810736e-07,0.997588557087447,8.226484943805849e-25,4.800773594343248e-10,0.0024111221877603896,0.0,1,0,False,-0.8377205473505427,2.362755190260837,0.0,0.0784313725490196,0.011234512566357583,-1.014408,5.0,7.387275976919712,10.791790247870114,27.0,3.6377777777777776
49-9081,Wind turbine service technicians,13.6,20.5,49.9,2.3,62580.0,Postsecondary nondegree award,11.1,16.1,44.3,1.9,both_vintages,5.600000000000001,-0.9709935,0.0,0.0434782608695652,0.0869565217391304,0.0,0.0434782608695652,0.0869565217391304,0.0,12.0,4.160833333333334,0.0,0.0,0.0416666666666666,0.0833333333333333,1,0.23181582159955572,6,0.9996133335866946,6.927903977019635e-09,8.620255403875398e-37,0.0003866594852434068,1.041111323631295e-37,2.5361910333254433e-15,1.555748514933699e-13,0.9996133335866946,1,-1,True,-1.2672340297093923,1.0253053026040448,0.0,0.0434782608695652,0.0,-0.9709935,44.3,2.7788192719904172,11.044201017222873,12.0,4.160833333333334
49-9091,"Coin, vending, and amusement machine servicers and repairers",32.5,31.6,-2.9,3.5,47350.0,High school diploma or equivalent,30.6,32.0,4.9,3.9,both_vintages,-7.800000000000001,-0.7233995,0.3214285714285714,0.3214285714285714,0.3214285714285714,0.1785714285714285,0.1964285714285714,0.2142857142857142,0.0,18.0,3.955,0.0025676947031539,0.2777777777777778,0.2777777777777778,0.2777777777777778,1,0.45922389832295835,2,0.9999721552799039,1.3851362948919087e-05,2.8337807688527644e-06,0.9999721552799039,5.973792476800408e-28,3.6050284339822966e-09,1.115597135005716e-05,6.907526995161426e-30,1,0,False,-1.192858907755322,0.15652247240239303,0.0,0.1964285714285714,0.002564403807249841,-0.7233995,4.9,3.4657359027997265,10.765322098614224,18.0,3.955
49-9092,Commercial divers,4.2,4.5,8.5,0.4,61130.0,Postsecondary nondegree award,3.0,3.4,14.7,0.4,both_vintages,-6.199999999999999,-1.102728,0.0,0.0666666666666666,0.1333333333333333,0.0,0.0888888888888888,0.1777777777777777,0.0,23.0,3.880434782608696,0.0023622791269016,0.0,0.0652173913043478,0.1304347826086956,1,0.3709294668076725,2,0.9999761397508087,2.3818259997336375e-05,4.842293230438033e-09,0.9999761397508087,7.089366371688262e-37,5.726415901926995e-12,3.714117441983663e-08,6.713727076882391e-24,1,0,False,-1.3871412326129477,-0.214365457787679,0.0,0.0888888888888888,0.002359493331919229,-1.102728,14.7,1.2237754316221157,11.020758023022772,23.0,3.880434782608696
49-9094,Locksmiths and safe repairers,18.8,17.2,-8.3,1.7,50490.0,High school diploma or equivalent,20.3,17.3,-14.8,1.6,both_vintages,6.5,-0.8657498,0.08,0.08,0.08,0.08,0.08,0.08,0.0,14.0,4.015714285714286,0.0,0.0714285714285714,0.0714285714285714,0.0714285714285714,1,0.4180721623270602,6,0.9991620366787738,4.025340801497092e-08,4.783900188163067e-14,0.0008378026712097696,1.0266289664777341e-38,7.366199246096966e-14,1.203964870863939e-07,0.9991620366787738,1,0,False,-1.9292537116367268,-0.860595829868341,0.0,0.08,0.0,-0.8657498,-14.8,2.8507065015037334,10.829530575852962,14.0,4.015714285714286
49-9095,Manufactured building and mobile home installers,3.1,3.3,5.9,0.3,41080.0,High school diploma or equivalent,3.9,3.1,-20.3,0.3,both_vintages,26.200000000000003,-1.414062,0.0769230769230769,0.0769230769230769,0.0769230769230769,0.0769230769230769,0.1153846153846153,0.1538461538461538,0.0,14.0,3.777857142857143,0.0,0.0714285714285714,0.0714285714285714,0.0714285714285714,1,0.32329268093334146,6,0.9987842184912146,6.217445276594738e-08,6.358794976341149e-19,0.0012157166374272628,6.232789020632974e-49,1.4695577792452818e-15,2.696903700968398e-09,0.9987842184912146,1,0,False,-2.2577893739631025,-1.344465731512713,0.0,0.1153846153846153,0.0,-1.414062,-20.3,1.1314021114911006,10.623276664042494,14.0,3.777857142857143
49-9096,Riggers,24.6,25.4,3.2,2.5,62060.0,High school diploma or equivalent,18.5,19.3,4.0,2.2,both_vintages,-0.7999999999999998,-1.221519,0.0,0.0,0.0,0.0,0.037037037037037,0.074074074074074,0.0,14.0,4.147142857142858,0.0,0.0,0.0,0.0,1,0.5083824050316711,6,0.9982548689778985,2.3014008058430347e-08,6.7797481973282e-10,0.001744950347235162,2.382278019154071e-38,1.878704230489012e-15,1.569828815900178e-07,0.9982548689778985,1,0,False,-1.9106127325574067,-0.22228374571024595,0.0,0.037037037037037,0.0,-1.221519,4.0,2.9601050959108397,11.035856938002372,14.0,4.147142857142858
49-9097,Signal and track switch repairers,8.7,8.8,1.7,0.8,83600.0,High school diploma or equivalent,6.8,7.0,3.7,0.7,both_vintages,-2.0,-0.858221,0.0769230769230769,0.0769230769230769,0.0769230769230769,0.0,0.0384615384615384,0.0769230769230769,0.0,12.0,3.953333333333333,0.0,0.0833333333333333,0.0833333333333333,0.0833333333333333,1,0.4060578547726228,6,0.9930633575439787,8.422208038814374e-08,3.863308211984043e-09,0.006936541027889916,3.32264146810962e-33,7.851350542799427e-14,1.3342664320294881e-08,0.9930633575439787,1,0,False,-1.4687489107611662,-0.8950823866309087,0.0,0.0384615384615384,0.0,-0.858221,3.7,1.9459101490553132,11.333798799072794,12.0,3.953333333333333
49-9098,"Helpers--installation, maintenance, and repair workers",98.7,101.0,2.3,11.8,38860.0,High school diploma or equivalent,90.5,93.9,3.8,11.4,both_vintages,-1.5,-1.346555,0.0,0.0333333333333333,0.0666666666666666,0.0,0.0,0.0,0.0,16.0,3.724375,0.0016433246100185,0.0,0.03125,0.0625,1,0.4313548521138993,2,0.9995344826215724,6.595353722319157e-06,3.6808422159044574e-08,0.9995344826215724,4.791037216843678e-40,2.8384307503737924e-12,0.000458884988438127,2.2500648467383711e-10,1,0,False,-1.8341546248547844,1.13158935489065,0.0,0.0,0.0016419758295854279,-1.346555,3.8,4.542230386214217,10.567720722931432,16.0,3.724375
49-9099,"Installation, maintenance, and repair workers, all other",221.2,226.5,2.4,21.5,48640.0,High school diploma or equivalent,180.5,186.3,3.2,19.3,both_vintages,-0.8000000000000003,-0.5900791,0.064516129032258,0.2096774193548387,0.3548387096774194,0.2903225806451612,0.3064516129032258,0.3225806451612903,0.0,24.0,3.79625,0.0021568635506493,0.0416666666666666,0.1666666666666666,0.2916666666666667,1,0.3038735005342444,2,0.9999873738906528,1.0136130653309978e-06,1.062032933226365e-05,0.9999873738906528,1.4011013942284444e-18,5.262028759513149e-08,9.395466619621098e-07,1.1583341608710236e-24,1,0,False,-0.4996030162138816,0.9212744412100827,0.0,0.3064516129032258,0.002154540859679963,-0.5900791,3.2,5.227358277607543,10.792201516640048,24.0,3.79625
51-1011,First-line supervisors of production and operating workers,698.6,706.9,1.2,67.7,71190.0,High school diploma or equivalent,646.8,659.0,1.9,68.7,both_vintages,-0.7,-0.0845282,0.15,0.4,0.65,0.0,0.225,0.45,0.0,20.0,3.955,0.0032866492200369,0.15,0.4,0.65,1,0.24939127265337035,2,0.9996756460732261,2.039637133226417e-06,3.4025199847760174e-05,0.9996756460732261,7.074125003623028e-13,2.706688364206449e-07,0.000288018420249117,2.2614939284400848e-51,2,0,False,-0.2895665933329137,0.8454196109842885,0.0,0.225,0.0032812599935918806,-0.0845282,1.9,6.490723534502507,11.17310763809792,20.0,3.955
51-2011,"Aircraft structure, surfaces, rigging, and systems assemblers",33.6,28.7,-14.5,2.8,61680.0,High school diploma or equivalent,34.3,27.7,-19.4,2.9,both_vintages,4.899999999999999,-0.8684706,0.0,0.025,0.05,0.0,0.025,0.05,0.0494,27.0,4.128888888888889,0.0020541557625231,0.0,0.0185185185185185,0.037037037037037,1,0.36818575206282317,5,0.9348642602884705,0.0651357383026005,8.823574823834339e-10,0.0,2.9956513924429583e-31,5.265709542876083e-10,0.9348642602884705,0.0,1,0,False,-1.732563223614872,-0.6660665637479226,0.0494,0.025,0.0020520488693392394,-0.8684706,-19.4,3.3214324131932926,11.029715008237211,27.0,4.128888888888889
51-2021,"Coil winders, tapers, and finishers",12.2,11.5,-6.3,1.2,47260.0,High school diploma or equivalent,11.4,9.3,-17.9,1.0,both_vintages,11.599999999999998,-0.8289722,0.2222222222222222,0.2222222222222222,0.2222222222222222,0.0,0.1388888888888889,0.2777777777777778,0.0,11.0,4.191818181818181,0.0,0.1818181818181818,0.1818181818181818,0.1818181818181818,1,0.38947129023439836,6,0.9979014529291624,5.729344280434412e-08,6.654157750031316e-15,0.0020984399913328913,1.6041906907111835e-41,1.0012639004298115e-13,4.978595516484254e-08,0.9979014529291624,1,0,False,-2.1103378339872507,-1.427463854421832,0.0,0.1388888888888889,0.0,-0.8289722,-17.9,2.2300144001592104,10.763419550740899,11.0,4.191818181818181
51-2031,Engine and other machine assemblers,38.4,30.3,-21.1,2.8,52540.0,High school diploma or equivalent,47.3,41.6,-12.2,5.7,both_vintages,-8.900000000000002,-0.9561453,0.0,0.0952380952380952,0.1904761904761904,0.0,0.0,0.0,0.0,12.0,4.229166666666667,0.0,0.0,0.0833333333333333,0.1666666666666666,1,0.4582265446342563,6,0.9982351959786546,3.878111356544136e-08,1.300840147173496e-12,0.001764107300037304,8.541609133627589e-41,4.177980106569809e-15,6.579388891363967e-07,0.9982351959786546,1,0,False,-2.2429516456462606,-0.5261245197383173,0.0,0.0,0.0,-0.9561453,-12.2,3.728100167267218,10.86933006323953,12.0,4.229166666666667
51-2041,Structural metal fabricators and fitters,53.8,45.0,-16.3,4.1,49900.0,High school diploma or equivalent,63.6,53.6,-15.8,4.7,both_vintages,-0.5,-1.076307,0.0,0.0227272727272727,0.0454545454545454,0.0,0.0227272727272727,0.0454545454545454,0.0,23.0,3.87,0.0,0.0,0.0217391304347826,0.0434782608695652,1,0.3938843325163805,6,0.9990207858573039,1.5477457459137925e-08,7.298179535609963e-15,0.0009778757751327841,2.3726734990596367e-37,3.052507164075273e-14,1.3228900684995813e-06,0.9990207858573039,1,0,False,-1.8472909017691976,0.004773853216805217,0.0,0.0227272727272727,0.0,-1.076307,-15.8,3.9815490680767565,10.81777628173961,23.0,3.87
51-2051,Fiberglass laminators and fabricators,18.6,19.4,4.2,2.1,45760.0,High school diploma or equivalent,17.8,18.0,0.7,2.1,both_vintages,3.5,,0.0,0.0208333333333333,0.0416666666666666,0.0833333333333333,0.0833333333333333,0.0833333333333333,0.0,16.0,4.171875,0.0,0.0,0.03125,0.0625,1,0.4704123585378067,6,0.9973680946211047,1.5759815214558125e-07,7.324746573112801e-10,0.0026317376139603395,4.074315522261467e-38,6.171719856992542e-11,9.372590868261946e-09,0.9973680946211047,1,0,False,-1.536886655775587,-0.4721364676446001,0.0,0.0833333333333333,0.0,-0.1260282,0.7,2.8903717578961645,10.731165626053679,16.0,4.171875
51-2061,Timing device assemblers and adjusters,0.2,0.2,-17.5,0.0,40790.0,High school diploma or equivalent,0.6,0.5,-18.3,0.1,both_vintages,0.8000000000000007,,0.0,0.06,0.12,0.0,0.0,0.0,0.0392,17.0,4.13470588235294,0.0,0.0,0.088235294117647,0.1764705882352941,1,0.29076878817579793,0,0.9999984303956876,0.9999984303956876,1.3692275692266784e-08,0.0,4.406932979489832e-59,3.7881408237515007e-07,1.1770979539866373e-06,0.0,1,-1,True,-2.2219640517469537,-2.433444343660862,0.0392,0.0,0.0,-0.1260282,-18.3,-0.6931471805599453,10.616192232311604,17.0,4.13470588235294
51-3011,Bakers,249.1,263.2,5.6,39.9,36650.0,No formal educational credential,200.8,217.0,8.1,31.3,both_vintages,-2.5,-0.3852989,0.1470588235294117,0.2647058823529412,0.3823529411764705,0.088235294117647,0.1176470588235294,0.1470588235294117,0.0,18.0,4.307222222222222,0.0105789021769941,0.1666666666666666,0.2777777777777778,0.3888888888888889,1,0.43939955274905546,2,0.9998536560802468,4.2166708312665185e-06,6.9397787011480665e-09,0.9998536560802468,5.615296262229911e-33,9.930178075315044e-09,0.00014211037896516037,0.0,1,0,False,-1.492352167685324,0.9904484915162118,0.0,0.1176470588235294,0.010523337125984184,-0.3852989,8.1,5.37989735354046,10.509168707314798,18.0,4.307222222222222
51-3021,Butchers and meat cutters,143.1,144.5,1.0,16.9,38960.0,No formal educational credential,146.9,142.0,-3.3,17.7,both_vintages,4.3,-0.9709924,0.0526315789473684,0.131578947368421,0.2105263157894736,0.0,0.0263157894736842,0.0526315789473684,0.0,11.0,4.297272727272727,0.0,0.0909090909090909,0.1363636363636363,0.1818181818181818,1,0.4811331004632537,6,0.9962842742123107,2.322843797722235e-08,2.1910919088385408e-10,0.0037151586955060933,2.97772367101986e-42,1.25197965282785e-13,5.436445110743125e-07,0.9962842742123107,1,0,False,-2.2378318612843073,0.42617337493696034,0.0,0.0263157894736842,0.0,-0.9709924,-3.3,4.955827057601261,10.57029075775647,11.0,4.297272727272727
51-3022,"Meat, poultry, and fish cutters and trimmers",146.8,154.9,5.5,18.4,37700.0,No formal educational credential,137.3,139.1,1.3,17.5,both_vintages,4.2,-1.10563,0.0,0.0,0.0,0.0,0.0,0.0,0.0,12.0,4.23,0.0,0.0,0.0,0.0,1,0.4971417059788326,6,0.9956841046660982,3.435228118463917e-08,2.827367146768507e-10,0.004314763736538557,2.85603292783995e-44,6.838402823645625e-14,1.096962276624921e-06,0.9956841046660982,1,0,False,-2.2526928520522387,0.73611634699134,0.0,0.0,0.0,-1.10563,1.3,4.935193098929397,10.537415373436103,12.0,4.23
51-3023,Slaughterers and meat packers,69.6,71.2,2.2,8.4,39790.0,No formal educational credential,88.3,86.7,-1.8,10.8,both_vintages,4.0,-1.834668,0.0,0.0,0.0,0.0,0.0,0.0,0.0,14.0,4.377142857142857,0.0,0.0,0.0,0.0,1,0.4826047274341589,6,0.9954814730661415,6.818233507820648e-09,1.304707580997737e-10,0.004518480318922198,1.281749309100618e-50,3.488044866600289e-17,3.966623197727195e-08,0.9954814730661415,1,0,False,-2.756992619881542,0.5597545949338594,0.0,0.0,0.0,-1.834668,-1.8,4.462453883786496,10.591370903420975,14.0,4.377142857142857
51-3091,"Food and tobacco roasting, baking, and drying machine operators and tenders",20.7,20.8,0.6,2.4,42730.0,No formal educational credential,21.1,21.6,2.2,2.8,both_vintages,-1.6,-0.758859,0.0666666666666666,0.0666666666666666,0.0666666666666666,0.0,0.0666666666666666,0.1333333333333333,0.0,19.0,4.206315789473685,0.0,0.0526315789473684,0.0526315789473684,0.0526315789473684,1,0.5187097632684315,6,0.998199793050496,7.084199718954422e-08,3.80526541782441e-10,0.0018000642432076494,6.367617288139509e-43,4.1932407973125394e-13,7.148335299424556e-08,0.998199793050496,1,0,False,-1.884217929741314,-0.043994486216662604,0.0,0.0666666666666666,0.0,-0.758859,2.2,3.0726933146901194,10.66265652863807,19.0,4.206315789473685
51-3092,Food batchmakers,173.5,185.4,6.9,24.2,40790.0,High school diploma or equivalent,159.9,168.7,5.5,23.5,both_vintages,1.4000000000000004,-0.3791114,0.1025641025641025,0.1153846153846153,0.1282051282051282,0.1282051282051282,0.1538461538461538,0.1794871794871795,0.0,25.0,4.4796,0.0549486666474942,0.08,0.1,0.12,1,0.4140902753268846,0,0.9991510589584115,0.9991510589584115,0.0005832923640205337,9.165904680336182e-05,3.0180491462213557e-27,0.00017398962750712422,3.2579216351415635e-12,0.0,1,0,False,-1.381290226026007,0.7706254158571434,0.0,0.1538461538461538,0.053492108538062924,-0.3791114,5.5,5.128121989551922,10.616192232311604,25.0,4.4796
51-3093,Food cooking machine operators and tenders,29.7,29.9,0.6,4.4,40550.0,High school diploma or equivalent,27.2,27.0,-0.8,5.0,both_vintages,1.4,-0.5559894,0.1290322580645161,0.1290322580645161,0.1290322580645161,0.0,0.032258064516129,0.064516129032258,0.0,17.0,4.388823529411765,0.0,0.1176470588235294,0.1176470588235294,0.1176470588235294,1,0.4894364757942639,6,0.9972233126707842,7.28530764485969e-08,1.3542046979264323e-10,0.002776454765335244,1.3060384262619425e-46,7.105829658907202e-13,1.595746727388738e-07,0.9972233126707842,1,0,False,-2.118507523082653,-0.21902080767274792,0.0,0.032258064516129,0.0,-0.5559894,-0.8,3.295836866004329,10.61029105954356,17.0,4.388823529411765
51-4021,"Extruding and drawing machine setters, operators, and tenders, metal and plastic",66.0,66.8,1.2,6.5,46980.0,High school diploma or equivalent,60.6,61.0,0.7,6.6,both_vintages,0.5,-1.234352,0.0,0.0208333333333333,0.0416666666666666,0.0416666666666666,0.0833333333333333,0.125,0.0,16.0,3.92875,0.0016433246100185,0.0,0.03125,0.0625,1,0.4938730745036781,2,0.9998180791439313,6.084068369511941e-06,2.7460462418710585e-07,0.9998180791439313,1.525164907671476e-33,4.3830310613326504e-11,0.00017556193596187904,2.032829085319276e-10,1,0,False,-1.7166660277718226,0.47923756583011146,0.0,0.0833333333333333,0.0016419758295854279,-1.234352,0.7,4.110873864173311,10.757477258212903,16.0,3.92875
51-4022,"Forging machine setters, operators, and tenders, metal and plastic",8.8,7.2,-18.9,0.6,49240.0,High school diploma or equivalent,11.8,9.6,-18.3,0.9,both_vintages,-0.5999999999999979,-0.8046677,0.0,0.0416666666666666,0.0833333333333333,0.0,0.0416666666666666,0.0833333333333333,0.0,13.0,4.171538461538462,0.0,0.0,0.0384615384615384,0.0769230769230769,1,0.40044028759910194,6,0.9995680178083609,4.991705120271175e-08,1.2416669947746687e-15,0.00043185194298854545,1.359901788267315e-45,5.778666285842443e-15,8.033159221378933e-08,0.9995680178083609,1,0,False,-2.2630392350175264,-1.3200256660343541,0.0,0.0416666666666666,0.0,-0.8046677,-18.3,2.2617630984737906,10.80446158029839,13.0,4.171538461538462
51-4023,"Rolling machine setters, operators, and tenders, metal and plastic",22.5,20.6,-8.3,1.9,48630.0,High school diploma or equivalent,32.1,28.7,-10.9,2.9,both_vintages,2.6,-1.08921,0.1176470588235294,0.1764705882352941,0.2352941176470588,0.0,0.0735294117647058,0.1470588235294117,0.0,19.0,4.092631578947368,0.0,0.1052631578947368,0.1578947368421052,0.2105263157894736,1,0.4684804043980143,6,0.9989029611399198,1.7165367151179168e-08,3.259820299450619e-12,0.0010967502766777327,1.1295534685205178e-39,2.3359924739275392e-14,2.714147521125499e-07,0.9989029611399198,1,0,False,-1.9883196277846955,-0.3350931069104888,0.0,0.0735294117647058,0.0,-1.08921,-10.9,3.3568971227655755,10.791995903397831,19.0,4.092631578947368
51-4031,"Cutting, punching, and press machine setters, operators, and tenders, metal and plastic",174.7,153.6,-12.1,14.4,45590.0,High school diploma or equivalent,183.3,170.1,-7.2,17.1,both_vintages,-4.9,-1.036569,0.0,0.01,0.02,0.0,0.02,0.04,0.0,31.0,3.985161290322581,0.0,0.0,0.0166666666666666,0.0333333333333333,1,0.4366891330018084,6,0.9957943158037535,7.552494199414483e-08,3.2720118721458664e-10,0.004182474711240349,2.552881680525172e-35,2.1923325151189108e-13,2.313363264380731e-05,0.9957943158037535,1,0,False,-1.6849898899779876,0.979052386933298,0.0,0.02,0.0,-1.036569,-7.2,5.136386499401816,10.727443673207487,31.0,3.985161290322581
51-4032,"Drilling and boring machine tool setters, operators, and tenders, metal and plastic",5.3,4.3,-19.6,0.4,46630.0,High school diploma or equivalent,6.9,5.6,-18.6,0.7,both_vintages,-1.0,-0.7598132,0.0,0.0303030303030303,0.0606060606060606,0.0,0.0,0.0,0.0,17.0,4.202941176470588,0.0015406168218923,0.0,0.0294117647058823,0.0588235294117647,1,0.39260647371378055,2,0.9995941500714579,0.0002801546150129971,5.857864263221656e-12,0.9995941500714579,1.3050719919345118e-48,8.527282244268167e-12,0.00012567149746865337,2.3801675268537432e-08,1,0,False,-2.407164283893351,-1.4082618008676786,0.0,0.0,0.001539431289274483,-0.7598132,-18.6,1.7227665977411035,10.749999389802367,17.0,4.202941176470588
51-4033,"Grinding, lapping, polishing, and buffing machine tool setters, operators, and tenders, metal and plastic",70.1,61.7,-12.0,5.5,45190.0,High school diploma or equivalent,69.0,63.0,-8.8,7.8,both_vintages,-3.1999999999999997,-0.9901662,0.032258064516129,0.064516129032258,0.0967741935483871,0.0,0.064516129032258,0.1290322580645161,0.0,18.0,4.053888888888888,0.0,0.0555555555555555,0.0833333333333333,0.1111111111111111,1,0.4748019530371041,6,0.9986329437628104,1.4159677018460936e-08,1.471263154705576e-11,0.0013665736694871804,5.80836093180426e-38,2.0262781089223482e-13,4.683931100710273e-07,0.9986329437628104,1,0,False,-1.8926027504583742,0.0931454803015728,0.0,0.064516129032258,0.0,-0.9901662,-8.8,4.143134726391533,10.718631102405325,18.0,4.053888888888888
51-4034,"Lathe and turning machine tool setters, operators, and tenders, metal and plastic",18.9,16.4,-13.6,1.5,48620.0,High school diploma or equivalent,20.0,18.2,-9.1,2.4,both_vintages,-4.5,-1.06734,0.1290322580645161,0.1612903225806451,0.1935483870967742,0.0,0.032258064516129,0.064516129032258,0.0,18.0,3.969444444444445,0.0,0.125,0.15625,0.1875,1,0.4641612598410945,6,0.9992891431623728,3.2575649373503186e-08,3.925695286159575e-12,0.0007106358107940292,3.073729807665048e-42,1.430026825112624e-14,1.884472433428019e-07,0.9992891431623728,1,0,False,-1.9918121065541317,-0.3771259121353178,0.0,0.032258064516129,0.0,-1.06734,-9.1,2.9014215940827497,10.791790247870114,18.0,3.969444444444445
51-4035,"Milling and planing machine setters, operators, and tenders, metal and plastic",13.8,11.8,-14.4,1.1,48310.0,High school diploma or equivalent,15.2,12.5,-17.7,1.6,both_vintages,3.299999999999999,-0.8703219,0.2068965517241379,0.2413793103448275,0.2758620689655172,0.0,0.0689655172413793,0.1379310344827586,0.0,15.0,4.156666666666667,0.0,0.2,0.2333333333333333,0.2666666666666666,1,0.40859312884238863,6,0.9994895656053575,2.943833088539138e-08,2.9014983819129106e-15,0.000510305683353172,1.4633314459395522e-43,1.1465019886158839e-14,9.927294433045392e-08,0.9994895656053575,1,0,False,-2.1728540267218444,-1.1198658958721652,0.0,0.0689655172413793,0.0,-0.8703219,-17.7,2.5257286443082556,10.785393857548453,15.0,4.156666666666667
51-4041,Machinists,299.5,299.6,0.0,29.5,56150.0,High school diploma or equivalent,342.6,350.7,2.4,37.5,both_vintages,-2.4,-0.8675535,0.1632653061224489,0.2346938775510204,0.3061224489795918,0.0,0.1326530612244897,0.2653061224489795,0.0,29.0,4.200689655172414,0.0058543439231909,0.1379310344827586,0.2068965517241379,0.2758620689655172,1,0.43115967167011554,2,0.9992228248956452,3.061247004719667e-06,1.1885395581318107e-06,0.9992228248956452,9.535552209871566e-24,2.161184264336982e-10,0.0007729251016734775,2.772683319330682e-156,1,0,False,-1.2056511858972063,1.1517949037514983,0.0,0.1326530612244897,0.005837273842153918,-0.8675535,2.4,5.859931157146132,10.935781960166588,29.0,4.200689655172414
51-4051,Metal-refining furnace operators and tenders,20.8,20.3,-2.3,2.0,55770.0,High school diploma or equivalent,15.9,14.9,-6.4,1.5,both_vintages,4.1000000000000005,-1.167465,0.0833333333333333,0.1041666666666666,0.125,0.0,0.0416666666666666,0.0833333333333333,0.0,15.0,4.36,0.0,0.0666666666666666,0.1,0.1333333333333333,1,0.48010936663223,6,0.9985130084529092,2.1457372791777445e-08,1.0324701013149002e-10,0.0014867963477452708,4.501931828291693e-44,1.3601079678665775e-16,1.7363872580032415e-07,0.9985130084529092,1,0,False,-2.295102602413264,-0.7573602401039362,0.0,0.0416666666666666,0.0,-1.167465,-6.4,2.7013612129514133,10.9289913693836,15.0,4.36
51-4052,"Pourers and casters, metal",5.9,5.7,-4.7,0.6,48940.0,High school diploma or equivalent,6.7,5.9,-12.5,0.6,both_vintages,7.8,-1.00914,0.0,0.0,0.0,0.0,0.0,0.0,0.0,16.0,4.405625,0.0,0.0,0.0,0.0,1,0.4292742346698987,6,0.9990367537894932,6.675612842360509e-08,1.4713201334960334e-12,0.0009630218651581058,3.3125414730658513e-54,8.622143422237147e-17,1.5758774854401682e-07,0.9990367537894932,1,0,False,-2.6037874937527987,-1.2803232631186092,0.0,0.0,0.0,-1.00914,-12.5,1.7749523509116738,10.798350336996663,16.0,4.405625
51-4061,"Model makers, metal and plastic",3.2,2.6,-18.2,0.3,62700.0,High school diploma or equivalent,3.8,3.5,-7.1,0.3,both_vintages,-11.1,-0.7421977,0.1290322580645161,0.1612903225806451,0.1935483870967742,0.0,0.0967741935483871,0.1935483870967742,0.0,16.0,3.835625,0.0,0.125,0.15625,0.1875,1,0.3667329720921343,6,0.9981754204245166,1.4048834133282852e-07,8.737184968773583e-11,0.001824435107537409,2.202874834829405e-37,2.612698434686711e-13,3.891971915386676e-09,0.9981754204245166,1,0,False,-1.5255404981991447,-1.2747933535871678,0.0,0.0967741935483871,0.0,-0.7421977,-7.1,1.252762968495368,11.046116726621012,16.0,3.835625
51-4062,"Patternmakers, metal and plastic",1.6,1.2,-24.4,0.1,54540.0,High school diploma or equivalent,2.1,1.9,-10.2,0.2,both_vintages,-14.2,-0.6131331,0.0869565217391304,0.1521739130434782,0.217391304347826,0.0,0.1304347826086956,0.2608695652173913,0.0,15.0,3.6993333333333336,0.0,0.1333333333333333,0.2,0.2666666666666666,1,0.2984193074355799,6,0.9957687095814114,9.402147789741084e-07,2.090305640818302e-11,0.004230349663589245,8.068656025404052e-39,1.5042985080057077e-12,5.17812857711267e-10,0.9957687095814114,1,0,False,-1.4636962098170159,-1.5453557318465734,0.0,0.1304347826086956,0.0,-0.6131331,-10.2,0.6418538861723947,10.90668965639958,15.0,3.6993333333333336
51-4071,Foundry mold and coremakers,12.7,9.4,-25.9,0.9,45700.0,High school diploma or equivalent,14.0,12.4,-11.1,1.2,both_vintages,-14.8,-1.740349,0.0,0.0,0.0,0.0,0.0,0.0,0.0,13.0,4.490769230769231,0.0,0.0,0.0,0.0,1,0.438271613406344,6,0.9980510051512271,2.0533832609680137e-08,2.75526062034556e-12,0.0019489328793369895,8.126193358841459e-57,1.6488920797177805e-19,4.1432847945588154e-08,0.9980510051512271,1,0,False,-3.030115632537118,-0.7971289968565115,0.0,0.0,0.0,-1.740349,-11.1,2.517696472610991,10.729853576882297,13.0,4.490769230769231
51-4072,"Molding, coremaking, and casting machine setters, operators, and tenders, metal and plastic",154.6,148.8,-3.8,15.9,41230.0,High school diploma or equivalent,166.1,165.2,-0.6,16.8,both_vintages,-3.2,-1.146139,0.0232558139534883,0.0813953488372093,0.1395348837209302,0.0,0.0348837209302325,0.0697674418604651,0.0,29.0,3.79551724137931,0.0,0.0344827586206896,0.0862068965517241,0.1379310344827586,1,0.4228065055083938,6,0.9965789540741803,3.178521022950555e-08,8.19196618908007e-10,0.003416565607989993,1.2208470232089109e-36,1.1364101695294526e-13,4.4477133089394605e-06,0.9965789540741803,1,0,False,-1.5342913120096207,1.36374344268341,0.0,0.0348837209302325,0.0,-1.146139,-0.6,5.107156861086878,10.626921425700946,29.0,3.79551724137931
51-4081,"Multiple machine tool setters, operators, and tenders, metal and plastic",131.0,130.3,-0.5,12.8,46060.0,High school diploma or equivalent,139.5,143.4,2.8,15.3,both_vintages,-3.3,-0.74266,0.0769230769230769,0.1025641025641025,0.1282051282051282,0.1025641025641025,0.141025641025641,0.1794871794871795,0.0,21.0,3.977619047619048,0.0,0.0952380952380952,0.119047619047619,0.1428571428571428,1,0.4620867494115518,6,0.9890061644128173,7.3180355656058e-08,1.9703738016159683e-08,0.010992330445309766,6.019580460508419e-29,6.230239180341896e-11,1.4121954772219923e-06,0.9890061644128173,1,0,False,-1.2402815268192882,0.8285989281949584,0.0,0.141025641025641,0.0,-0.74266,2.8,4.96563792816552,10.737700173374677,21.0,3.977619047619048
51-4111,Tool and die makers,55.2,49.3,-10.8,4.7,63180.0,Postsecondary nondegree award,65.1,61.0,-6.4,6.5,both_vintages,-4.4,-0.5317897,0.09375,0.1875,0.28125,0.0,0.109375,0.21875,0.0,17.0,3.9905882352941178,0.0,0.1176470588235294,0.2058823529411764,0.2941176470588235,1,0.4288047704324954,6,0.991279281369554,1.4014451691767704e-07,2.790769294684826e-09,0.00871790558106867,2.4497394464786573e-26,2.2355055138497887e-11,2.6700917357784087e-06,0.991279281369554,1,0,False,-1.2594260442588727,-0.22404143324456746,0.0,0.109375,0.0,-0.5317897,-6.4,4.110873864173311,11.053743074356076,17.0,3.9905882352941178
51-4121,"Welders, cutters, solderers, and brazers",457.3,467.2,2.2,45.6,51000.0,High school diploma or equivalent,428.0,434.9,1.6,47.6,both_vintages,0.6000000000000001,-1.197596,0.0784313725490196,0.088235294117647,0.0980392156862745,0.0,0.0392156862745098,0.0784313725490196,0.0,30.0,3.886896551724138,0.0020541557625231,0.0666666666666666,0.0833333333333333,0.1,1,0.408493725973708,2,0.9954820481181834,1.4183889161340663e-06,2.879555882102603e-07,0.9954820481181834,2.426713665979955e-28,4.7372823378313943e-11,0.004516245489939361,3.980099169069061e-18,1,0,False,-1.3542145919959463,1.6711629159909707,0.0,0.0392156862745098,0.0020520488693392394,-1.197596,1.6,6.075116119603592,10.839580911706463,30.0,3.886896551724138
51-4122,"Welding, soldering, and brazing machine setters, operators, and tenders",38.9,35.4,-9.0,3.2,47060.0,High school diploma or equivalent,32.3,29.7,-7.9,3.1,both_vintages,-1.0999999999999996,-1.002411,0.0454545454545454,0.0681818181818181,0.0909090909090909,0.0,0.0568181818181818,0.1136363636363636,0.0,29.0,3.811379310344828,0.0,0.0689655172413793,0.0862068965517241,0.1034482758620689,1,0.4176717172195472,6,0.9981337178203395,2.080238723612298e-07,8.970491919243367e-11,0.0018653123604378426,2.5637643851612576e-37,5.208732298479453e-14,7.617055929158022e-07,0.9981337178203395,1,0,False,-1.5867830477186262,0.23194108173424824,0.0,0.0568181818181818,0.0,-1.002411,-7.9,3.391147045808654,10.759178662281354,29.0,3.811379310344828
51-4191,"Heat treating equipment setters, operators, and tenders, metal and plastic",14.8,12.9,-12.8,1.2,47450.0,High school diploma or equivalent,14.9,13.5,-9.8,1.3,both_vintages,-3.0,-1.092486,0.1764705882352941,0.1764705882352941,0.1764705882352941,0.0,0.0588235294117647,0.1176470588235294,0.0,23.0,4.279565217391304,0.0017460323981446,0.1739130434782608,0.1739130434782608,0.1739130434782608,1,0.46867849631327324,2,0.9995065420708348,5.5998141030868524e-05,2.525734581845802e-08,0.9995065420708348,6.715945431819753e-43,1.6122807402907302e-12,0.00043743452208959275,7.086608932800967e-12,1,0,False,-2.2110441305979425,-0.5873494185299,0.0,0.0588235294117647,0.0017445098555917008,-1.092486,-9.8,2.6026896854443837,10.767431804038074,23.0,4.279565217391304
51-4192,"Layout workers, metal and plastic",5.7,5.4,-5.4,0.5,61870.0,High school diploma or equivalent,7.1,6.4,-10.0,0.6,both_vintages,4.6,-0.7221353,0.0,0.1304347826086956,0.2608695652173913,0.0,0.1521739130434782,0.3043478260869565,0.0,14.0,4.094285714285714,0.001951447974397,0.0,0.1428571428571428,0.2857142857142857,1,0.40745693010527223,2,0.9999489616227604,2.7782409615544858e-05,2.0011878017062104e-08,0.9999489616227604,2.4654679937268755e-32,8.877618657443715e-11,2.3235866969348953e-05,4.870911818769818e-16,1,0,False,-1.6363724374985171,-1.3869909870536954,0.0,0.1521739130434782,0.0019495463733137737,-0.7221353,-10.0,1.8562979903656263,11.032790688525035,14.0,4.094285714285714
51-4193,"Plating machine setters, operators, and tenders, metal and plastic",31.7,27.4,-13.6,2.5,41600.0,High school diploma or equivalent,33.0,29.6,-10.4,3.0,both_vintages,-3.1999999999999997,-0.8999876,0.0625,0.1041666666666666,0.1458333333333333,0.0,0.0416666666666666,0.0833333333333333,0.0,33.0,3.992727272727272,0.0,0.0606060606060606,0.0909090909090909,0.1212121212121212,1,0.43221540215515825,6,0.9975453731723217,1.7783291079000811e-06,1.395781854583563e-10,0.0024502232972418423,5.457753633611353e-41,5.1744558191333475e-14,2.6250616984486584e-06,0.9975453731723217,1,0,False,-1.8103752971782663,0.19954927387906704,0.0,0.0416666666666666,0.0,-0.8999876,-10.4,3.3877743613300146,10.635855446249355,33.0,3.992727272727272
51-4194,"Tool grinders, filers, and sharpeners",5.8,5.4,-7.8,0.5,48970.0,High school diploma or equivalent,6.3,5.8,-7.9,0.6,both_vintages,0.1000000000000005,-0.8809238,0.0,0.0333333333333333,0.0666666666666666,0.0,0.0,0.0,0.0,18.0,4.171666666666667,0.0,0.0,0.0277777777777777,0.0555555555555555,1,0.4618245348254684,6,0.9990427132302787,1.1044916219867643e-07,2.227672827764154e-11,0.0009571401391451396,4.612159620790311e-50,5.610339129213876e-15,3.615913193589782e-08,0.9990427132302787,1,0,False,-2.2426873680229686,-0.9601819167017517,0.0,0.0,0.0,-0.8809238,-7.9,1.7578579175523736,10.798963144696364,18.0,4.171666666666667
51-5111,Prepress technicians and workers,26.2,22.3,-14.6,2.8,47300.0,Postsecondary nondegree award,26.0,20.1,-22.7,2.4,both_vintages,8.1,0.4107973,0.0625,0.4375,0.8125,0.03125,0.109375,0.1875,0.1018,15.0,4.243333333333333,0.0206442654133576,0.0666666666666666,0.4666666666666667,0.8666666666666667,1,0.25525504436161917,0,0.9957500190143633,0.9957500190143633,4.707349489478975e-09,0.0,3.1239172293576273e-30,0.004249976262354965,1.593147262811126e-11,0.0,1,0,False,-1.230987275710453,-1.5403043591230277,0.1018,0.109375,0.02043406065836178,0.4107973,-22.7,3.0007198150650303,10.764265574480024,15.0,4.243333333333333
51-5112,Printing press operators,150.2,138.0,-8.1,13.7,45160.0,High school diploma or equivalent,153.1,129.4,-15.5,13.2,both_vintages,7.4,-0.7093881,0.175,0.2875,0.4,0.0,0.125,0.25,0.0,23.0,4.318695652173913,0.0055462205588125,0.217391304347826,0.3260869565217391,0.4347826086956521,1,0.394623331706026,2,0.9995856954918806,2.5738259864516725e-06,3.1318496710108693e-10,0.9995856954918806,3.4917476770728895e-32,4.3120371665296027e-10,0.00041172993774428316,4.898761097876705e-139,1,0,False,-1.8139549821658918,-0.020499191755525472,0.0,0.125,0.005530896910348726,-0.7093881,-15.5,4.8629083820668,10.717967018263598,23.0,4.318695652173913
51-5113,Print binding and finishing workers,35.8,30.0,-16.1,2.8,39820.0,High school diploma or equivalent,42.2,31.8,-24.8,2.8,both_vintages,8.7,-0.9062089,0.0512820512820512,0.0897435897435897,0.1282051282051282,0.0,0.0641025641025641,0.1282051282051282,0.0,25.0,4.2536000000000005,0.0017460323981446,0.04,0.08,0.12,1,0.3557969404095189,2,0.998771650075727,5.323464333026613e-05,3.7206829580971435e-15,0.998771650075727,9.887496905247693e-43,2.7909596959420174e-11,0.0011751152365925333,1.643672041270915e-11,1,0,False,-2.314305468137502,-0.6476695821738588,0.0,0.0641025641025641,0.0017445098555917008,-0.9062089,-24.8,3.459466289786131,10.592124577618188,25.0,4.2536000000000005
51-6011,Laundry and dry-cleaning workers,202.6,213.5,5.4,31.9,33800.0,No formal educational credential,164.0,183.5,11.9,26.6,both_vintages,-6.5,-1.054399,0.025,0.05,0.075,0.0,0.05,0.1,0.0,23.0,3.9517391304347824,0.0,0.0434782608695652,0.0869565217391304,0.1304347826086956,1,0.437460459661518,6,0.9953116275934628,3.416877834903197e-08,2.6902307299756602e-11,0.004687821566834842,1.3046445160519411e-40,2.0487235143885524e-13,5.166438166372537e-07,0.9953116275934628,1,0,False,-1.625673298391712,1.7112722784689973,0.0,0.05,0.0,-1.054399,11.9,5.212214667494625,10.42821608147111,23.0,3.9517391304347824
51-6021,"Pressers, textile, garment, and related materials",28.4,24.6,-13.5,2.8,33880.0,No formal educational credential,27.9,25.2,-9.6,2.9,both_vintages,-3.9,-1.950063,0.0,0.0104166666666666,0.0208333333333333,0.0,0.0208333333333333,0.0416666666666666,0.0,28.0,4.238571428571428,0.0,0.0,0.0178571428571428,0.0357142857142857,1,0.4519772970446433,6,0.984188069221613,4.1274957963654123e-07,1.3368410082140926e-10,0.015810536415345394,1.5228954704960128e-56,6.579368527930295e-17,9.814797777589314e-07,0.984188069221613,1,0,False,-2.7911956786853063,0.3439470590326299,0.0,0.0208333333333333,0.0,-1.950063,-9.6,3.2268439945173775,10.43058014876599,28.0,4.238571428571428
51-6031,Sewing machine operators,124.0,110.7,-10.8,13.0,36000.0,No formal educational credential,127.0,116.5,-8.3,14.0,both_vintages,-2.5,-0.9639661,0.0465116279069767,0.0813953488372093,0.1162790697674418,0.0,0.0232558139534883,0.0465116279069767,0.0,26.0,4.039615384615384,0.0,0.0384615384615384,0.0769230769230769,0.1153846153846153,1,0.4518046042830764,6,0.9968369686791795,5.512692552349398e-08,8.256984357516466e-11,0.003159829886204003,3.6911295605171674e-42,6.422283036322489e-13,3.1462244793303988e-06,0.9968369686791795,1,0,False,-1.96447512529127,0.7647857913003598,0.0,0.0232558139534883,0.0,-0.9639661,-8.3,4.757891273005756,10.491274217438248,26.0,4.039615384615384
51-6041,Shoe and leather workers and repairers,9.5,9.1,-3.8,0.9,35950.0,High school diploma or equivalent,7.3,6.9,-5.1,0.9,both_vintages,1.2999999999999998,-0.990912,0.0,0.0588235294117647,0.1176470588235294,0.0,0.0588235294117647,0.1176470588235294,0.0,26.0,4.284230769230769,0.0,0.0,0.0769230769230769,0.1538461538461538,1,0.46135537405451704,6,0.9957337721324214,1.028225361285978e-06,9.121353486204865e-10,0.004265056515028514,6.888837945351955e-54,2.6188166799706268e-14,1.4221502733966085e-07,0.9957337721324214,1,0,False,-2.3186731308106014,-0.4516028234697274,0.0,0.0588235294117647,0.0,-0.990912,-5.1,1.9315214116032138,10.489884363149192,26.0,4.284230769230769
51-6042,Shoe machine operators and tenders,4.1,3.9,-3.7,0.4,38160.0,High school diploma or equivalent,4.7,4.3,-7.2,0.5,both_vintages,3.5,-1.029855,0.0869565217391304,0.0869565217391304,0.0869565217391304,0.0,0.0217391304347826,0.0434782608695652,0.0,19.0,4.252631578947368,0.0,0.0555555555555555,0.0555555555555555,0.0555555555555555,1,0.45358783449067314,6,0.998366859567047,2.3058285183836445e-07,6.290539300954917e-11,0.001632868185826846,7.986092182415227e-58,4.343868329882657e-15,4.160136458967168e-08,0.998366859567047,1,0,False,-2.511881121176509,-0.8817939505178254,0.0,0.0217391304347826,0.0,-1.029855,-7.2,1.4586150226995167,10.549543125562224,19.0,4.252631578947368
51-6051,"Sewers, hand",5.4,5.0,-7.0,0.7,33760.0,No formal educational credential,8.5,8.4,-1.0,1.2,both_vintages,-6.0,-0.5987218,0.0,0.0416666666666666,0.0833333333333333,0.0,0.0416666666666666,0.0833333333333333,0.0,11.0,4.491818181818181,0.0,0.0,0.05,0.1,1,0.44141830694267914,6,0.9933470319311265,1.4700091163127828e-07,9.375760622148531e-11,0.006652784689414993,1.6539733261502585e-57,2.354196799121484e-13,3.6284554010164674e-08,0.9933470319311265,1,0,False,-2.5147289484621282,-0.7895860440351552,0.0,0.0416666666666666,0.0,-0.5987218,-1.0,2.128231705849268,10.427031948709894,11.0,4.491818181818181
51-6052,"Tailors, dressmakers, and custom sewers",38.8,37.1,-4.5,5.0,40860.0,No formal educational credential,35.0,35.5,1.2,5.0,both_vintages,-5.7,-0.4305268,0.0454545454545454,0.0909090909090909,0.1363636363636363,0.0,0.0681818181818181,0.1363636363636363,0.0342,22.0,4.086818181818182,0.092334301525416,0.0454545454545454,0.0909090909090909,0.1363636363636363,1,0.4697943207247635,0,0.982650942649098,0.982650942649098,0.017274855837461082,0.0,1.6518928665769125e-32,7.420151344171872e-05,1.2645328074293827e-56,0.0,1,0,False,-1.3147917771382907,0.2383600772233952,0.0342,0.0681818181818181,0.08831696740040207,-0.4305268,1.2,3.56953269648137,10.617906868371612,22.0,4.086818181818182
51-6061,Textile bleaching and dyeing machine operators and tenders,6.2,5.5,-10.1,0.7,37320.0,High school diploma or equivalent,6.5,5.6,-14.6,0.7,both_vintages,4.5,-0.8609312,0.131578947368421,0.1578947368421052,0.1842105263157894,0.0,0.1184210526315789,0.2368421052631578,0.0211,23.0,4.324347826086957,0.0038001881606677,0.1363636363636363,0.1590909090909091,0.1818181818181818,1,0.397978183614925,5,0.9306576040937315,0.06934169082262885,6.886634212606326e-07,0.0,8.695154398981424e-47,1.6420217537345288e-08,0.9306576040937315,0.0,1,0,False,-2.2377578156931692,-1.0965668634838177,0.0211,0.1184210526315789,0.0037929856870425856,-0.8609312,-14.6,1.7227665977411035,10.52728465496128,23.0,4.324347826086957
51-6062,"Textile cutting machine setters, operators, and tenders",9.3,8.2,-11.7,1.0,37940.0,High school diploma or equivalent,12.3,10.8,-12.2,1.4,both_vintages,0.5,-1.022949,0.1071428571428571,0.1607142857142857,0.2142857142857142,0.0,0.1428571428571428,0.2857142857142857,0.0152,18.0,4.122222222222223,0.1373203127246733,0.1111111111111111,0.1666666666666666,0.2222222222222222,1,0.41197188004980967,0,0.9998687799734307,0.9998687799734307,0.0001225389586248471,0.0,9.964629176054003e-38,8.681067944542395e-06,3.7246916433416446e-107,0.0,1,0,False,-1.8267759930657188,-0.6891504506796756,0.0152,0.1428571428571428,0.12867489252944173,-1.022949,-12.2,2.379546134130174,10.543761243489005,18.0,4.122222222222223
51-6063,"Textile knitting and weaving machine setters, operators, and tenders",15.3,13.6,-11.2,1.7,38260.0,High school diploma or equivalent,17.0,14.4,-15.1,1.9,both_vintages,3.9,-1.241662,0.125,0.15625,0.1875,0.0,0.125,0.25,0.032,19.0,4.273157894736842,0.1373203127246733,0.1578947368421052,0.1842105263157894,0.2105263157894736,1,0.40380916197450606,0,0.9999907850886371,0.9999907850886371,8.38317738820651e-06,0.0,1.42919776196243e-40,8.317339753416078e-07,2.175153287920032e-108,0.0,1,0,False,-2.0557525172774294,-0.6734833343650944,0.032,0.125,0.12867489252944173,-1.241662,-15.1,2.667228206581955,10.552160242994244,19.0,4.273157894736842
51-6064,"Textile winding, twisting, and drawing out machine setters, operators, and tenders",21.7,19.8,-9.0,2.5,37660.0,High school diploma or equivalent,23.0,20.1,-12.4,2.6,both_vintages,3.4000000000000004,-1.392929,0.0857142857142857,0.0857142857142857,0.0857142857142857,0.0,0.0714285714285714,0.1428571428571428,0.0,23.0,4.135217391304348,0.0,0.0869565217391304,0.0869565217391304,0.0869565217391304,1,0.4535677218448847,6,0.9979558645046469,4.419936972854203e-08,2.0401397012958225e-12,0.0020439146444458023,9.387816149492296e-49,5.0283927433063645e-15,1.7664949274216767e-07,0.9979558645046469,1,0,False,-2.356427220261606,-0.1906190139739736,0.0,0.0714285714285714,0.0,-1.392929,-12.4,3.0007198150650303,10.536353802211144,23.0,4.135217391304348
51-6091,"Extruding and forming machine setters, operators, and tenders, synthetic and glass fibers",15.2,15.0,-1.1,2.0,44980.0,High school diploma or equivalent,14.4,13.7,-4.2,1.5,both_vintages,3.1,-0.8596925,0.0689655172413793,0.0689655172413793,0.0689655172413793,0.0,0.0862068965517241,0.1724137931034483,0.0,17.0,3.9452941176470575,0.0,0.0588235294117647,0.0588235294117647,0.0588235294117647,1,0.46935873644782655,6,0.998600933788133,8.771731215677273e-08,3.09312982504912e-10,0.0013989300628065875,1.536171483949797e-40,3.0311057918548264e-13,4.8122132159384166e-08,0.998600933788133,1,0,False,-1.7647311225998175,-0.3755823062940608,0.0,0.0862068965517241,0.0,-0.8596925,-4.2,2.617395832834079,10.713973225513307,17.0,3.9452941176470575
51-6092,Fabric and apparel patternmakers,2.8,2.5,-10.2,0.3,67670.0,High school diploma or equivalent,3.2,2.8,-12.7,0.3,both_vintages,2.5,-0.0831096,0.125,0.46875,0.8125,0.0,0.1875,0.375,0.0,16.0,4.29625,0.0,0.125,0.46875,0.8125,1,0.32109842716947606,6,0.9849647700977161,3.9310903522821243e-07,1.1614604829655008e-10,0.015034763011932347,2.245233493480336e-35,6.707447799582876e-12,7.365846278507487e-08,0.9849647700977161,1,0,False,-1.4573943562665834,-2.174959342284482,0.0,0.1875,0.0,-0.0831096,-12.7,1.0296194171811581,11.12239822922627,16.0,4.29625
51-6093,Upholsterers,22.7,22.3,-1.8,2.2,46190.0,High school diploma or equivalent,34.5,35.7,3.3,3.7,both_vintages,-5.1,-1.313735,0.1176470588235294,0.1911764705882352,0.2647058823529412,0.0294117647058823,0.088235294117647,0.1470588235294117,0.0,22.0,4.084545454545455,0.0021568635506493,0.1363636363636363,0.2272727272727272,0.3181818181818182,1,0.521876127817495,2,0.9998556898475408,1.1484363121530238e-05,5.785125578340646e-07,0.9998556898475408,7.956116144352645e-37,9.89095515009272e-12,0.00013224726688878776,1.2723303228051038e-19,1,0,False,-1.8331537729426952,0.4415304481715305,0.0,0.088235294117647,0.002154540859679963,-1.313735,3.3,3.5751506887855933,10.74051860342465,22.0,4.084545454545455
51-7011,Cabinetmakers and bench carpenters,86.0,84.7,-1.6,8.1,46020.0,High school diploma or equivalent,102.9,106.5,3.5,11.5,both_vintages,-5.1,-1.327489,0.0588235294117647,0.1176470588235294,0.1764705882352941,0.0,0.0441176470588235,0.088235294117647,0.0,20.0,4.136,0.0,0.1,0.175,0.25,1,0.516392476874962,6,0.9975821376497905,1.0325203661347146e-08,4.874335110626678e-10,0.0024171436946793003,7.049923973121685e-39,2.3564982948351003e-14,7.078428694306094e-07,0.9975821376497905,1,0,False,-1.924884291417818,0.8563709252242042,0.0,0.0441176470588235,0.0,-1.327489,3.5,4.66814498514948,10.736831363589356,20.0,4.136
51-7021,Furniture finishers,20.5,19.8,-3.3,2.0,42530.0,High school diploma or equivalent,18.7,19.1,2.2,2.7,both_vintages,-5.5,-1.197727,0.0,0.0285714285714285,0.0571428571428571,0.0,0.0714285714285714,0.1428571428571428,0.0,22.0,4.012727272727273,0.0,0.0,0.0454545454545454,0.0909090909090909,1,0.5079388092726645,6,0.9980769076527124,6.731723791999136e-08,9.99072229907765e-10,0.0019229250571308491,3.5296355946117154e-43,2.579031627416617e-14,9.89738208791792e-08,0.9980769076527124,1,0,False,-1.8832128864712376,0.22811455814509182,0.0,0.0714285714285714,0.0,-1.197727,2.2,2.9496883350525844,10.657964988247679,22.0,4.012727272727273
51-7031,"Model makers, wood",0.9,0.9,-4.5,0.1,51850.0,High school diploma or equivalent,0.5,0.5,7.3,0.1,both_vintages,-11.8,-0.7278869,0.0769230769230769,0.1538461538461538,0.2307692307692307,0.0,0.1538461538461538,0.3076923076923077,0.0,14.0,3.952142857142857,0.0030812336437847,0.0714285714285714,0.1428571428571428,0.2142857142857142,1,0.3188093291254999,2,0.9999860942693857,1.3357973606031383e-05,5.475011319589857e-07,0.9999860942693857,1.1257169085121033e-44,6.659116929963645e-11,1.8928533789764667e-10,3.0123638578794634e-42,1,0,False,-1.6097486873636488,-1.5901048443439387,0.0,0.1538461538461538,0.0030764963720004888,-0.7278869,7.3,-0.6931471805599453,10.856110213657674,14.0,3.952142857142857
51-7032,"Patternmakers, wood",0.5,0.4,-5.0,0.0,52520.0,High school diploma or equivalent,0.3,0.3,7.8,0.0,both_vintages,-12.8,-1.057897,0.2051282051282051,0.2564102564102564,0.3076923076923077,0.1538461538461538,0.282051282051282,0.4102564102564102,0.0301,20.0,4.101,0.2419795488252283,0.2,0.25,0.3,1,0.24919496252682094,1,0.9999989510333135,4.7272186979896525e-08,0.9999989510333135,0.0,1.0171734756735726e-37,1.0016945001332046e-06,3.2564418118499315e-305,0.0,1,-1,True,-1.0751726272978248,-1.6757561282770175,0.0301,0.282051282051282,0.21670651705142277,-1.057897,7.8,-1.2039728043259361,10.868949328416733,20.0,4.101
51-7041,"Sawing machine setters, operators, and tenders, wood",45.0,44.7,-0.6,4.8,39950.0,High school diploma or equivalent,47.1,49.0,4.1,5.7,both_vintages,-4.699999999999999,-1.165031,0.0,0.0588235294117647,0.1176470588235294,0.0,0.0147058823529411,0.0294117647058823,0.0,22.0,4.209545454545455,0.0,0.0,0.0681818181818181,0.1363636363636363,1,0.5229938583333952,6,0.996746047821205,7.760650203852115e-08,2.2059976342147762e-10,0.0032531483186070556,6.92845064623601e-46,2.8576661325796706e-14,7.26033057331478e-07,0.996746047821205,1,0,False,-2.117486075569656,0.6429691801994564,0.0,0.0147058823529411,0.0,-1.165031,4.1,3.8918202981106265,10.595383951194421,22.0,4.209545454545455
51-7042,"Woodworking machine setters, operators, and tenders, except sawing",63.1,61.9,-1.8,6.4,40440.0,High school diploma or equivalent,69.4,71.7,3.2,7.2,both_vintages,-5.0,-1.130357,0.0217391304347826,0.0652173913043478,0.108695652173913,0.0,0.0326086956521739,0.0652173913043478,0.0,25.0,4.0888,0.0,0.04,0.08,0.12,1,0.5134661994036737,6,0.9970209442483047,6.994087150024927e-08,5.426399291037301e-10,0.0029778623211592545,8.120258055179757e-42,8.28187121060682e-14,1.122946941643397e-06,0.9970209442483047,1,0,False,-1.8821499731646065,0.8851569503963354,0.0,0.0326086956521739,0.0,-1.130357,3.2,4.272490747605575,10.607574673134408,25.0,4.0888
51-8011,Nuclear power reactor operators,5.7,4.9,-15.3,0.4,122610.0,High school diploma or equivalent,4.8,3.5,-26.8,0.3,both_vintages,11.5,0.7705302,0.1818181818181818,0.3181818181818182,0.4545454545454546,0.0,0.1212121212121212,0.2424242424242424,0.0,19.0,4.416315789473684,0.0,0.1578947368421052,0.2894736842105263,0.4210526315789473,1,0.16318603081007704,6,0.6968415677006745,1.2881368865309151e-06,5.170422901222572e-15,0.30315702464901395,5.822496255584001e-29,1.4588293724985628e-14,1.1951340574170978e-07,0.6968415677006745,1,-1,True,-1.0460439455592268,-3.202318385435113,0.0,0.1212121212121212,0.0,0.7705302,-26.8,1.252762968495368,11.716763865226433,19.0,4.416315789473684
51-8012,Power distributors and dispatchers,9.3,9.0,-3.2,0.8,107240.0,High school diploma or equivalent,9.7,9.1,-6.6,0.8,both_vintages,3.3999999999999995,0.5012214,0.0833333333333333,0.375,0.6666666666666666,0.0833333333333333,0.2499999999999999,0.4166666666666666,0.0,14.0,4.454285714285715,0.0160224149476806,0.0714285714285714,0.3571428571428571,0.6428571428571429,1,0.2217152167688543,2,0.9999893113523076,9.606765193209662e-06,8.76946611248961e-07,0.9999893113523076,3.467312235733136e-21,3.675366184002559e-11,2.048991342847579e-07,0.0,1,0,False,-0.6640753043712115,-2.158798592621168,0.0,0.2499999999999999,0.015895410869307312,0.5012214,-6.6,2.2082744135228043,11.582824592349896,14.0,4.454285714285715
51-8013,Power plant operators,31.6,28.0,-11.2,2.5,99670.0,High school diploma or equivalent,29.2,24.7,-15.5,2.1,both_vintages,4.300000000000001,-0.3482779,0.0825708061002178,0.1552287581699346,0.2278867102396513,0.0,0.0914488017429193,0.1828976034858387,0.0257,69.0,4.190327868852459,0.0421101931317247,0.0869565217391304,0.1666666666666666,0.2463768115942029,1,0.1717383325334588,0,0.9999999998802824,0.9999999998802824,1.1971811515040292e-10,0.0,2.0903338628186172e-16,5.217891754950895e-31,1.252365852094282e-16,0.0,2,-1,True,-0.4968256755982189,-0.06316731173153178,0.0257,0.0914488017429193,0.04124768930582712,-0.3482779,-15.5,3.2068032436339315,11.509620007961502,69.0,4.190327868852459
51-8021,Stationary engineers and boiler operators,33.3,34.0,2.2,3.8,75190.0,High school diploma or equivalent,32.5,33.8,4.0,4.2,both_vintages,-1.7999999999999998,-0.5032496,0.1395348837209302,0.1627906976744186,0.1860465116279069,0.0,0.1046511627906976,0.2093023255813953,0.0,25.0,4.0484,0.0017460323981446,0.12,0.14,0.16,1,0.4328918787219097,2,0.9999393961201805,2.8845298866258313e-05,1.4419233118296398e-06,0.9999393961201805,1.1257303001914358e-23,5.596682493573313e-10,3.0316097637763694e-05,3.353910432603823e-13,1,0,False,-0.9970064204941519,-0.04557414223912069,0.0,0.1046511627906976,0.0017445098555917008,-0.5032496,4.0,3.520460802488973,11.227773522372072,25.0,4.0484
51-8031,Water and wastewater treatment plant and system operators,132.4,123.8,-6.5,10.7,58260.0,High school diploma or equivalent,125.2,116.6,-6.9,10.8,both_vintages,0.4000000000000003,-0.44501,0.125,0.125,0.125,0.0,0.125,0.25,0.0,8.0,4.405,0.0,0.125,0.125,0.125,1,0.4151577811842218,6,0.9805180205023293,1.0630262956853918e-07,3.5799218816577236e-09,0.019480691311973008,1.9768268682749583e-28,6.70377862989739e-13,1.1783024758840299e-06,0.9805180205023293,1,0,False,-1.674405504036849,-0.446194990376117,0.0,0.125,0.0,-0.44501,-6.9,4.758749273916392,10.972671030513425,8.0,4.405
51-8091,Chemical plant and system operators,18.1,17.0,-6.1,1.6,73540.0,High school diploma or equivalent,22.4,22.1,-1.1,2.3,both_vintages,-5.0,-0.3831282,0.0303030303030303,0.1515151515151515,0.2727272727272727,0.0909090909090909,0.1515151515151515,0.2121212121212121,0.0,19.0,4.440526315789474,0.0050326816181816,0.0526315789473684,0.1578947368421052,0.2631578947368421,1,0.4178758993091768,2,0.9999528169214253,7.780524079052445e-06,7.067810828914456e-07,0.9999528169214253,1.5559902043492443e-27,1.0694579786807635e-11,3.86957627181394e-05,2.731654412491829e-115,1,0,False,-1.3748665855257864,-0.8602047004395901,0.0,0.1515151515151515,0.005020060005373374,-0.3831282,-1.1,3.095577608523707,11.205584754855263,19.0,4.440526315789474
51-8092,Gas plant operators,16.2,14.8,-8.8,1.3,83400.0,High school diploma or equivalent,15.3,14.0,-9.0,1.4,both_vintages,0.1999999999999993,-0.2982082,0.0625,0.09375,0.125,0.0,0.078125,0.15625,0.0723,19.0,4.163157894736842,0.0054435127706863,0.0526315789473684,0.0789473684210526,0.1052631578947368,1,0.35586286122619726,0,0.9965435292529061,0.9965435292529061,0.0010033195007118773,0.0,2.022047751682374e-23,6.657006115457002e-07,0.002452485545769564,0.0,1,0,False,-1.09262399080665,-1.213841466129949,0.0723,0.078125,0.00542875040356825,-0.2982082,-9.0,2.6390573296152584,11.331403588346838,19.0,4.163157894736842
51-8093,"Petroleum pump system operators, refinery operators, and gaugers",34.9,34.0,-2.8,3.2,97540.0,High school diploma or equivalent,35.3,36.4,3.0,3.9,both_vintages,-5.8,-0.370036,0.048780487804878,0.1951219512195122,0.3414634146341463,0.024390243902439,0.1707317073170731,0.3170731707317073,0.0405,24.0,3.877916666666667,0.044267056682374,0.0833333333333333,0.2291666666666666,0.375,1,0.26767878882188856,0,0.7957195623108386,0.7957195623108386,0.20424747079861177,0.0,1.2846368869614576e-12,3.296688914457228e-05,1.2079787058020166e-13,0.0,1,0,False,-0.2588710652430248,-0.23496507926525623,0.0405,0.1707317073170731,0.04331525816874056,-0.370036,3.0,3.594568774642695,11.488017829264043,24.0,3.877916666666667
51-8099,"Plant and system operators, all other",16.3,16.6,1.6,1.6,61710.0,High school diploma or equivalent,15.9,15.9,0.4,1.7,both_vintages,1.2000000000000002,-0.6702387,0.0,0.0945945945945946,0.1891891891891892,0.0,0.081081081081081,0.1621621621621621,0.0,19.0,4.316842105263158,0.0,0.0,0.1052631578947368,0.2105263157894736,1,0.486007725265465,6,0.9968217994677081,7.056965299811874e-08,1.4509027816545684e-09,0.0031779978859042203,1.4566737708614509e-36,6.98484872401559e-14,1.306257624141173e-07,0.9968217994677081,1,0,False,-1.7059785319037355,-0.6006466650582093,0.0,0.081081081081081,0.0,-0.6702387,0.4,2.766319109226186,11.030201271315113,19.0,4.316842105263158
51-9011,Chemical equipment operators and tenders,128.9,133.1,3.3,14.4,57090.0,High school diploma or equivalent,110.3,104.8,-5.0,10.6,both_vintages,8.3,-0.511521,0.0869565217391304,0.1521739130434782,0.217391304347826,0.0434782608695652,0.0652173913043478,0.0869565217391304,0.0,23.0,4.324347826086957,0.0039028959487939,0.0869565217391304,0.1521739130434782,0.217391304347826,1,0.45626159678832395,2,0.9990772865746798,9.23272831782528e-06,2.8742674198183163e-07,0.9990772865746798,2.1424530148920308e-29,1.6446534233318304e-10,0.00091319310579518,2.509813955600417e-68,1,0,False,-1.582667723863172,0.09835751281474135,0.0,0.0652173913043478,0.0038952994096529718,-0.511521,-5.0,4.6520537718869415,10.952384248958305,23.0,4.324347826086957
51-9012,"Separating, filtering, clarifying, precipitating, and still machine setters, operators, and tenders",54.4,52.0,-4.3,5.4,49500.0,High school diploma or equivalent,51.6,52.0,0.9,5.4,both_vintages,-5.2,-0.9379141,0.1142857142857142,0.1428571428571428,0.1714285714285714,0.0,0.0857142857142857,0.1714285714285714,0.0,20.0,3.9685,0.0,0.1,0.125,0.15,1,0.49992625149107045,6,0.9977485043351578,3.7157074776427395e-08,1.7728909324611083e-09,0.0022510008944399812,2.683124610596134e-34,7.472120743116488e-13,4.5583968960587893e-07,0.9977485043351578,1,0,False,-1.534873823925255,0.3746199395407303,0.0,0.0857142857142857,0.0,-0.9379141,0.9,3.9512437185814275,10.809727948556782,20.0,3.9685
51-9021,"Crushing, grinding, and polishing machine setters, operators, and tenders",28.7,27.9,-2.5,2.7,46890.0,High school diploma or equivalent,32.1,31.4,-2.2,3.5,both_vintages,-0.2999999999999998,-1.043476,0.1081081081081081,0.1081081081081081,0.1081081081081081,0.0,0.081081081081081,0.1621621621621621,0.0425,21.0,3.8319047619047617,0.0021568635506493,0.0952380952380952,0.0952380952380952,0.0952380952380952,1,0.4471029413661172,5,0.9827648953933689,0.017182880054696727,5.219178336747488e-05,0.0,6.182919484864336e-32,3.2768567301973325e-08,0.9827648953933689,0.0,1,0,False,-1.44717980941384,0.23861759732576057,0.0425,0.081081081081081,0.002154540859679963,-1.043476,-2.2,3.4468078929142076,10.755559712083633,21.0,3.8319047619047617
51-9022,"Grinding and polishing workers, hand",11.8,9.3,-21.2,0.8,41690.0,No formal educational credential,16.1,13.1,-18.7,1.3,both_vintages,-2.5,-1.146524,0.0357142857142857,0.0357142857142857,0.0357142857142857,0.0,0.0357142857142857,0.0714285714285714,0.0,17.0,3.949411764705882,0.0,0.0588235294117647,0.0588235294117647,0.0588235294117647,1,0.39220843143268996,6,0.9995873478541643,3.680075842489969e-08,6.196599806267843e-17,0.0004125482593138068,1.7011623053997143e-47,4.0021036415051066e-15,6.70857596364414e-08,0.9995873478541643,1,0,False,-2.282442372338851,-0.7457976163144084,0.0,0.0357142857142857,0.0,-1.146524,-18.7,2.5726122302071057,10.638016570874843,17.0,3.949411764705882
51-9023,"Mixing and blending machine setters, operators, and tenders",101.1,94.3,-6.8,8.8,47680.0,High school diploma or equivalent,111.0,113.5,2.3,12.8,both_vintages,-9.1,-0.819664,0.1111111111111111,0.1111111111111111,0.1111111111111111,0.0555555555555555,0.0833333333333333,0.1111111111111111,0.0,20.0,4.342499999999999,0.0020541557625231,0.1052631578947368,0.1052631578947368,0.1052631578947368,1,0.49564820509832946,2,0.999739772654024,5.676682654605286e-06,2.14214036649249e-07,0.999739772654024,3.3508987727892855e-33,1.3341124420624702e-10,0.00025433631587347324,8.431083981425481e-18,1,0,False,-1.7595986681089106,0.5077821121050811,0.0,0.0833333333333333,0.0020520488693392394,-0.819664,2.3,4.7318028369214575,10.772267301739232,20.0,4.342499999999999
51-9031,"Cutters and trimmers, hand",7.0,5.7,-18.1,0.6,38800.0,No formal educational credential,8.2,5.9,-28.4,0.7,both_vintages,10.299999999999995,-0.9479839,0.0,0.0,0.0,0.0,0.0,0.0,0.0,18.0,4.054444444444445,0.0,0.0,0.0,0.0,1,0.3241844149801022,6,0.9997303732098841,2.6053599722012964e-07,1.5658823475494109e-22,0.0002693083354825311,1.5672568512477666e-55,2.1314596992246426e-15,5.791863383851738e-08,0.9997303732098841,1,0,False,-2.609589207392542,-1.4417716692746207,0.0,0.0,0.0,-0.9479839,-28.4,1.7749523509116738,10.566175525611365,18.0,4.054444444444445
51-9032,"Cutting and slicing machine setters, operators, and tenders",49.0,47.9,-2.3,5.3,45700.0,High school diploma or equivalent,58.3,57.0,-2.2,7.3,both_vintages,-0.0999999999999996,-1.079282,0.0454545454545454,0.0681818181818181,0.0909090909090909,0.0,0.0568181818181818,0.1136363636363636,0.0321,25.0,4.0984,0.0049299738300555,0.04,0.06,0.08,1,0.503036242700268,5,0.9934046946208049,0.006558238546282095,3.7062437759644464e-05,0.0,3.0816790617618166e-34,4.3951532253717005e-09,0.9934046946208049,0.0,1,0,False,-1.7094998874906522,0.46915375243571134,0.0321,0.0568181818181818,0.004917861302390417,-1.079282,-2.2,4.04305126783455,10.729853576882297,25.0,4.0984
51-9041,"Extruding, forming, pressing, and compacting machine setters, operators, and tenders",57.3,58.4,2.0,5.2,45130.0,High school diploma or equivalent,58.4,60.8,4.2,6.3,both_vintages,-2.2,-1.042151,0.075,0.075,0.075,0.025,0.075,0.125,0.0,26.0,4.176153846153846,0.0,0.0769230769230769,0.0769230769230769,0.0769230769230769,1,0.5173162058234491,6,0.9960238099629409,1.1492134603570418e-07,1.2590400490803956e-09,0.003975274465678036,8.159980947429256e-38,2.104184187770204e-13,7.993907845590457e-07,0.9960238099629409,1,0,False,-1.7307883689356498,0.6871099272413135,0.0,0.075,0.0,-1.042151,4.2,4.107589788972121,10.717302492821046,26.0,4.176153846153846
51-9051,"Furnace, kiln, oven, drier, and kettle operators and tenders",16.5,17.0,3.0,1.9,47010.0,High school diploma or equivalent,15.3,15.7,2.7,1.8,both_vintages,0.2999999999999998,-0.9582346,0.16,0.16,0.16,0.0,0.04,0.08,0.0,17.0,3.998823529411765,0.0,0.1176470588235294,0.1176470588235294,0.1176470588235294,1,0.50494742658173,6,0.9989360912765911,5.194326328601034e-08,3.210056229880882e-10,0.0010638211752265366,1.6197704335082073e-42,5.501037513164128e-14,3.528385855688018e-08,0.9989360912765911,1,0,False,-1.8337176593232685,-0.06672917771054923,0.0,0.04,0.0,-0.9582346,2.7,2.7536607123542622,10.758115624018176,17.0,3.998823529411765
51-9061,"Inspectors, testers, sorters, samplers, and weighers",598.0,598.1,0.0,69.9,47460.0,High school diploma or equivalent,571.6,554.5,-3.0,67.8,both_vintages,3.0,-0.0293395,0.2708333333333333,0.4166666666666666,0.5625,0.0416666666666666,0.1770833333333333,0.3125,0.0324,31.0,4.124516129032258,0.1524183575792184,0.2580645161290322,0.4193548387096774,0.5806451612903226,1,0.2824854484482966,1,0.8422096433341609,0.12544087318321692,0.8422096433341609,0.0,1.938474286674303e-15,0.0323494834826197,9.369538636987097e-134,0.0,1,0,False,-0.41127427127584965,1.1258238571103483,0.0324,0.1770833333333333,0.1418626539687805,-0.0293395,-3.0,6.318066806790422,10.767642529989754,31.0,4.124516129032258
51-9071,Jewelers and precious stone and metal workers,35.1,33.2,-5.5,4.0,49140.0,High school diploma or equivalent,45.8,46.4,1.4,6.1,both_vintages,-6.9,-0.1560197,0.0357142857142857,0.2053571428571428,0.3749999999999999,0.0178571428571428,0.1339285714285714,0.2499999999999999,0.0,44.0,3.945454545454545,0.0088328697788494,0.024390243902439,0.1829268292682926,0.3414634146341463,1,0.34054214035231434,2,0.9624595181153472,0.037510798484135736,3.4794145891965955e-06,0.9624595181153472,2.474962876628535e-23,1.048683874311333e-10,2.6203881059130235e-05,0.0,1,0,False,-0.7243161421595185,0.7197843913546111,0.0,0.1339285714285714,0.008794088185783536,-0.1560197,1.4,3.8372994592322094,10.80242864607517,44.0,3.945454545454545
51-9081,Dental laboratory technicians,35.2,33.6,-4.7,3.9,48310.0,High school diploma or equivalent,36.7,36.5,-0.7,4.8,both_vintages,-4.0,0.0013206,0.0,0.0416666666666666,0.0833333333333333,0.0,0.0416666666666666,0.0833333333333333,0.0,17.0,4.454117647058824,0.0,0.0,0.0294117647058823,0.0588235294117647,1,0.44170873010115586,6,0.9961261766556597,5.510218270889443e-08,1.0011087979019252e-10,0.003873700034694621,1.3896889266429508e-39,2.2547055017961405e-11,6.80848051400392e-08,0.9961261766556597,1,0,False,-1.7409291455395388,-0.42333001743849796,0.0,0.0416666666666666,0.0,0.0013206,-0.7,3.597312260588446,10.785393857548453,17.0,4.454117647058824
51-9082,Medical appliance technicians,12.0,12.4,3.7,1.5,47060.0,High school diploma or equivalent,16.4,17.3,5.3,2.3,both_vintages,-1.5999999999999996,-0.4949538,0.0689655172413793,0.1379310344827586,0.2068965517241379,0.0689655172413793,0.1034482758620689,0.1379310344827586,0.0,15.0,4.183333333333334,0.0,0.0666666666666666,0.1333333333333333,0.2,1,0.49535627031452595,6,0.9975425386162072,9.56243412373236e-08,4.5017265974339076e-10,0.0024573459332189814,3.616181954867614e-38,4.4991803555205235e-12,1.9371560570431524e-08,0.9975425386162072,1,0,False,-1.6081847291922888,-0.28489904048305614,0.0,0.1034482758620689,0.0,-0.4949538,5.3,2.8507065015037334,10.759178662281354,15.0,4.183333333333334
51-9083,Ophthalmic laboratory technicians,19.6,20.0,2.3,2.4,38420.0,High school diploma or equivalent,20.2,20.9,3.7,2.8,both_vintages,-1.4000000000000004,-0.5966759,0.0,0.09375,0.1875,0.0,0.0625,0.125,0.0,18.0,4.417222222222223,0.0055462205588125,0.0,0.0833333333333333,0.1666666666666666,1,0.48265946676750626,2,0.9999591863930735,1.9248533690656852e-05,1.119705879138611e-08,0.9999591863930735,3.157106549231108e-45,1.6266232024842615e-10,2.1553713514846953e-05,5.5277238326574766e-139,1,0,False,-2.0668528177424697,-0.126313558504095,0.0,0.0625,0.005530896910348726,-0.5966759,3.7,3.039749158970765,10.556333436322548,18.0,4.417222222222223
51-9111,Packaging and filling machine operators and tenders,381.2,398.2,4.5,45.3,40900.0,High school diploma or equivalent,362.6,377.4,4.1,43.8,both_vintages,0.4000000000000003,-0.978608,0.0,0.0,0.0,0.0,0.075,0.15,0.0,20.0,4.284000000000001,0.0,0.0,0.0,0.0,1,0.4611138526111226,6,0.994146480068363,6.995191824181022e-09,7.379825600533108e-10,0.0058527973046516215,8.830697252293923e-36,2.0646645784539436e-12,7.14891746571734e-07,0.994146480068363,1,0,False,-1.7819289345907952,1.2625158986967584,0.0,0.075,0.0,-0.978608,4.1,5.93330563293445,10.618885342030893,20.0,4.284000000000001
51-9123,"Painting, coating, and decorating workers",8.8,8.9,1.4,0.8,40860.0,No formal educational credential,13.0,13.4,3.3,1.4,both_vintages,-1.9,-0.9705587,0.0,0.0,0.0,0.0,0.0294117647058823,0.0588235294117647,0.0,9.0,4.215555555555556,0.0,0.0,0.0,0.0,1,0.504130046189451,6,0.9983841188388389,1.063769746464442e-07,2.011574419963396e-10,0.0016157304587439796,5.794747332372574e-49,1.2957353341184155e-14,4.412427226012985e-08,0.9983841188388389,1,0,False,-2.262511228348493,-0.338865410437949,0.0,0.0294117647058823,0.0,-0.9705587,3.3,2.5952547069568657,10.617906868371612,9.0,4.215555555555556
51-9124,"Coating, painting, and spraying machine setters, operators, and tenders",165.5,166.7,0.7,15.8,47590.0,High school diploma or equivalent,160.0,164.4,2.8,16.6,both_vintages,-2.1,,0.0217391304347826,0.0434782608695652,0.0652173913043478,0.0,0.0108695652173913,0.0217391304347826,0.0,29.0,4.099130434782609,0.0,0.0344827586206896,0.0517241379310344,0.0689655172413793,1,0.43303237627602925,6,0.9911328327870603,4.114658424155055e-07,2.6261401899116857e-09,0.008866070935480079,2.82745386612402e-31,4.99391434355905e-10,6.816860853983328e-07,0.9911328327870603,1,0,False,-1.2361048406517257,0.9228633801803886,0.0,0.0108695652173913,0.0,-0.1260282,2.8,5.10230248262208,10.770377934115157,29.0,4.099130434782609
51-9141,Semiconductor processing technicians,31.9,35.4,10.9,3.9,51180.0,High school diploma or equivalent,27.0,27.9,3.4,3.2,both_vintages,7.5,-0.6372312,0.1875,0.234375,0.28125,0.03125,0.0625,0.09375,0.0,20.0,4.1745,0.0,0.2,0.25,0.3,1,0.5161522129078057,6,0.9981077441518957,7.264495657589546e-08,4.780476128876207e-10,0.0018920885725585506,2.198516954053013e-37,9.506442596817618e-13,9.415159122948319e-08,0.9981077441518957,1,0,False,-1.6315116096749172,-0.008584502971189139,0.0,0.0625,0.0,-0.6372312,3.4,3.32862668882732,10.84310410971378,20.0,4.1745
51-9151,Photographic process workers and processing machine operators,11.2,10.9,-2.6,1.5,40100.0,High school diploma or equivalent,7.4,7.7,3.5,1.1,both_vintages,-6.1,-0.3615806,0.08,0.38,0.68,0.0,0.17,0.34,0.0108,27.0,3.998518518518519,0.0588515625962884,0.074074074074074,0.3888888888888889,0.7037037037037037,1,0.40283505905411315,0,0.9950602878489161,0.9950602878489161,0.0049364096915527015,0.0,2.1762713457322e-32,3.302459530916627e-06,1.936626882424461e-19,0.0,1,0,False,-1.140049184200249,-0.2224735380379307,0.0108,0.17,0.057184889274854676,-0.3615806,3.5,2.0412203288596382,10.599131613294661,27.0,3.998518518518519
51-9161,Computer numerically controlled tool operators,177.1,158.1,-10.7,13.5,49970.0,High school diploma or equivalent,160.4,147.6,-8.0,14.7,both_vintages,-2.6999999999999997,,0.22,0.25,0.28,0.0,0.18,0.36,0.0215,27.0,4.262962962962963,0.0060597594994432,0.2222222222222222,0.2592592592592592,0.2962962962962963,1,0.37288210548252515,5,0.9979757788241975,0.001993176878395145,2.687405428845068e-05,0.0,1.9099427616266195e-22,4.170243118782813e-06,0.9979757788241975,0.0,1,0,False,-1.051383347150801,0.15927489937650083,0.0215,0.18,0.0060414729942117745,-0.1260282,-8.0,4.994505912166372,10.819178104338251,27.0,4.262962962962963
51-9162,Computer numerically controlled tool programmers,28.3,31.9,12.8,3.1,65670.0,Postsecondary nondegree award,26.2,31.8,21.1,3.6,both_vintages,-8.3,,0.7142857142857142,0.8035714285714285,0.8928571428571428,0.0,0.3571428571428571,0.7142857142857142,0.1207,16.0,4.003125,0.6774605704801383,0.7333333333333333,0.8,0.8666666666666667,0,0.01333413809065894,4,0.9999999951428187,9.040984062639747e-51,6.274640973765153e-10,0.0,4.229718078116577e-09,0.9999999951428187,0.0,0.0,2,-1,True,1.1551680422877015,0.2845910710095556,0.1207,0.3571428571428571,0.5172810846575817,-0.1260282,21.1,3.459466289786131,11.092397479185019,16.0,4.003125
51-9191,Adhesive bonding machine operators and tenders,12.2,12.3,1.0,1.3,45210.0,High school diploma or equivalent,12.7,12.9,1.5,1.6,both_vintages,-0.5,-1.311418,0.064516129032258,0.064516129032258,0.064516129032258,0.0,0.0,0.0,0.0,16.0,4.23,0.0,0.0625,0.0625,0.0625,1,0.5153357898485126,6,0.9985382912361214,5.0237574891329554e-08,1.6677867884863847e-10,0.0014615145974302447,1.2935200926287644e-50,5.834941679244317e-16,1.4376209436197602e-07,0.9985382912361214,1,0,False,-2.3815232237541726,-0.19868771333621754,0.0,0.0,0.0,-1.311418,1.5,2.5572273113676265,10.71907358028865,16.0,4.23
51-9192,"Cleaning, washing, and metal pickling equipment operators and tenders",14.6,15.2,3.6,1.6,41460.0,High school diploma or equivalent,14.5,15.5,6.8,1.8,both_vintages,-3.2,-1.141885,0.1052631578947368,0.1052631578947368,0.1052631578947368,0.0,0.0526315789473684,0.1052631578947368,0.0,11.0,3.960909090909091,0.0024649869150277,0.0909090909090909,0.0909090909090909,0.0909090909090909,1,0.48493602640049166,2,0.9999217911510769,5.118618766406276e-05,1.7329404570716011e-07,0.9999217911510769,5.143707293069189e-42,7.94572276491925e-12,2.6849359267586926e-05,1.105589356217762e-25,1,0,False,-1.9568292441676847,0.0782448971965138,0.0,0.0526315789473684,0.0024619538181223383,-1.141885,6.8,2.740840023925201,10.63248438598977,11.0,3.960909090909091
51-9193,Cooling and freezing equipment operators and tenders,7.1,7.6,7.2,0.8,40160.0,High school diploma or equivalent,8.3,8.8,6.2,1.0,both_vintages,1.0,-0.9604952,0.08,0.08,0.08,0.0,0.04,0.08,0.0,18.0,3.895555555555556,0.0,0.0555555555555555,0.0555555555555555,0.0555555555555555,1,0.45955268747243094,6,0.9983162721429718,1.1997136706945913e-07,2.2414540802597237e-10,0.0016836054686234039,3.3974729728669147e-47,2.395357525853574e-14,2.192867988962865e-09,0.9983162721429718,1,0,False,-1.839510020017021,0.024784779806258924,0.0,0.04,0.0,-0.9604952,6.2,2.174751721484161,10.60062675436561,18.0,3.895555555555556
51-9194,Etchers and engravers,8.6,8.6,-0.7,0.9,40450.0,High school diploma or equivalent,7.2,7.5,3.1,0.8,both_vintages,-3.8,-0.6395226,0.0,0.1363636363636363,0.2727272727272727,0.0,0.0303030303030303,0.0606060606060606,0.0,26.0,4.17576923076923,0.0030812336437847,0.0,0.1346153846153846,0.2692307692307692,1,0.4771083734697339,2,0.9998285026642901,0.00017076428808473736,3.761018575207322e-08,0.9998285026642901,1.213805339924335e-46,4.6175797642394467e-11,6.953912636790594e-07,6.972279417047406e-42,1,0,False,-1.9132666175988433,-0.21087219598408613,0.0,0.0303030303030303,0.0030764963720004888,-0.6395226,3.1,2.0149030205422647,10.607821922486638,26.0,4.17576923076923
51-9195,"Molders, shapers, and casters, except metal and plastic",41.7,44.3,6.2,5.5,45690.0,High school diploma or equivalent,41.3,49.2,19.3,5.7,both_vintages,-13.1,-1.183408,0.0227272727272727,0.0709815546772068,0.1192358366271409,0.0,0.0465651914302588,0.0931303828605177,0.0,79.0,4.023116883116883,0.0188982330152129,0.0126582278481012,0.0632911392405063,0.1139240506329113,1,0.2188670555174887,0,0.9999999999991935,0.9999999999991935,4.9499643684850824e-24,8.052523538070058e-13,1.5394397265364953e-29,5.795879999475207e-40,6.316699488081876e-16,0.0,2,-1,True,-0.8475141463860123,2.664834120708736,0.0,0.0465651914302588,0.0187218797883477,-1.183408,19.3,3.8958936234982624,10.729634734557317,79.0,4.023116883116883
51-9196,"Paper goods machine setters, operators, and tenders",97.5,91.4,-6.3,8.1,49390.0,High school diploma or equivalent,87.5,83.8,-4.3,10.1,both_vintages,-2.0,-0.8740445,0.0,0.0,0.0,0.0,0.0263157894736842,0.0526315789473684,0.0,14.0,4.192857142857142,0.0,0.0,0.0,0.0,1,0.49974669245109626,6,0.9977444268589172,2.6668423142074997e-08,2.664684362147551e-10,0.00225442837103687,2.342069008961334e-37,1.3556307014745e-13,1.117835019217361e-06,0.9977444268589172,1,0,False,-1.9558815461323802,0.12039866509787442,0.0,0.0263157894736842,0.0,-0.8740445,-4.3,4.428433007488037,10.807503253534671,14.0,4.192857142857142
51-9197,Tire builders,20.9,21.4,2.3,2.5,55580.0,High school diploma or equivalent,17.7,19.1,8.1,2.1,both_vintages,-5.8,-1.610915,0.0,0.0192307692307692,0.0384615384615384,0.0,0.0,0.0,0.0,20.0,4.396,0.0,0.0,0.025,0.05,1,0.48509908082415504,6,0.9925112459514426,1.0595421550443026e-07,2.838937193315664e-10,0.007488167320848715,2.7285341398319025e-46,1.6792125900648446e-17,4.804895997753434e-07,0.9925112459514426,1,0,False,-2.35904666594581,0.14134218588866929,0.0,0.0,0.0,-1.610915,8.1,2.9496883350525844,10.925578703296495,20.0,4.396
51-9198,Helpers--production workers,168.5,153.5,-8.9,23.6,38220.0,High school diploma or equivalent,206.9,190.3,-8.0,28.7,both_vintages,-0.9000000000000004,-1.411304,0.0444444444444444,0.0888888888888888,0.1333333333333333,0.0,0.0555555555555555,0.1111111111111111,0.0393,30.0,3.7243333333333335,0.0194117719558438,0.0666666666666666,0.1166666666666666,0.1666666666666666,1,0.36358661801079184,5,0.9812042971239634,0.01879294360341524,2.742930747743987e-06,0.0,1.641720375831436e-32,1.6341872845888117e-08,0.9812042971239634,0.0,1,0,False,-1.5190216662475893,1.3407945311374858,0.0393,0.0555555555555555,0.019225766783205395,-1.411304,-8.0,5.248601774302104,10.551114217794265,30.0,3.7243333333333335
53-1041,Aircraft cargo handling supervisors,10.3,10.8,5.2,1.1,63940.0,High school diploma or equivalent,8.9,9.9,10.5,1.2,both_vintages,-5.3,,0.1,0.3,0.5,0.0,0.0,0.0,0.0,6.0,4.498333333333333,0.0,0.1666666666666666,0.3333333333333333,0.5,1,0.39610423623014657,6,0.9816082495336382,1.6478087185305147e-07,1.2879865923589864e-12,0.01839158532256111,1.280072722357219e-41,2.0476514950095965e-13,3.6143605402238537e-10,0.9816082495336382,1,0,False,-1.8423152168003578,-0.9877159619506118,0.0,0.0,0.0,-0.1260282,10.5,2.2925347571405443,11.065700422613832,6.0,4.498333333333333
53-2011,"Airline pilots, copilots, and flight engineers",100.0,103.9,3.9,11.7,226600.0,Bachelor's degree,87.6,92.9,6.0,11.8,both_vintages,-2.1,-0.2070626,0.0909090909090909,0.3522727272727273,0.6136363636363636,0.0,0.2272727272727273,0.4545454545454546,0.0,24.0,4.28375,0.0029785258556585,0.0833333333333333,0.3541666666666667,0.625,1,0.12843205399150226,2,0.9998861494058685,4.620485272287773e-08,0.00011380191591675004,0.9998861494058685,6.692174205027333e-10,3.0107772476045246e-18,1.8041445826137185e-09,3.2332961998477227e-51,2,0,False,0.09079883552362895,-0.6952766318796719,0.0,0.2272727272727273,0.002974098836005279,-0.2070626,6.0,4.531523645819793,12.330941627576044,24.0,4.28375
53-2012,Commercial pilots,55.4,58.3,5.1,6.6,122670.0,Postsecondary nondegree award,47.7,50.1,5.1,6.3,both_vintages,0.0,-0.1817332,0.1136363636363636,0.2386363636363636,0.3636363636363636,0.0,0.2159090909090909,0.4318181818181818,0.0,24.0,4.40875,0.0029785258556585,0.125,0.25,0.375,1,0.2741889084711731,2,0.9999935224594111,2.543707404345375e-06,2.8633247723207877e-06,0.9999935224594111,2.5463675911301474e-15,1.7644856554433124e-13,1.0705082331727522e-06,2.0907006076167908e-44,1,0,False,-0.5280944945956711,-0.6240057284160582,0.0,0.2159090909090909,0.002974098836005279,-0.1817332,5.1,3.914021008090819,11.717253102026797,24.0,4.40875
53-2021,Air traffic controllers,24.1,24.4,1.2,2.2,144580.0,Associate's degree,22.9,23.0,0.6,2.4,both_vintages,0.6,1.152798,0.0909090909090909,0.3409090909090909,0.5909090909090909,0.0,0.3068181818181818,0.6136363636363636,0.0,23.0,4.473478260869565,0.008524746414471,0.0869565217391304,0.3478260869565217,0.6086956521739131,0,-0.08097796115211872,2,0.9999984182124095,1.489195516874353e-06,8.484061280466709e-08,0.9999984182124095,3.123819395153322e-15,1.8547631310558016e-11,7.732909950512992e-09,0.0,1,0,False,0.24859849485814808,-1.7448387745066858,0.0,0.3068181818181818,0.00848861595388861,1.152798,0.6,3.1354942159291497,11.881588266554289,23.0,4.473478260869565
53-2022,Airfield operations specialists,16.9,17.6,4.2,1.6,56750.0,High school diploma or equivalent,13.0,14.1,8.0,1.5,both_vintages,-3.8,0.4845738,0.0975609756097561,0.3658536585365853,0.6341463414634146,0.0,0.3292682926829268,0.6585365853658537,0.0476,27.0,4.045925925925926,0.0058543439231909,0.1481481481481481,0.4259259259259259,0.7037037037037037,1,0.19265731603574887,0,0.9872322651882023,0.9872322651882023,0.0010702938007451897,0.0,2.124858405880127e-15,0.004636670361592545,0.007060770649457895,0.0,1,0,False,-0.020361356391548867,-0.47615777600500525,0.0476,0.3292682926829268,0.005837273842153918,0.4845738,8.0,2.6461747973841225,10.94641093534365,27.0,4.045925925925926
53-2031,Flight attendants,130.8,142.9,9.2,19.8,67130.0,High school diploma or equivalent,106.3,128.4,20.8,18.1,both_vintages,-11.6,-0.7621183,0.1458333333333333,0.1666666666666666,0.1875,0.0416666666666666,0.1458333333333333,0.25,0.0913,25.0,4.0308,0.0050326816181817,0.1666666666666666,0.1875,0.2083333333333333,1,0.3066680988211452,0,0.9878905779038356,0.9878905779038356,3.187827607362459e-06,0.0,9.390480826212688e-17,3.327685094865801e-05,0.012072957417607852,0.0,1,0,False,-0.4449399231682433,1.2439725347518416,0.0913,0.1458333333333333,0.005020060005373474,-0.7621183,20.8,4.855150391255861,11.114386316932798,25.0,4.0308
53-3011,"Ambulance drivers and attendants, except emergency medical technicians",12.3,12.1,-1.3,1.4,34330.0,High school diploma or equivalent,11.9,11.7,-1.0,1.8,both_vintages,-0.3,-0.8298703,0.0909090909090909,0.0909090909090909,0.0909090909090909,0.0,0.0454545454545454,0.0909090909090909,0.0,11.0,4.087272727272727,0.0,0.0909090909090909,0.0909090909090909,0.0909090909090909,1,0.48117992234906304,6,0.9964343168905951,3.4498769044798906e-07,6.316156385881634e-10,0.003565303548179342,1.7678190347772961e-50,1.656244556494896e-13,3.39417537672593e-08,0.9964343168905951,1,0,False,-2.206931083061224,-0.3503396766183589,0.0,0.0454545454545454,0.0,-0.8298703,-1.0,2.4595888418037104,10.443774886451738,11.0,4.087272727272727
53-3031,Driver/sales workers,451.5,491.3,8.8,51.3,37130.0,High school diploma or equivalent,531.0,594.5,12.0,72.3,both_vintages,-3.1999999999999997,-0.7293087,0.1666666666666666,0.3333333333333333,0.5,0.0,0.1388888888888889,0.2777777777777778,0.0281,11.0,3.880909090909091,0.0096545320838588,0.1818181818181818,0.3181818181818182,0.4545454545454545,1,0.34688185407917566,5,0.9982549618601363,0.001721468290492958,2.345333185143129e-05,0.0,3.234638963105793e-25,1.1651751912399799e-07,0.9982549618601363,0.0,1,0,False,-1.065932149417661,1.7029988421465077,0.0281,0.1388888888888889,0.009608224899875058,-0.7293087,12.0,6.387720716130836,10.522180547171125,11.0,3.880909090909091
53-3032,Heavy and tractor-trailer truck drivers,2235.1,2324.4,4.0,237.6,57440.0,Postsecondary nondegree award,2094.7,2185.6,4.3,259.9,both_vintages,-0.2999999999999998,-1.149057,0.1923076923076923,0.2788461538461538,0.3653846153846154,0.0384615384615384,0.173076923076923,0.3076923076923077,0.0,29.0,4.340344827586207,0.0077030841094618,0.1785714285714285,0.2678571428571428,0.3571428571428571,1,0.33107015408991997,2,0.9999975802592237,2.7761279059840915e-08,6.584638710524712e-07,0.9999975802592237,9.660497631425045e-22,3.001516976856764e-11,1.7334856110566125e-06,4.966603095654205e-272,1,0,False,-1.1655139008422266,1.9158061928524521,0.0,0.173076923076923,0.007673566842814802,-1.149057,4.3,7.689645669376471,10.958496203722106,29.0,4.340344827586207
53-3033,Light truck drivers,1079.8,1158.6,7.3,120.2,44140.0,High school diploma or equivalent,1109.7,1220.4,10.0,147.6,both_vintages,-2.7,-1.120501,0.2307692307692307,0.3653846153846154,0.5,0.0,0.25,0.5,0.0,13.0,4.41,0.0,0.2307692307692307,0.3461538461538461,0.4615384615384615,1,0.34943233870346296,2,0.931808900445358,5.86666280347078e-09,1.4429884404757623e-07,0.931808900445358,2.5954843780651516e-25,6.031559351988821e-10,9.759533622602834e-11,0.06819094868838388,1,0,False,-1.3945289531324563,1.54146283404105,0.0,0.25,0.0,-1.120501,10.0,7.106933952842515,10.695121679810727,13.0,4.41
53-3051,"Bus drivers, school",387.3,388.2,0.2,61.0,47040.0,High school diploma or equivalent,354.7,378.2,6.6,59.5,both_vintages,-6.4,,0.2941176470588235,0.3235294117647059,0.3529411764705882,0.0,0.1764705882352941,0.3529411764705882,0.0,17.0,4.470588235294118,0.0145845059139143,0.2941176470588235,0.3235294117647059,0.3529411764705882,1,0.37193705904255214,2,0.9998194152527161,2.5832843995948473e-06,2.22487652070985e-08,0.9998194152527161,2.8113498377353107e-25,2.4799374255293956e-08,0.0001779544147448299,0.0,1,0,False,-1.1816342128339605,0.7382824816555467,0.0,0.1764705882352941,0.014479174906225294,-0.1260282,6.6,5.935423156224357,10.758753582572508,17.0,4.470588235294118
53-3052,"Bus drivers, transit and intercity",158.8,165.6,4.3,20.9,57440.0,High school diploma or equivalent,159.9,173.0,8.2,23.3,both_vintages,-3.9,,0.2222222222222222,0.2407407407407407,0.2592592592592592,0.0,0.1666666666666666,0.3333333333333333,0.0,14.0,4.254285714285714,0.0,0.2307692307692307,0.2692307692307692,0.3076923076923077,1,0.40513691472479185,6,0.9557838599676824,5.741514130145826e-07,1.4115949506879566e-08,0.044211149024695647,1.0521952878183038e-22,1.9837641787209238e-09,4.400756495257105e-06,0.9557838599676824,1,0,False,-0.9790012827777881,0.3962565398665447,0.0,0.1666666666666666,0.0,-0.1260282,8.2,5.153291594497779,10.958496203722106,14.0,4.254285714285714
53-3053,Shuttle drivers and chauffeurs,243.9,260.3,6.7,36.3,36670.0,No formal educational credential,189.5,215.2,13.6,29.0,both_vintages,-6.9,,0.1923076923076923,0.25,0.3076923076923077,0.0384615384615384,0.173076923076923,0.3076923076923077,0.0,26.0,4.383846153846154,0.017049492828942,0.1923076923076923,0.25,0.3076923076923077,1,0.37214907675948605,2,0.9998986563315244,1.1582743075544332e-05,8.605985852916052e-12,0.9998986563315244,1.0373895905664625e-29,5.0107278959742396e-08,8.971080951514823e-05,0.0,1,0,False,-1.1210559694923774,1.2255570624900847,0.0,0.173076923076923,0.016905781397479006,-0.1260282,13.6,5.371567828287629,10.50971426106537,26.0,4.383846153846154
53-3054,Taxi drivers,204.0,226.6,11.1,22.6,36220.0,No formal educational credential,128.5,165.1,28.5,19.4,both_vintages,-17.4,,0.25,0.28125,0.3125,0.125,0.25,0.375,0.0,16.0,,0.0042110193131723,0.25,0.28125,0.3125,1,0.2475266829005499,2,0.9999872552599957,1.2378660515090958e-05,5.3046095984720333e-17,0.9999872552599957,8.032278614018169e-24,3.387414733884674e-09,3.6269207451832003e-07,3.460773746550324e-82,1,0,False,-0.5760797116584405,1.5698532427474832,0.0,0.25,0.004202177783887347,-0.1260282,28.5,5.1065513509260825,10.497366731437404,16.0,4.019375
53-4011,Locomotive engineers,27.0,27.2,0.7,2.2,77400.0,High school diploma or equivalent,26.6,27.9,4.7,2.6,both_vintages,-4.0,-0.4977403,0.2142857142857142,0.2857142857142857,0.3571428571428571,0.0714285714285714,0.2321428571428571,0.3928571428571428,0.0,14.0,4.587857142857144,0.0036974803725416,0.2142857142857142,0.2857142857142857,0.3571428571428571,1,0.3703971287882484,2,0.9999964950482775,1.2617299407592512e-06,8.039030987929405e-07,0.9999964950482775,9.119418888492137e-25,1.083416647996987e-12,1.4393175995662978e-06,5.208923360718851e-64,1,0,False,-1.2986151710753215,-0.844666986356837,0.0,0.2321428571428571,0.0036906614952633156,-0.4977403,4.7,3.32862668882732,11.25674205957782,14.0,4.587857142857144
53-4013,"Rail yard engineers, dinkey operators, and hostlers",3.1,3.1,0.3,0.2,58030.0,High school diploma or equivalent,3.8,3.8,2.1,0.4,both_vintages,-1.8,-0.8320907,0.2045454545454545,0.2045454545454545,0.2045454545454545,0.0,0.0568181818181818,0.1136363636363636,0.0,23.0,4.204782608695653,0.0048272660419294,0.217391304347826,0.217391304347826,0.217391304347826,1,0.4555721600242628,2,0.9999330837415142,6.454332504459539e-05,2.279968625665074e-07,0.9999330837415142,1.3112586733728207e-41,4.288495564862165e-12,2.1449322901277402e-06,1.1630430597988201e-104,1,0,False,-1.825722426374719,-0.8421430931150122,0.0,0.0568181818181818,0.004815652153765029,-0.8320907,2.1,1.33500106673234,10.968715397184654,23.0,4.204782608695653
53-4022,"Railroad brake, signal, and switch operators and locomotive firers",11.0,11.1,1.0,1.0,65480.0,High school diploma or equivalent,11.8,11.9,1.2,1.3,both_vintages,-0.1999999999999999,,0.0833333333333333,0.1666666666666666,0.2499999999999999,0.0,0.0416666666666666,0.0833333333333333,0.0,26.0,4.226,0.0,0.0769230769230769,0.1538461538461538,0.2307692307692307,1,0.4350547200004024,6,0.9950922314268783,3.383038721222781e-07,4.873847496922919e-10,0.00490742803339196,3.7718668385255016e-35,5.204385858700428e-12,1.7432682265176493e-09,0.9950922314268783,1,0,False,-1.3456761157116615,-0.6191188392848863,0.0,0.0416666666666666,0.0,-0.1260282,1.2,2.4765384001174837,11.089500031485072,26.0,4.226
53-4031,Railroad conductors and yardmasters,36.8,37.2,1.1,3.1,74080.0,High school diploma or equivalent,34.3,35.9,4.7,3.2,both_vintages,-3.6,-0.4662731,0.0833333333333333,0.2777777777777778,0.4722222222222222,0.0,0.2083333333333333,0.4166666666666666,0.0,20.0,4.0745,0.0023622791269016,0.1,0.3,0.5,1,0.40760431091351346,2,0.9999676620927996,1.2244441021275204e-05,5.736039248250833e-06,0.9999676620927996,5.2528028211006414e-20,3.761639918616746e-09,1.4353665291112234e-05,3.0881503692728706e-26,1,0,False,-0.8102250604578913,-0.22611608087211071,0.0,0.2083333333333333,0.002359493331919229,-0.4662731,4.7,3.580737295494233,11.21290086932006,20.0,4.0745
53-4041,Subway and streetcar operators,9.6,9.9,3.4,0.9,84830.0,High school diploma or equivalent,10.6,10.9,3.5,1.2,both_vintages,-0.1,-0.6155429,0.4090909090909091,0.4090909090909091,0.4090909090909091,0.0,0.2045454545454545,0.4090909090909091,0.0,10.0,4.564,0.0035947725844155,0.4,0.4,0.4,1,0.3673238168648123,2,0.999995249506977,1.6434882334525134e-06,2.341728180451848e-06,0.999995249506977,2.0244650365003795e-27,4.035612516038405e-14,7.652765687185438e-07,4.5933258768857267e-60,1,0,False,-1.483595130429923,-1.3695097337280893,0.0,0.2045454545454545,0.0035883268321723447,-0.6155429,3.5,2.388762789235098,11.34840453280178,10.0,4.564
53-5011,Sailors and marine oilers,32.1,32.8,2.3,3.9,49610.0,No formal educational credential,27.6,27.7,0.4,3.3,both_vintages,1.9,-1.150001,0.0212765957446808,0.0425531914893617,0.0638297872340425,0.0,0.0106382978723404,0.0212765957446808,0.0,28.0,3.7621428571428575,0.0,0.0357142857142857,0.0535714285714285,0.0714285714285714,1,0.43701626457497694,6,0.9977934874812129,1.3028073913873207e-07,4.960175873657035e-10,0.002206015390424238,1.8749798275141965e-39,1.0795726556594656e-14,3.6635159558404167e-07,0.9977934874812129,1,0,False,-1.590450114391685,0.5535235589666087,0.0,0.0106382978723404,0.0,-1.150001,0.4,3.3214324131932926,10.811947705295095,28.0,3.7621428571428575
53-5021,"Captains, mates, and pilots of water vessels",40.7,40.9,0.5,4.3,85540.0,Postsecondary nondegree award,36.8,37.2,1.2,4.1,both_vintages,-0.7,-0.4281868,0.1999999999999999,0.2636363636363636,0.3272727272727272,0.0727272727272727,0.209090909090909,0.3454545454545454,0.0,30.0,4.33896551724138,0.0021568635506493,0.2,0.2666666666666666,0.3333333333333333,1,0.37026708556992277,2,0.9999361017939631,3.2871241711125105e-05,4.826830170466801e-06,0.9999361017939631,2.017786816692096e-19,8.540212705828176e-12,2.6200125615092943e-05,6.552724652189982e-23,1,0,False,-0.855170829107049,-0.36018977718266776,0.0,0.209090909090909,0.002154540859679963,-0.4281868,1.2,3.616308761279101,11.3567393817809,30.0,4.33896551724138
53-5022,Motorboat operators,2.7,2.8,1.4,0.3,51880.0,Postsecondary nondegree award,3.1,3.1,-0.2,0.3,both_vintages,1.6,-0.8871186,0.0,0.0,0.0,0.0,0.1290322580645161,0.2580645161290322,0.0,16.0,4.254375,0.0,0.0,0.0,0.0,1,0.44638551977409424,6,0.9969584382894554,6.798164456829378e-08,2.987037558789501e-09,0.003041483268892401,1.6415897749191185e-44,5.84791828147668e-14,7.472911848920926e-09,0.9969584382894554,1,0,False,-1.9452035321985972,-1.1864895900235854,0.0,0.1290322580645161,0.0,-0.8871186,-0.2,1.1314021114911006,10.85668863843038,16.0,4.254375
53-5031,Ship engineers,8.8,9.0,1.6,1.1,101320.0,Postsecondary nondegree award,7.9,7.8,-0.7,0.9,both_vintages,2.3,-0.5264951,0.125,0.171875,0.21875,0.0,0.140625,0.28125,0.0,17.0,4.333529411764706,0.0,0.1176470588235294,0.1764705882352941,0.2352941176470588,1,0.36743163737984535,6,0.7044305778635997,9.584052677091662e-07,7.418420801688142e-07,0.2955673013565841,1.7671009311551055e-26,4.1341077766629365e-14,4.205324269009073e-07,0.7044305778635997,1,0,False,-1.2695597345521061,-1.4349868931344276,0.0,0.140625,0.0,-0.5264951,-0.7,2.0541237336955462,11.526039104115611,17.0,4.333529411764706
53-6011,Bridge and lock tenders,2.9,2.8,-3.3,0.3,58490.0,High school diploma or equivalent,4.2,4.2,0.0,0.5,both_vintages,-3.3,-0.6322159,0.2857142857142857,0.2857142857142857,0.2857142857142857,0.0,0.1607142857142857,0.3214285714285714,0.0,18.0,4.566111111111111,0.0,0.2222222222222222,0.2222222222222222,0.2222222222222222,1,0.39903942526965647,6,0.9861047848112965,9.025863535897557e-08,3.5767319323471933e-09,0.013895088786675627,5.216722212737891e-42,3.3681819281187446e-14,3.2566626771365545e-08,0.9861047848112965,1,0,False,-1.89519992813512,-1.3816025595493804,0.0,0.1607142857142857,0.0,-0.6322159,0.0,1.4350845252893227,10.976611078437072,18.0,4.566111111111111
53-6021,Parking attendants,135.7,139.8,3.0,18.5,34600.0,No formal educational credential,95.9,101.3,5.6,14.8,both_vintages,-2.6,-0.8353891,0.0357142857142857,0.1071428571428571,0.1785714285714285,0.0357142857142857,0.125,0.2142857142857142,0.0,15.0,3.95,0.0045191426775508,0.0,0.0666666666666666,0.1333333333333333,1,0.4592833362683909,2,0.9999327901488395,7.782670397466118e-06,4.0882366734335486e-07,0.9999327901488395,1.1022460526364442e-34,3.94461237070886e-10,5.9017962634496144e-05,2.251764501780321e-92,1,0,False,-1.5522344842465956,0.8942753527600258,0.0,0.125,0.004508962012675712,-0.8353891,5.6,4.618086411254637,10.451608961045816,15.0,3.95
53-6031,Automotive and watercraft service attendants,100.0,99.0,-1.0,14.4,34850.0,No formal educational credential,113.6,113.2,-0.4,17.7,both_vintages,-0.6,-1.221489,0.1304347826086956,0.1304347826086956,0.1304347826086956,0.0,0.0652173913043478,0.1304347826086956,0.0,14.0,3.931428571428572,0.009757239871985,0.2142857142857142,0.2142857142857142,0.2142857142857142,1,0.46906399479304073,2,0.9998175683443464,8.909250270311984e-06,1.0827952305164973e-07,0.9998175683443464,5.354615905930117e-39,4.0175348865645913e-11,0.00017341408568483004,0.0,1,0,False,-1.933671411659561,0.864515571915297,0.0,0.0652173913043478,0.009709945400509049,-1.221489,-0.4,4.729156165769083,10.45880841618867,14.0,3.931428571428572
53-6032,Aircraft service attendants,28.0,29.5,5.1,4.3,41540.0,High school diploma or equivalent,12.3,13.6,10.7,2.2,both_vintages,-5.6,,0.1111111111111111,0.1388888888888889,0.1666666666666666,0.1111111111111111,0.1111111111111111,0.1111111111111111,,18.0,,0.0,0.1111111111111111,0.1388888888888889,0.1666666666666666,1,0.42127214385712713,6,0.9944128957005235,3.448916411433319e-07,3.8021930010101514e-11,0.005586759186249338,2.1494028575077794e-37,6.646626570519328e-11,1.1709771944830413e-10,0.9944128957005235,1,0,False,-1.2604396788536576,-0.032185856538851594,0.0,0.1111111111111111,0.0,-0.1260282,10.7,2.6100697927420065,10.634412097430104,18.0,4.019375
53-6041,Traffic technicians,7.9,8.2,3.7,0.8,58480.0,High school diploma or equivalent,8.0,8.2,2.3,1.0,both_vintages,1.4000000000000004,0.3995872,0.1111111111111111,0.4629629629629629,0.8148148148148148,0.037037037037037,0.3888888888888888,0.7407407407407407,0.0,23.0,3.793913043478261,0.0103734866007418,0.1304347826086956,0.4782608695652174,0.8260869565217391,1,0.12410105209302795,2,0.9998793344364671,9.90696854376336e-05,2.0164666368201808e-05,0.9998793344364671,6.812694573944443e-17,1.4056527931551122e-06,2.555893378376795e-08,0.0,2,0,False,0.016670532854978153,-0.8961159762935034,0.0,0.3888888888888888,0.010320051211778222,0.3995872,2.3,2.1041341542702074,10.97644009442366,23.0,3.793913043478261
53-6051,Transportation inspectors,25.7,26.1,1.7,2.5,85750.0,High school diploma or equivalent,24.9,25.4,1.8,2.8,both_vintages,-0.1,-0.18376,0.187020202020202,0.4125757575757576,0.6381313131313131,0.0602020202020202,0.2343939393939393,0.4085858585858586,0.0,44.0,4.067560975609756,0.0028758180675324,0.1818181818181818,0.4090909090909091,0.6363636363636364,1,0.2550976270735796,2,0.9632299592585687,0.03673546863753866,2.179683907596704e-05,0.9632299592585687,6.35374119145888e-14,1.2657857110250203e-11,1.2775252095145784e-05,1.325963758815674e-40,2,0,False,-0.2816425415465987,-0.059265160154764,0.0,0.2343939393939393,0.002871690813681007,-0.18376,1.8,3.2347491740244907,11.359191365028186,44.0,4.067560975609756
53-6061,Passenger attendants,25.6,26.8,4.7,4.1,37560.0,High school diploma or equivalent,21.5,21.7,0.8,4.0,both_vintages,3.9,-0.3752249,0.1666666666666666,0.2222222222222222,0.2777777777777778,0.0,0.1388888888888889,0.2777777777777778,0.1169,12.0,4.185,0.0067787140163263,0.1666666666666666,0.25,0.3333333333333333,1,0.41984151849567236,0,0.9031148909552889,0.9031148909552889,0.09590204736865765,0.0,1.7928198611571864e-33,0.0008184016042460148,0.00016466007180693546,0.0,1,0,False,-1.3248420594667638,-0.33650811881473386,0.1169,0.1388888888888889,0.006755841838923125,-0.3752249,0.8,3.077312260546414,10.533694933322199,12.0,4.185
53-7011,Conveyor operators and tenders,29.1,28.1,-3.4,2.6,41230.0,No formal educational credential,34.6,37.0,7.0,5.0,both_vintages,-10.4,-0.7554432,0.0689655172413793,0.1034482758620689,0.1379310344827586,0.0,0.1379310344827586,0.2758620689655172,0.0,20.0,4.308,0.0055462205588125,0.05,0.1,0.15,1,0.4962351692092887,2,0.9999366623887029,1.2535097692555305e-05,5.3744789733603197e-08,0.9999366623887029,1.9537499210252358e-36,5.146049164849988e-10,5.074825420976573e-05,2.078283688407263e-139,1,0,False,-1.6939789434423842,0.2801226530379386,0.0,0.1379310344827586,0.005530896910348726,-0.7554432,7.0,3.6109179126442243,10.626921425700946,20.0,4.308
53-7021,Crane and tower operators,42.3,43.5,3.0,3.8,66370.0,High school diploma or equivalent,45.1,45.2,0.4,4.8,both_vintages,2.6,-1.030619,0.1052631578947368,0.1842105263157894,0.2631578947368421,0.0,0.0263157894736842,0.0526315789473684,0.0,11.0,4.134545454545454,0.0,0.0909090909090909,0.1818181818181818,0.2727272727272727,1,0.49650016311760986,6,0.9959330429989716,4.871895806943474e-08,1.924352849973341e-09,0.00406603174305969,3.638800219050549e-33,1.0887978783097116e-14,8.746146465896603e-07,0.9959330429989716,1,0,False,-1.7993287956437645,-0.16624308898720605,0.0,0.0263157894736842,0.0,-1.030619,0.4,3.8110970868381857,11.103000426139971,11.0,4.134545454545454
53-7031,Dredge operators,1.1,1.2,1.2,0.1,48430.0,High school diploma or equivalent,2.0,2.1,2.9,0.3,both_vintages,-1.7,-1.016648,0.0,0.0,0.0,0.0,0.0,0.0,0.0,6.0,4.276666666666666,0.0,0.0,0.0,0.0,1,0.4365395487071726,6,0.998881811853839,8.450092576862748e-08,8.308010578766289e-11,0.001118102390060614,1.0721257681599492e-56,2.344401470948974e-16,1.1720943205909046e-09,0.998881811853839,1,0,False,-2.4973053647998107,-1.3108568863674084,0.0,0.0,0.0,-1.016648,2.9,0.7419373447293773,10.787874735397274,6.0,4.276666666666666
53-7041,Hoist and winch operators,2.7,2.7,-1.1,0.3,52310.0,No formal educational credential,3.2,3.2,1.0,0.4,both_vintages,-2.1,-0.9781997,0.0,0.0,0.0,0.0,0.0952380952380952,0.1904761904761904,0.0,13.0,4.202307692307692,0.0,0.0,0.0,0.0,1,0.45547368258615445,6,0.9987353962538329,3.66981089410207e-08,9.02337814704615e-10,0.0012645619996239674,4.4545347472926864e-46,9.416876432984762e-15,4.146086781127432e-09,0.9987353962538329,1,0,False,-2.0338178777698785,-1.1259512299004457,0.0,0.0952380952380952,0.0,-0.9781997,1.0,1.1631508098056809,10.864942836364657,13.0,4.202307692307692
53-7051,Industrial truck and tractor operators,792.5,801.6,1.1,76.4,46390.0,No formal educational credential,767.4,821.6,7.1,95.3,both_vintages,-6.0,-1.39869,0.0,0.03125,0.0625,0.0,0.03125,0.0625,0.0,9.0,4.276666666666667,0.0,0.0,0.0555555555555555,0.1111111111111111,1,0.4220798114276867,6,0.9928980376315751,3.415134789764335e-09,4.6462516965229847e-10,0.007101871541451679,1.4589486555812584e-34,9.15123669115762e-15,8.694720418258298e-08,0.9928980376315751,1,0,False,-2.018724679073872,1.4809510038625768,0.0,0.03125,0.0,-1.39869,7.1,6.711253658614348,10.74483919774579,9.0,4.276666666666667
53-7061,Cleaners of vehicles and equipment,410.1,426.2,3.9,56.2,35270.0,No formal educational credential,391.7,414.3,5.8,59.9,both_vintages,-1.9,-1.629897,0.0555555555555555,0.0833333333333333,0.1111111111111111,0.0,0.0,0.0,0.0,20.0,3.667,0.0,0.05,0.075,0.1,1,0.37315427056387424,6,0.997559816545581,5.434459565856498e-10,1.722336413838951e-11,0.002438520014837953,6.963947511498497e-43,1.4579735344782463e-15,1.6628789104506287e-06,0.997559816545581,1,0,False,-1.7808870587550503,2.1004671851538324,0.0,0.0,0.0,-1.629897,5.8,6.026590349083357,10.470788023230098,20.0,3.667
53-7062,"Laborers and freight, stock, and material movers, hand",2988.9,3033.1,1.5,384.3,38940.0,No formal educational credential,2806.5,2974.8,6.0,421.9,both_vintages,-4.5,-1.709183,0.0417391304347826,0.0417391304347826,0.0417391304347826,0.0,0.0408695652173912,0.0817391304347825,0.0,27.0,3.9096296296296296,0.0,0.0769230769230769,0.0769230769230769,0.0769230769230769,1,0.33614160934665577,6,0.9868510987373286,4.610465455720992e-11,1.550920873100817e-10,0.013148619132407639,4.749868592386908e-36,1.5992211988812093e-13,2.819289073444436e-07,0.9868510987373286,1,0,False,-1.6131370583044966,2.863478499543015,0.0,0.0408695652173912,0.0,-1.709183,6.0,7.997932088829145,10.56977727892619,27.0,3.9096296296296296
53-7063,Machine feeders and offbearers,46.5,40.4,-13.0,4.7,39700.0,No formal educational credential,61.2,65.0,6.3,10.8,both_vintages,-19.3,-1.037413,0.0909090909090909,0.0909090909090909,0.0909090909090909,0.0,0.0909090909090909,0.1818181818181818,0.0,13.0,4.075384615384616,0.0,0.0769230769230769,0.0769230769230769,0.0769230769230769,1,0.5061175637763182,6,0.9972443214058359,3.3519571609257806e-08,7.489198501734754e-10,0.002755476003449656,4.676838354355031e-39,3.1240622349366904e-13,1.683219104737361e-07,0.9972443214058359,1,0,False,-1.8112169180251652,0.5961014574450538,0.0,0.0909090909090909,0.0,-1.037413,6.3,4.174387269895637,10.589106466675283,13.0,4.075384615384616
53-7064,"Packers and packagers, hand",591.8,559.7,-5.4,74.0,35580.0,No formal educational credential,602.3,600.3,-0.3,92.4,both_vintages,-5.1000000000000005,-1.51362,0.1,0.1,0.1,0.0,0.1,0.2,0.0,12.0,4.128333333333333,0.0,0.0833333333333333,0.0833333333333333,0.0833333333333333,1,0.4296503653181238,6,0.9895855598927435,4.4004112962774823e-10,2.8735506424403764e-10,0.01041443766545211,3.6732316829752006e-38,2.1352473835957633e-13,1.7141947660006585e-09,0.9895855598927435,1,0,False,-2.049640377738069,1.415484188596244,0.0,0.1,0.0,-1.51362,-0.3,6.3974295302577975,10.479538961219825,12.0,4.128333333333333
53-7065,Stockers and order fillers,2764.8,2999.8,8.5,472.3,37090.0,No formal educational credential,2472.7,2630.6,6.4,450.4,both_vintages,2.1,,0.109090909090909,0.1818181818181818,0.2545454545454545,0.109090909090909,0.1909090909090909,0.2727272727272727,0.0,30.0,3.911333333333333,0.0045191426775509,0.1,0.1833333333333333,0.2666666666666666,1,0.23737689558405467,2,0.9994467946187979,5.015763381636156e-07,1.3400530663039013e-06,0.9994467946187979,6.5157712803872775e-21,2.2833176219164676e-07,0.0005511354200353688,8.33898989711452e-94,1,0,False,-0.49394106600110277,2.3610673306332197,0.0,0.1909090909090909,0.004508962012675813,-0.1260282,6.4,7.874967236034678,10.521102670483636,30.0,3.911333333333333
53-7071,Gas compressor and gas pumping station operators,5.4,5.3,-1.3,0.6,71510.0,High school diploma or equivalent,3.0,3.0,-0.1,0.4,both_vintages,-1.2,-0.6909992,0.2307692307692307,0.2692307692307693,0.3076923076923077,0.0,0.0769230769230769,0.1538461538461538,0.0,13.0,3.985384615384616,0.0,0.2307692307692307,0.2692307692307692,0.3076923076923077,1,0.3955623348149506,6,0.9976296159915793,7.361182779310524e-08,1.5188044878814055e-09,0.002370307850418382,1.281514138358796e-37,1.407385900037563e-13,1.027229080384972e-09,0.9976296159915793,1,0,False,-1.5479890812085568,-1.3447587537422803,0.0,0.0769230769230769,0.0,-0.6909992,-0.1,1.0986122886681098,11.177592579042441,13.0,3.985384615384616
53-7072,"Pump operators, except wellhead pumpers",13.1,13.5,2.6,1.5,60020.0,High school diploma or equivalent,11.0,12.3,11.4,1.5,both_vintages,-8.8,-0.8422927,0.1666666666666666,0.2499999999999999,0.3333333333333333,0.0,0.1666666666666666,0.3333333333333333,0.0,14.0,4.162142857142857,0.0,0.1428571428571428,0.2142857142857142,0.2857142857142857,1,0.450701258261769,6,0.9811371811141928,2.6686662878740877e-07,3.7390096942853824e-09,0.018862516117950114,1.6271371785319965e-31,4.704836631912477e-12,3.2157513474983495e-08,0.9811371811141928,1,0,False,-1.393311904664565,-0.3403608705114472,0.0,0.1666666666666666,0.0,-0.8422927,11.4,2.509599262378372,11.002433118994357,14.0,4.162142857142857
53-7073,Wellhead pumpers,18.8,17.9,-4.7,2.0,70010.0,High school diploma or equivalent,18.0,18.6,3.3,2.3,both_vintages,-8.0,-1.091197,0.0,0.0,0.0,0.0,0.0,0.0,0.0,14.0,4.058571428571429,0.0,0.0,0.0,0.0,1,0.48533018307344095,6,0.9964272122419751,4.398586136621439e-08,8.797116365435398e-10,0.003572495582314156,1.543769005049877e-36,6.582030392077989e-15,2.473101311645299e-07,0.9964272122419751,1,0,False,-1.78609213780192,-0.29919228897980654,0.0,0.0,0.0,-1.091197,3.3,2.9231615807191558,11.156393367971244,14.0,4.058571428571429
53-7081,Refuse and recyclable material collectors,147.9,149.2,0.9,16.9,48350.0,No formal educational credential,138.7,146.2,5.4,20.6,both_vintages,-4.5,-1.283373,0.1785714285714285,0.1964285714285714,0.2142857142857142,0.1071428571428571,0.2321428571428571,0.3571428571428571,0.0,14.0,3.975,0.0,0.1428571428571428,0.1785714285714285,0.2142857142857142,1,0.4404593690897258,2,0.616459682665685,1.0503469605221742e-07,1.5183017863948644e-06,0.616459682665685,2.327417961459387e-25,3.907335864319319e-10,4.7295435346318146e-08,0.3835386463116636,1,0,False,-1.2923039652595825,0.7978506392272089,0.0,0.2321428571428571,0.0,-1.283373,5.4,4.9849755473156785,10.78622150088144,14.0,3.975
53-7121,"Tank car, truck, and ship loaders",12.0,12.5,4.3,1.3,58070.0,No formal educational credential,13.5,13.1,-2.5,1.7,both_vintages,6.8,-1.38776,0.0714285714285714,0.0714285714285714,0.0714285714285714,0.0,0.125,0.25,0.0,19.0,4.287894736842105,0.0,0.0526315789473684,0.0526315789473684,0.0526315789473684,1,0.487561097322542,6,0.9889823161970624,4.8855969042869076e-08,1.4719408411921311e-08,0.011017510530626782,2.8072413728397885e-38,2.5187634523418623e-15,1.0969693056497814e-07,0.9889823161970624,1,0,False,-2.0157157683125564,-0.555730326834979,0.0,0.125,0.0,-1.38776,-2.5,2.5726122302071057,10.969404458366096,19.0,4.287894736842105
