soc_code,occ_title,emp_2024,emp_2034,pct_chg_2024_2034,openings_2024_2034,median_wage_2024,education_2024,emp_2021,emp_2031,pct_chg_2021_2031,openings_2021_2031,bls_merge,revision_pp,aioe_felten,gpts_dv_rating_alpha,gpts_dv_rating_beta,gpts_dv_rating_gamma,gpts_human_rating_alpha,gpts_human_rating_beta,gpts_human_rating_gamma,aei_observed_exposure,n_onet_tasks,mean_task_importance,aei_claude_usage_share,gpts_task_alpha_mean,gpts_task_beta_mean,gpts_task_gamma_mean
11-1011,Chief executives,309.4,322.7,4.3,22.2,206420.0,Bachelor's degree,283.9,263.3,-7.3,17.7,both_vintages,11.6,1.334246,0.1333333333333333,0.5077777777777778,0.8822222222222222,0.11777777777777775,0.36944444444444435,0.6211111111111112,0.0333,49.0,3.8797959183673467,0.164845999942483,0.12244897959183673,0.4897959183673469,0.8571428571428571
11-1021,General and operations managers,3712.9,3876.8,4.4,308.7,102950.0,Bachelor's degree,3118.4,3328.2,6.7,300.4,both_vintages,-2.3,0.5748773,0.0,0.4807692307692308,0.9615384615384616,0.1153846153846153,0.3846153846153846,0.6538461538461539,0.1378,17.0,3.6958823529411764,0.0347152323866413,0.0,0.47058823529411764,0.9411764705882353
11-1031,Legislators,27.7,28.6,3.4,2.2,44810.0,Bachelor's degree,45.5,47.0,3.3,3.8,both_vintages,0.10000000000000009,,0.0333333333333333,0.4,0.7666666666666666,0.2666666666666666,0.5166666666666666,0.7666666666666666,0.0,30.0,,0.023417375692763802,0.03333333333333333,0.4,0.7666666666666667
11-2011,Advertising and promotions managers,27.0,26.4,-2.2,2.1,126960.0,Bachelor's degree,28.0,30.0,7.1,3.0,both_vintages,-9.3,1.294387,0.0,0.4767441860465116,0.9534883720930232,0.2558139534883721,0.5465116279069767,0.8372093023255813,0.1731,30.0,3.691904761904762,0.160737688417437,0.0,0.4666666666666667,0.9333333333333333
11-2021,Marketing managers,407.0,433.7,6.6,34.3,161030.0,Bachelor's degree,319.0,350.7,9.9,32.2,both_vintages,-3.3000000000000007,1.315032,0.0625,0.5,0.9375,0.21875,0.578125,0.9375,0.3195,20.0,3.4295,0.0513538940630786,0.05,0.5,0.95
11-2022,Sales managers,619.5,648.5,4.7,49.0,138060.0,Bachelor's degree,469.8,493.6,5.1,41.9,both_vintages,-0.39999999999999947,1.26628,0.0,0.45,0.9,0.1,0.4833333333333333,0.8666666666666667,0.0433,17.0,3.7294117647058824,0.0244444535740255,0.0,0.4411764705882353,0.8823529411764706
11-2032,Public relations managers,83.2,87.3,5.0,6.6,138520.0,Bachelor's degree,66.7,71.7,7.6,6.1,both_vintages,-2.5999999999999996,,0.15,0.55,0.95,0.25,0.5750000000000001,0.9,0.2315,20.0,,0.1449206890460086,0.15,0.55,0.95
11-2033,Fundraising managers,45.7,47.6,4.2,3.6,123480.0,Bachelor's degree,31.4,34.5,9.7,3.0,both_vintages,-5.499999999999999,,0.125,0.5625,1.0,0.25,0.5,0.75,,16.0,3.741875,0.1523156497910922,0.125,0.5625,1.0
11-3012,Administrative services managers,271.2,283.8,4.6,23.2,108390.0,Bachelor's degree,239.0,255.1,6.7,22.0,both_vintages,-2.1000000000000005,,0.0869565217391304,0.3913043478260869,0.6956521739130435,0.2608695652173913,0.5,0.7391304347826086,0.0,18.0,3.655,0.0,0.1111111111111111,0.4166666666666667,0.7222222222222222
11-3013,Facilities managers,151.4,157.1,3.8,13.2,104690.0,Bachelor's degree,109.1,116.6,6.9,9.9,both_vintages,-3.1000000000000005,,0.0357142857142857,0.40016233766233766,0.7646103896103895,0.17045454545454544,0.4042207792207792,0.637987012987013,0.1345,39.0,3.968461538461539,0.2007937257866385,0.05128205128205128,0.4358974358974359,0.8205128205128205
11-3021,Computer and information systems managers,667.1,768.7,15.2,55.6,171200.0,Bachelor's degree,509.1,591.5,16.2,48.5,both_vintages,-1.0,1.059853,0.1212121212121212,0.5303030303030303,0.9393939393939394,0.303030303030303,0.5606060606060607,0.8181818181818182,0.1559,17.0,3.84,0.0785714579165105,0.11764705882352941,0.5294117647058824,0.9411764705882353
11-3031,Financial managers,868.6,997.4,14.8,74.6,161700.0,Bachelor's degree,730.8,854.0,16.8,71.3,both_vintages,-2.0,1.446232,0.0,0.4850552306692657,0.9701104613385315,0.1221201151025712,0.4541306971131532,0.7861412791237351,0.3907,59.0,4.030677966101695,0.295284890862703,0.0,0.4830508474576271,0.9661016949152542
11-3051,Industrial production managers,241.9,246.5,1.9,17.1,121440.0,Bachelor's degree,203.8,210.9,3.5,15.4,both_vintages,-1.6,0.5086878,0.07074510264368754,0.40571870150289957,0.7406923003621116,0.13070700264096488,0.3296039063138119,0.5285008099866589,0.0132,116.0,3.909259259259259,0.020028018684600503,0.06896551724137931,0.40948275862068967,0.75
11-3061,Purchasing managers,83.5,86.1,3.1,6.4,139510.0,Bachelor's degree,72.8,75.6,3.8,6.3,both_vintages,-0.6999999999999997,1.423426,0.2285714285714285,0.5857142857142857,0.9428571428571428,0.1142857142857142,0.4714285714285714,0.8285714285714285,0.2004,18.0,4.051666666666667,0.0308123364378472,0.2222222222222222,0.5833333333333334,0.9444444444444444
11-3071,"Transportation, storage, and distribution managers",216.7,229.8,6.1,18.5,102010.0,High school diploma or equivalent,150.7,163.4,8.4,14.2,both_vintages,-2.3000000000000007,0.8907923,0.01785714285714285,0.486525974025974,0.9551948051948052,0.16201298701298694,0.47297077922077924,0.7839285714285713,0.0956,60.0,3.760892857142857,0.0516620174274569,0.016666666666666666,0.48333333333333334,0.95
11-3111,Compensation and benefits managers,20.9,20.9,0.2,1.5,140360.0,Bachelor's degree,15.7,15.9,1.5,1.2,both_vintages,-1.3,1.298235,0.131578947368421,0.513157894736842,0.894736842105263,0.1842105263157894,0.4605263157894737,0.7368421052631579,0.0,22.0,3.875,0.0228011289640069,0.09090909090909091,0.4772727272727273,0.8636363636363636
11-3121,Human resources managers,221.9,233.0,5.0,17.9,140030.0,Bachelor's degree,174.2,186.9,7.3,16.3,both_vintages,-2.3,1.320417,0.04,0.48,0.92,0.14,0.45,0.76,0.0,26.0,3.7569230769230773,0.016330538312058898,0.038461538461538464,0.4807692307692308,0.9230769230769231
11-3131,Training and development managers,46.4,49.2,5.8,3.8,127090.0,Bachelor's degree,38.1,40.9,7.5,3.7,both_vintages,-1.7000000000000002,1.284423,0.0909090909090909,0.5,0.9090909090909092,0.0454545454545454,0.4772727272727273,0.9090909090909092,0.3777,12.0,3.9616666666666664,0.0357423102679029,0.08333333333333333,0.5,0.9166666666666666
11-9013,"Farmers, ranchers, and other agricultural managers",836.1,825.0,-1.3,85.5,87980.0,High school diploma or equivalent,847.6,824.0,-2.8,85.6,both_vintages,1.4999999999999998,-0.1443684,0.0408163265306122,0.3673469387755101,0.6938775510204082,0.1020408163265306,0.2448979591836734,0.3877551020408163,0.0,30.0,3.8590000000000004,0.0076003763213355,0.03333333333333333,0.38333333333333336,0.7333333333333333
11-9021,Construction managers,550.3,598.4,8.7,46.8,106980.0,Bachelor's degree,478.5,514.9,7.6,41.5,both_vintages,1.0999999999999996,1.029139,0.0444444444444444,0.4444444444444445,0.8444444444444444,0.2,0.4,0.6,0.1186,25.0,3.8592,0.029990674132838,0.04,0.44,0.84
11-9031,"Education and childcare administrators, preschool and daycare",90.2,87.9,-2.5,5.5,56270.0,Bachelor's degree,74.6,80.8,8.3,6.4,both_vintages,-10.8,0.838007,0.0625,0.46875,0.875,0.28125,0.515625,0.75,0.0395,17.0,3.928235294117647,0.073641484086455,0.058823529411764705,0.47058823529411764,0.8823529411764706
11-9032,"Education administrators, kindergarten through secondary",333.3,328.1,-1.5,20.8,104070.0,Master's degree,292.2,306.5,4.9,23.5,both_vintages,-6.4,1.048811,0.0181818181818181,0.4181818181818181,0.8181818181818181,0.2727272727272727,0.4545454545454545,0.6363636363636364,0.0525,32.0,3.8796875,0.37981340049053197,0.03125,0.421875,0.8125
11-9033,"Education administrators, postsecondary",226.6,230.5,1.7,15.1,103960.0,Master's degree,210.1,225.6,7.4,17.6,both_vintages,-5.7,1.461149,0.024390243902439,0.4390243902439024,0.8536585365853658,0.3414634146341463,0.475609756097561,0.6097560975609756,0.0644,27.0,3.6974074074074075,0.033790862293505704,0.037037037037037035,0.46296296296296297,0.8888888888888888
11-9039,"Education administrators, all other",60.2,61.7,2.5,4.1,89040.0,Bachelor's degree,60.8,66.8,9.9,5.3,both_vintages,-7.4,0.3541265,,,,,,,,,,,,,
11-9041,Architectural and engineering managers,212.5,220.5,3.8,14.5,167740.0,Bachelor's degree,191.1,195.5,2.3,14.0,both_vintages,1.5,0.8370105,0.05172413793103445,0.4426108374384236,0.8334975369458129,0.0571428571428571,0.3307881773399014,0.6044334975369459,0.0306,37.0,3.4448648648648645,0.0878151588478648,0.08108108108108109,0.4594594594594595,0.8378378378378378
11-9051,Food service managers,352.8,375.3,6.4,42.0,65310.0,High school diploma or equivalent,329.1,361.4,9.8,45.0,both_vintages,-3.4000000000000004,-0.1213112,0.0625,0.4166666666666666,0.7708333333333333,0.1875,0.3958333333333333,0.6041666666666666,0.0,28.0,4.173928571428571,0.0099626554482372,0.07142857142857142,0.42857142857142855,0.7857142857142857
11-9071,Gambling managers,5.1,5.2,1.2,0.6,85580.0,High school diploma or equivalent,4.1,4.7,13.0,0.5,both_vintages,-11.8,0.8299207,0.3235294117647059,0.5735294117647058,0.8235294117647058,0.2647058823529412,0.4852941176470588,0.7058823529411764,0.0,19.0,4.254736842105263,0.0025676947031539,0.3157894736842105,0.5526315789473685,0.7894736842105263
11-9072,"Entertainment and recreation managers, except gambling",43.2,46.5,7.7,5.5,77180.0,Bachelor's degree,21.6,25.2,16.5,3.0,both_vintages,-8.8,,0.1764705882352941,0.3529411764705882,0.5294117647058824,0.2352941176470588,0.3823529411764705,0.5294117647058824,,17.0,3.998235294117647,0.0016433246100185,0.17647058823529413,0.35294117647058826,0.5294117647058824
11-9081,Lodging managers,52.0,53.8,3.4,5.4,68130.0,High school diploma or equivalent,51.2,60.4,18.0,7.1,both_vintages,-14.6,0.4021726,0.0434782608695652,0.4565217391304347,0.8695652173913043,0.2608695652173913,0.3804347826086956,0.5,0.1215,24.0,4.142083333333333,0.0067787140163263,0.041666666666666664,0.4583333333333333,0.875
11-9111,Medical and health services managers,616.2,759.1,23.2,62.1,117960.0,Bachelor's degree,480.7,616.9,28.3,56.6,both_vintages,-5.100000000000001,1.260259,0.0,0.4285714285714285,0.8571428571428571,0.1142857142857142,0.3714285714285714,0.6285714285714286,0.0659,18.0,3.9766666666666666,0.031942122107235,0.0,0.4166666666666667,0.8333333333333334
11-9121,Natural sciences managers,104.3,108.2,3.7,8.5,161180.0,Bachelor's degree,78.8,83.4,5.9,6.9,both_vintages,-2.2,1.327906,0.11155206467318907,0.5306967984934087,0.9498415323136283,0.24444903771071602,0.4865325432915346,0.7286160488723531,0.0613,70.0,3.775714285714286,0.0929505482541724,0.11428571428571428,0.5285714285714286,0.9428571428571428
11-9131,Postmasters and mail superintendents,13.1,12.7,-3.5,0.9,92730.0,High school diploma or equivalent,12.3,11.7,-4.8,0.9,both_vintages,1.2999999999999998,0.8233757,0.1428571428571428,0.5238095238095237,0.9047619047619048,0.238095238095238,0.4523809523809523,0.6666666666666666,0.0,13.0,4.1269230769230765,0.0155088760070498,0.15384615384615385,0.5,0.8461538461538461
11-9141,"Property, real estate, and community association managers",466.1,483.1,3.6,39.0,66700.0,High school diploma or equivalent,392.9,404.0,2.8,33.3,both_vintages,0.8000000000000003,1.215396,0.0,0.4431818181818182,0.8863636363636364,0.2045454545454545,0.4318181818181818,0.6590909090909091,0.1653,27.0,3.9722222222222223,0.0344071090222624,0.0,0.42592592592592593,0.8518518518518519
11-9151,Social and community service managers,219.8,233.9,6.4,18.6,78240.0,Bachelor's degree,173.7,194.1,11.7,18.0,both_vintages,-5.299999999999999,1.156153,0.0714285714285714,0.3928571428571428,0.7142857142857142,0.25,0.4464285714285714,0.6428571428571428,0.1808,16.0,3.915625,0.0199253108964746,0.0625,0.40625,0.75
11-9161,Emergency management directors,13.2,13.6,3.0,1.0,86130.0,Bachelor's degree,10.6,10.9,2.5,0.9,both_vintages,0.5,1.030768,0.0,0.4222222222222222,0.8444444444444444,0.4,0.6,0.8,0.0,23.0,3.8552173913043477,0.0053408049825601,0.0,0.41304347826086957,0.8260869565217391
11-9171,Funeral home managers,32.1,33.4,4.1,2.6,76830.0,Associate's degree,40.7,43.5,6.9,3.6,both_vintages,-2.8000000000000007,,0.1428571428571428,0.4285714285714285,0.7142857142857142,0.2857142857142857,0.5357142857142857,0.7857142857142857,0.0108,23.0,3.978695652173913,0.0552567900118727,0.13636363636363635,0.4318181818181818,0.7272727272727273
11-9179,"Personal service managers, all other",25.1,26.7,6.5,2.1,61340.0,High school diploma or equivalent,22.9,25.1,9.5,2.1,both_vintages,-3.0,,0.1625258799171842,0.45212215320910965,0.7417184265010353,0.1149068322981366,0.32531055900621114,0.5357142857142857,0.1244,45.0,3.945333333333333,0.4652662802114953,0.15555555555555556,0.4444444444444444,0.7333333333333333
11-9199,"Managers, all other",1333.7,1393.5,4.5,106.7,136550.0,Bachelor's degree,1305.8,1384.3,6.0,113.1,both_vintages,-1.5,0.9646872,0.07127778059052736,0.4912673640410586,0.9112569474915899,0.2181640386209276,0.46549102404713416,0.7128180094733407,0.0686,137.0,3.8275182481751826,0.0752848086964734,0.072992700729927,0.4927007299270073,0.9124087591240876
13-1011,"Agents and business managers of artists, performers, and athletes",21.4,23.2,8.7,2.2,96310.0,Bachelor's degree,22.6,25.7,13.8,2.8,both_vintages,-5.100000000000001,1.068559,0.1739130434782608,0.5434782608695652,0.9130434782608696,0.3043478260869565,0.3695652173913043,0.4347826086956521,0.118,14.0,3.7214285714285715,0.0589542703844145,0.14285714285714285,0.5357142857142857,0.9285714285714286
13-1020,Buyers and purchasing agents,522.2,552.3,5.8,52.2,75650.0,Bachelor's degree,459.8,427.5,-7.0,41.0,both_vintages,12.8,,,,,,,,,,,,,,
13-1031,"Claims adjusters, examiners, and investigators",356.1,337.9,-5.1,21.1,76790.0,High school diploma or equivalent,314.3,295.9,-5.8,22.3,both_vintages,0.7000000000000002,1.274024,0.08,0.52,0.96,0.18,0.49,0.8,0.0818,29.0,4.271481481481481,0.0137628436089051,0.10344827586206896,0.5344827586206896,0.9655172413793104
13-1032,"Insurance appraisers, auto damage",9.2,8.4,-8.2,0.5,76650.0,Postsecondary nondegree award,13.2,12.5,-5.3,0.9,both_vintages,-2.8999999999999995,0.6634955,0.0,0.5,1.0,0.1428571428571428,0.5,0.8571428571428571,0.0,7.0,4.428571428571429,0.0074976685332095,0.0,0.5,1.0
13-1041,Compliance officers,418.0,430.3,3.0,33.3,78420.0,Bachelor's degree,354.0,369.1,4.3,30.2,both_vintages,-1.2999999999999998,0.6981205,0.2342960489763113,0.5263042749310427,0.8183125008857741,0.3373490296220364,0.5265367802901109,0.7157245309581854,0.1211,146.0,4.039295774647887,0.1890850379402557,0.2191780821917808,0.5205479452054794,0.821917808219178
13-1051,Cost estimators,221.4,212.1,-4.2,16.9,77070.0,Bachelor's degree,212.1,207.7,-2.1,18.5,both_vintages,-2.1,1.367669,0.0,0.5,1.0,0.1538461538461538,0.4807692307692308,0.8076923076923077,0.0,14.0,3.869285714285714,0.010578902176994101,0.0,0.5,1.0
13-1071,Human resources specialists,944.3,1002.7,6.2,81.8,72910.0,Bachelor's degree,782.8,841.6,7.5,81.9,both_vintages,-1.2999999999999998,1.36005,0.3333333333333333,0.6444444444444445,0.9555555555555556,0.3777777777777777,0.5888888888888889,0.8,0.4034,26.0,4.067692307692308,0.0770308410946178,0.3076923076923077,0.6346153846153846,0.9615384615384616
13-1074,Farm labor contractors,3.9,4.2,6.0,0.3,48690.0,No formal educational credential,1.2,1.5,22.3,0.2,both_vintages,-16.3,-0.4354025,0.0,0.1428571428571428,0.2857142857142857,0.0,0.0,0.0,0.0,7.0,4.227142857142857,0.0,0.0,0.14285714285714285,0.2857142857142857
13-1075,Labor relations specialists,65.4,65.4,-0.1,5.1,93500.0,Bachelor's degree,65.0,63.3,-2.6,5.8,both_vintages,2.5,1.334834,0.1698113207547169,0.5471698113207547,0.9245283018867924,0.1132075471698113,0.4433962264150943,0.7735849056603773,0.0,28.0,3.6592857142857143,0.0297852585565856,0.17857142857142858,0.5535714285714286,0.9285714285714286
13-1081,Logisticians,241.0,281.3,16.7,26.4,80880.0,Bachelor's degree,195.0,249.1,27.7,24.8,both_vintages,-11.0,1.297303,0.08602409396848325,0.5278605318327264,0.9696969696969697,0.35057626914627904,0.5965664590292197,0.8425566489121602,0.1571,83.0,3.713855421686747,0.2097293033536134,0.08433734939759036,0.5301204819277109,0.9759036144578314
13-1082,Project management specialists,1046.3,1105.0,5.6,78.2,100750.0,Bachelor's degree,781.4,837.6,7.2,70.4,both_vintages,-1.6000000000000005,,0.1,0.55,1.0,0.05,0.4,0.75,,20.0,,0.0040056037369200995,0.1,0.55,1.0
13-1111,Management analysts,1075.1,1169.7,8.8,98.1,101190.0,Bachelor's degree,950.6,1059.0,11.4,101.9,both_vintages,-2.5999999999999996,1.432417,0.0952380952380952,0.4047619047619047,0.7142857142857142,0.1904761904761904,0.5,0.8095238095238095,0.2435,11.0,3.950909090909091,0.036563972572911996,0.09090909090909091,0.4090909090909091,0.7272727272727273
13-1121,"Meeting, convention, and event planners",155.8,163.3,4.8,15.5,59440.0,Bachelor's degree,128.2,151.1,17.8,16.6,both_vintages,-13.0,0.3740207,0.1081081081081081,0.4864864864864865,0.8648648648648649,0.081081081081081,0.3648648648648649,0.6486486486486487,0.1023,21.0,3.958571428571428,0.0445751800467524,0.09523809523809523,0.47619047619047616,0.8571428571428571
13-1131,Fundraisers,134.4,140.2,4.3,10.2,66490.0,Bachelor's degree,105.8,117.6,11.2,11.4,both_vintages,-6.8999999999999995,1.242567,0.1538461538461538,0.5192307692307693,0.8846153846153847,0.25,0.4903846153846154,0.7307692307692308,0.0466,28.0,3.7889285714285714,0.1281793195814449,0.14285714285714285,0.5,0.8571428571428571
13-1141,"Compensation, benefits, and job analysis specialists",107.0,112.7,5.3,8.5,77020.0,Bachelor's degree,100.6,107.2,6.6,9.3,both_vintages,-1.2999999999999998,1.440985,0.0789473684210526,0.4736842105263157,0.8684210526315789,0.3157894736842105,0.4736842105263157,0.631578947368421,0.0649,22.0,3.433636363636364,0.2809058005250419,0.09523809523809523,0.5,0.9047619047619048
13-1151,Training and development specialists,452.3,501.0,10.8,43.9,65850.0,Bachelor's degree,354.8,383.7,8.1,36.5,both_vintages,2.700000000000001,1.198409,0.1052631578947368,0.5526315789473684,1.0,0.4210526315789473,0.5921052631578947,0.763157894736842,0.2793,20.0,3.8549999999999995,0.0232119601165115,0.1,0.55,1.0
13-1161,Market research analysts and marketing specialists,941.7,1004.7,6.7,87.2,76950.0,Bachelor's degree,792.5,942.8,19.0,99.8,both_vintages,-12.3,1.426757,0.04918032786885245,0.5245901639344263,1.0,0.12358133669609075,0.5425598991172762,0.9615384615384617,0.6483,49.0,3.641020408163265,0.604743456486817,0.08163265306122448,0.5408163265306123,1.0
13-1199,"Business operations specialists, all other",1205.7,1242.0,3.0,108.2,81270.0,Bachelor's degree,1133.0,1190.0,5.0,114.2,both_vintages,-2.0,1.047687,0.22415229667396264,0.5828407660281357,0.9415292353823088,0.2661182474964608,0.5379899336046262,0.8098616197127917,0.1846,92.0,3.909347826086957,0.5447621082211402,0.25,0.592391304347826,0.9347826086956522
13-2011,Accountants and auditors,1579.8,1652.6,4.6,124.2,81680.0,Bachelor's degree,1449.8,1531.6,5.6,136.4,both_vintages,-1.0,1.481956,0.12,0.56,1.0,0.2,0.52,0.84,0.3478,29.0,4.1476,0.2157890628530578,0.10344827586206896,0.5517241379310345,1.0
13-2020,Property appraisers and assessors,77.3,80.2,3.8,6.3,65420.0,Bachelor's degree,76.1,79.2,4.0,6.8,both_vintages,-0.20000000000000018,,,,,,,,,,,,,,
13-2031,Budget analysts,50.4,51.0,1.0,3.1,87930.0,Bachelor's degree,50.4,51.8,2.8,4.0,both_vintages,-1.7999999999999998,1.502988,0.08,0.52,0.96,0.32,0.64,0.96,0.0672,13.0,3.9676923076923076,0.0254715314552868,0.07692307692307693,0.5,0.9230769230769231
13-2041,Credit analysts,67.8,64.8,-4.4,3.7,80970.0,Bachelor's degree,69.9,68.2,-2.5,5.4,both_vintages,-1.9000000000000004,1.345268,0.1111111111111111,0.5555555555555556,1.0,0.2222222222222222,0.5555555555555556,0.8888888888888888,0.1685,11.0,4.0627272727272725,0.005957051711317,0.09090909090909091,0.5454545454545454,1.0
13-2051,Financial and investment analysts,368.5,389.6,5.7,25.1,101350.0,Bachelor's degree,317.3,344.6,8.6,26.9,both_vintages,-2.8999999999999995,1.380615,0.0,0.4615384615384615,0.9230769230769232,0.1538461538461538,0.5,0.8461538461538463,0.5716,26.0,,0.3443792135870072,0.0,0.46153846153846156,0.9230769230769231
13-2052,Personal financial advisors,326.0,357.2,9.6,24.1,102140.0,Bachelor's degree,330.3,381.2,15.4,30.5,both_vintages,-5.800000000000001,1.400749,0.0526315789473684,0.5,0.9473684210526316,0.3947368421052631,0.6710526315789473,0.9473684210526316,0.3504,21.0,3.8352380952380956,0.19997206348162921,0.047619047619047616,0.5,0.9523809523809523
13-2053,Insurance underwriters,127.0,123.7,-2.6,8.2,79880.0,Bachelor's degree,123.3,117.8,-4.5,8.4,both_vintages,1.9,1.326652,0.1428571428571428,0.5714285714285714,1.0,0.1428571428571428,0.5,0.8571428571428571,0.0625,7.0,4.197142857142857,0.0085247464144711,0.14285714285714285,0.5714285714285714,1.0
13-2054,Financial risk specialists,60.5,64.4,6.5,4.8,106000.0,Bachelor's degree,56.5,61.1,8.1,5.1,both_vintages,-1.5999999999999996,,0.0666666666666666,0.5333333333333333,1.0,0.2333333333333333,0.5833333333333334,0.9333333333333332,0.2649,30.0,,0.2130159525736512,0.06666666666666667,0.5333333333333333,1.0
13-2061,Financial examiners,65.1,77.2,18.5,5.7,90400.0,Bachelor's degree,62.8,76.0,21.0,6.8,both_vintages,-2.5,1.526064,0.0606060606060606,0.5,0.9393939393939394,0.303030303030303,0.5757575757575758,0.8484848484848485,0.0428,17.0,3.918823529411765,0.048888907148051094,0.058823529411764705,0.5,0.9411764705882353
13-2071,Credit counselors,31.8,32.9,3.3,2.2,50480.0,Bachelor's degree,35.3,38.5,9.3,3.2,both_vintages,-6.000000000000001,1.385381,0.2727272727272727,0.625,0.9772727272727272,0.4545454545454546,0.6931818181818182,0.931818181818182,0.2341,23.0,4.326086956521739,0.3398600709094567,0.2608695652173913,0.6086956521739131,0.9565217391304348
13-2072,Loan officers,301.4,306.5,1.7,20.3,74180.0,Bachelor's degree,354.6,367.1,3.5,29.4,both_vintages,-1.8,1.385739,0.2045454545454545,0.5909090909090909,0.9772727272727272,0.3409090909090909,0.6477272727272727,0.9545454545454546,0.1857,30.0,3.988235294117647,0.1632026753324645,0.2,0.5833333333333334,0.9666666666666667
13-2081,"Tax examiners and collectors, and revenue agents",57.6,56.5,-1.8,4.3,59740.0,Bachelor's degree,55.3,51.6,-6.7,4.3,both_vintages,4.9,1.36682,0.1935483870967742,0.5806451612903225,0.967741935483871,0.4516129032258064,0.6774193548387096,0.9032258064516128,0.0275,21.0,4.215714285714286,0.030196089709090303,0.19047619047619047,0.5714285714285714,0.9523809523809523
13-2082,Tax preparers,90.6,94.7,4.5,10.4,50560.0,High school diploma or equivalent,107.9,112.1,3.9,13.0,both_vintages,0.6000000000000001,1.29371,0.25,0.625,1.0,0.25,0.625,1.0,0.1283,12.0,4.360833333333333,0.11821666413320758,0.25,0.625,1.0
13-2099,"Financial specialists, all other",137.1,141.4,3.1,10.3,80190.0,Bachelor's degree,131.1,138.7,5.8,11.4,both_vintages,-2.6999999999999997,1.361362,0.23464373464373464,0.5832309582309583,0.9318181818181819,0.25307125307125306,0.5924447174447174,0.9318181818181819,0.2202,44.0,3.774090909090909,0.3182914354029627,0.20454545454545456,0.5568181818181818,0.9090909090909091
15-1211,Computer systems analysts,521.1,566.5,8.7,34.2,103790.0,Bachelor's degree,538.8,589.7,9.4,44.5,both_vintages,-0.7000000000000011,,0.29411764705882354,0.6174242424242424,0.9407308377896613,0.2406417112299465,0.553475935828877,0.8663101604278075,0.2763,39.0,3.7064102564102566,1.7094684255717736,0.3157894736842105,0.618421052631579,0.9210526315789473
15-1212,Information security analysts,182.8,234.9,28.5,16.0,124910.0,Bachelor's degree,163.0,219.5,34.7,19.5,both_vintages,-6.200000000000003,,0.3478260869565217,0.6521739130434783,0.9565217391304348,0.0869565217391304,0.5434782608695652,1.0,0.4859,11.0,4.047272727272728,0.1576564547736522,0.36363636363636365,0.6818181818181818,1.0
15-1221,Computer and information research scientists,40.3,48.3,19.7,3.2,140910.0,Master's degree,33.5,40.6,21.3,3.3,both_vintages,-1.6000000000000014,,0.3846153846153846,0.6346153846153847,0.8846153846153847,0.2307692307692307,0.5,0.7692307692307693,0.3404,15.0,3.4686666666666666,0.9757239871985008,0.3333333333333333,0.6,0.8666666666666667
15-1231,Computer network support specialists,152.7,155.5,1.8,9.6,73340.0,Associate's degree,185.5,199.2,7.4,16.1,both_vintages,-5.6000000000000005,,0.4615384615384615,0.6346153846153847,0.8076923076923077,0.2307692307692307,0.5384615384615385,0.8461538461538463,0.2867,26.0,3.7973076923076925,0.2571803014678992,0.46153846153846156,0.6346153846153846,0.8076923076923077
15-1232,Computer user support specialists,729.5,702.5,-3.7,40.8,60340.0,"Some college, no degree",690.2,732.9,6.2,58.9,both_vintages,-9.9,,0.4444444444444444,0.611111111111111,0.7777777777777777,0.4814814814814814,0.6666666666666666,0.8518518518518519,0.4685,16.0,3.469375,0.1229412223870108,0.4375,0.59375,0.75
15-1241,Computer network architects,179.2,200.6,11.9,11.2,130390.0,Bachelor's degree,174.8,182.3,4.3,11.8,both_vintages,7.6000000000000005,,0.3548869680851064,0.6352227393617021,0.9155585106382979,0.2292220744680851,0.5433011968085106,0.8573803191489362,0.1987,59.0,3.7157627118644068,0.2596452883829263,0.3728813559322034,0.6440677966101694,0.9152542372881356
15-1242,Database administrators,78.0,77.5,-0.7,3.8,104620.0,Bachelor's degree,91.8,99.2,8.1,7.2,both_vintages,-8.799999999999999,,0.8709677419354839,0.935483870967742,1.0,0.2903225806451612,0.5967741935483871,0.9032258064516128,0.3315,18.0,3.373333333333333,0.7006725305966498,0.875,0.9375,1.0
15-1243,Database architects,66.9,72.7,8.7,4.0,135980.0,Bachelor's degree,52.7,58.1,10.3,4.3,both_vintages,-1.6000000000000014,,0.8224932249322493,0.9112466124661247,1.0,0.3163956639566395,0.6460027100271002,0.975609756097561,0.5787,43.0,3.808604651162791,1.616723292893852,0.7857142857142857,0.8928571428571429,1.0
15-1244,Network and computer systems administrators,331.5,317.7,-4.2,14.3,96800.0,Bachelor's degree,333.2,344.5,3.4,23.9,both_vintages,-7.6,,0.5405405405405406,0.7297297297297298,0.918918918918919,0.1621621621621621,0.5135135135135136,0.8648648648648649,0.3373,20.0,3.5725000000000002,2.975444622014798,0.5,0.7,0.9
15-1251,Computer programmers,121.2,113.9,-6.0,5.5,98670.0,Bachelor's degree,174.4,156.6,-10.2,9.6,both_vintages,4.199999999999999,,0.9,0.95,1.0,0.4333333333333333,0.6833333333333333,0.9333333333333332,0.7451,17.0,3.621176470588235,7.506501402988385,0.8823529411764706,0.9411764705882353,1.0
15-1252,Software developers,1693.8,1961.4,15.8,115.2,133080.0,Bachelor's degree,1425.9,1796.5,26.0,143.4,both_vintages,-10.2,,0.7894736842105263,0.8684210526315789,0.9473684210526316,0.0526315789473684,0.4473684210526315,0.8421052631578947,0.288,17.0,3.5658823529411765,0.5655090814226259,0.8235294117647058,0.8823529411764706,0.9411764705882353
15-1253,Software quality assurance analysts and testers,201.7,221.9,10.0,14.0,102610.0,Bachelor's degree,196.3,237.1,20.8,19.5,both_vintages,-10.8,,0.8070175438596491,0.8771929824561403,0.9473684210526316,0.3157894736842105,0.6140350877192982,0.912280701754386,0.5195,30.0,3.9307407407407404,4.509282729890841,0.8,0.8666666666666667,0.9333333333333333
15-1254,Web developers,86.0,92.5,7.5,5.4,90930.0,Bachelor's degree,95.3,124.1,30.3,11.0,both_vintages,-22.8,,0.8653846153846154,0.9326923076923076,1.0,0.3076923076923077,0.6346153846153847,0.9615384615384616,0.4802,29.0,3.6311111111111107,3.8080966603535606,0.8620689655172413,0.9310344827586207,1.0
15-1255,Web and digital interface designers,128.9,137.9,7.0,9.1,98090.0,Bachelor's degree,101.8,118.4,16.3,10.8,both_vintages,-9.3,,0.5,0.75,1.0,0.2666666666666666,0.6333333333333333,1.0,0.249,54.0,3.93625,4.1505244259661715,0.5185185185185185,0.7592592592592593,1.0
15-1299,"Computer occupations, all other",472.0,510.5,8.2,31.3,108970.0,Bachelor's degree,408.2,449.2,10.1,34.7,both_vintages,-1.9000000000000004,,0.4766228777169385,0.7357861863332168,0.994949494949495,0.277384400302843,0.5969636725035986,0.9165429447043542,0.3106,215.0,3.88,2.5958366371005157,0.4790697674418605,0.7372093023255814,0.9953488372093023
15-2011,Actuaries,33.6,40.9,21.8,2.4,125770.0,Bachelor's degree,28.3,34.2,20.8,2.4,both_vintages,1.0,1.516474,0.0,0.5,1.0,0.2222222222222222,0.537037037037037,0.8518518518518519,0.0539,15.0,3.5493333333333337,0.0570028224100175,0.0,0.5,1.0
15-2021,Mathematicians,2.4,2.4,-0.7,0.1,121680.0,Master's degree,2.0,2.0,-0.1,0.1,both_vintages,-0.6,1.472319,1.0,1.0,1.0,0.3809523809523809,0.6904761904761905,1.0,0.4241,12.0,3.8049999999999997,0.3926518740063017,1.0,1.0,1.0
15-2031,Operations research analysts,112.1,136.2,21.5,9.6,91290.0,Bachelor's degree,104.2,128.3,23.2,10.3,both_vintages,-1.6999999999999993,1.40002,0.2580645161290322,0.6290322580645161,1.0,0.2580645161290322,0.6290322580645161,1.0,0.4288,17.0,4.143529411764706,0.1296172286152111,0.25,0.625,1.0
15-2041,Statisticians,32.2,34.9,8.5,2.0,103300.0,Master's degree,34.2,45.3,32.7,3.9,both_vintages,-24.200000000000003,1.382724,0.44947368421052636,0.7247368421052631,1.0,0.5368421052631578,0.7252631578947368,0.9136842105263159,0.2107,44.0,4.025681818181818,0.43352957368051237,0.4318181818181818,0.7159090909090909,1.0
15-2051,Data scientists,245.9,328.3,33.5,23.4,112590.0,Bachelor's degree,113.3,153.9,35.8,13.5,both_vintages,-2.299999999999997,,0.38964646464646463,0.6948232323232323,1.0,0.28737373737373734,0.5815025252525253,0.8756313131313131,0.4605,54.0,3.7305263157894735,0.7107378938330123,0.3888888888888889,0.6944444444444444,1.0
15-2099,"Mathematical science occupations, all other",5.0,5.2,4.0,0.3,71490.0,Bachelor's degree,4.4,4.6,6.6,0.3,both_vintages,-2.5999999999999996,,0.7666666666666666,0.8666666666666667,0.9666666666666668,0.3333333333333333,0.65,0.9666666666666668,0.4793,19.0,3.6231578947368424,1.1725121092482196,0.7894736842105263,0.868421052631579,0.9473684210526315
17-1011,"Architects, except landscape and naval",123.6,128.4,3.9,7.8,96690.0,Bachelor's degree,125.5,128.9,2.7,9.1,both_vintages,1.1999999999999997,1.047142,0.0697674418604651,0.4883720930232558,0.9069767441860463,0.1627906976744186,0.4302325581395348,0.6976744186046512,0.0784,24.0,3.73375,0.0590569781725405,0.08333333333333333,0.5,0.9166666666666666
17-1012,Landscape architects,21.8,22.6,3.5,1.7,79660.0,Bachelor's degree,19.8,19.7,-0.1,1.5,both_vintages,3.6,1.034388,0.0,0.4210526315789473,0.8421052631578947,0.0526315789473684,0.3684210526315789,0.6842105263157894,0.0,19.0,3.9636842105263157,0.0319421221072349,0.0,0.42105263157894735,0.8421052631578947
17-1021,Cartographers and photogrammetrists,13.4,14.3,6.4,1.0,78380.0,Bachelor's degree,13.4,13.7,2.6,1.0,both_vintages,3.8000000000000003,0.8169979,0.04,0.52,1.0,0.08,0.46,0.84,0.08,14.0,4.03,0.016638661676437398,0.07142857142857142,0.5357142857142857,1.0
17-1022,Surveyors,56.1,58.6,4.4,3.9,72740.0,Bachelor's degree,50.0,50.4,0.9,3.8,both_vintages,3.5000000000000004,0.1460606,0.14930555555555555,0.5100694444444445,0.8708333333333333,0.16041666666666665,0.4197916666666667,0.6791666666666667,0.0022,40.0,4.0685,0.0310177520140996,0.15,0.5125,0.875
17-2011,Aerospace engineers,71.6,75.9,6.1,4.5,134830.0,Bachelor's degree,58.8,62.4,6.3,3.8,both_vintages,-0.20000000000000018,1.338738,0.2142857142857142,0.5714285714285714,0.9285714285714284,0.1428571428571428,0.5178571428571428,0.8928571428571428,0.0753,16.0,3.5485714285714285,0.018898233015212998,0.1875,0.5625,0.9375
17-2021,Agricultural engineers,1.7,1.8,5.9,0.1,84630.0,Bachelor's degree,1.2,1.2,1.5,0.1,both_vintages,4.4,0.9409636,0.074074074074074,0.4259259259259259,0.7777777777777777,0.0,0.3333333333333333,0.6666666666666666,0.0,14.0,3.612142857142857,0.0200280186846007,0.07142857142857142,0.42857142857142855,0.7857142857142857
17-2031,Bioengineers and biomedical engineers,22.2,23.3,5.2,1.3,106950.0,Bachelor's degree,17.9,19.7,9.8,1.2,both_vintages,-4.6000000000000005,0.9874239,0.2307692307692307,0.5897435897435898,0.9487179487179488,0.2564102564102564,0.5384615384615384,0.8205128205128205,0.1328,30.0,3.496666666666667,0.0761064710014827,0.23333333333333334,0.6,0.9666666666666667
17-2041,Chemical engineers,21.6,22.1,2.6,1.1,121860.0,Bachelor's degree,26.9,30.7,13.9,2.0,both_vintages,-11.3,1.341336,0.0769230769230769,0.4615384615384615,0.8461538461538463,0.0769230769230769,0.3461538461538461,0.6153846153846154,0.0,14.0,3.657857142857143,0.018281986286455998,0.07692307692307693,0.46153846153846156,0.8461538461538461
17-2051,Civil engineers,368.9,387.5,5.0,23.6,99590.0,Bachelor's degree,318.3,340.4,6.9,24.2,both_vintages,-1.9000000000000004,1.282867,0.0556277056277056,0.48214285714285715,0.9086580086580086,0.17186147186147183,0.45454545454545453,0.7372294372294372,0.0081,70.0,3.6807142857142856,0.058132608079404804,0.05714285714285714,0.4857142857142857,0.9142857142857143
17-2061,Computer hardware engineers,76.8,82.4,7.3,4.7,155020.0,Bachelor's degree,76.9,80.6,4.8,5.3,both_vintages,2.5,1.141812,0.5454545454545454,0.7272727272727273,0.9090909090909092,0.1818181818181818,0.3181818181818182,0.4545454545454546,0.1453,18.0,3.6205555555555557,0.7229601206200262,0.5,0.6944444444444444,0.8888888888888888
17-2071,Electrical engineers,192.0,205.7,7.2,11.7,111910.0,Bachelor's degree,192.4,195.5,1.6,12.3,both_vintages,5.6,1.126725,0.28125,0.5625,0.84375,0.15625,0.40625,0.65625,0.059,22.0,3.6295454545454544,0.0739496074508333,0.23809523809523808,0.5476190476190477,0.8571428571428571
17-2072,"Electronics engineers, except computer",95.9,101.8,6.2,5.7,127590.0,Bachelor's degree,111.4,118.0,6.0,7.8,both_vintages,0.20000000000000018,0.6654578,0.361344537815126,0.6200980392156863,0.8788515406162465,0.22408963585434172,0.447829131652661,0.6715686274509804,0.0999,41.0,3.5573170731707315,0.1267414105476785,0.34146341463414637,0.6097560975609756,0.8780487804878049
17-2081,Environmental engineers,39.4,41.0,3.9,3.0,104170.0,Bachelor's degree,44.0,45.8,4.2,3.4,both_vintages,-0.30000000000000027,1.343561,0.1296296296296296,0.5555555555555556,0.9814814814814814,0.2407407407407407,0.5,0.7592592592592592,0.0358,29.0,3.7551724137931037,0.0178711551339513,0.14285714285714285,0.5535714285714286,0.9642857142857143
17-2111,"Health and safety engineers, except mining safety engineers and inspectors",23.8,24.9,4.4,1.5,109660.0,Bachelor's degree,23.6,24.4,3.5,1.5,both_vintages,0.9000000000000004,0.9948935,0.09846153846153845,0.5042307692307693,0.91,0.4692307692307693,0.5676923076923077,0.6661538461538461,0.0,41.0,3.8261538461538462,0.0051353894063078,0.1,0.475,0.85
17-2112,Industrial engineers,351.1,389.6,11.0,25.2,101140.0,Bachelor's degree,301.0,331.6,10.2,22.4,both_vintages,0.8000000000000007,1.13787,0.1837961926091825,0.554355036527489,0.9249138804457954,0.2942057270836666,0.520044259585133,0.7458827920865995,0.0367,91.0,3.785274725274725,0.1178058329807027,0.18681318681318682,0.554945054945055,0.9230769230769231
17-2121,Marine engineers and naval architects,8.5,9.0,5.8,0.6,105670.0,Bachelor's degree,7.6,7.9,4.4,0.4,both_vintages,1.3999999999999995,0.5472173,0.1052631578947368,0.4210526315789473,0.7368421052631579,0.2631578947368421,0.4035087719298245,0.5438596491228069,0.0358,30.0,3.5593333333333335,0.0283473495228193,0.1,0.4166666666666667,0.7333333333333333
17-2131,Materials engineers,23.0,24.3,5.7,1.5,108310.0,Bachelor's degree,22.1,23.4,6.1,1.7,both_vintages,-0.39999999999999947,1.037278,0.1463414634146341,0.4878048780487805,0.8292682926829269,0.1463414634146341,0.3170731707317073,0.4878048780487805,0.0,21.0,3.776666666666667,0.0,0.14285714285714285,0.47619047619047616,0.8095238095238095
17-2141,Mechanical engineers,293.1,319.6,9.1,18.1,102320.0,Bachelor's degree,284.9,291.3,2.2,17.9,both_vintages,6.8999999999999995,1.004709,0.20618331053351568,0.5312935096519228,0.8564037087703298,0.30672138622891015,0.5007630338957288,0.6948046815625476,0.0813,79.0,3.6207594936708865,0.1211951899888658,0.20253164556962025,0.5253164556962026,0.8481012658227848
17-2151,"Mining and geological engineers, including mining safety engineers",7.0,7.0,0.7,0.4,101020.0,Bachelor's degree,7.5,7.7,1.9,0.5,both_vintages,-1.2,1.34695,0.1111111111111111,0.4814814814814814,0.8518518518518519,0.4074074074074074,0.5,0.5925925925925926,0.0,18.0,3.7344444444444442,0.0,0.1111111111111111,0.4722222222222222,0.8333333333333334
17-2161,Nuclear engineers,15.4,15.3,-1.1,0.8,127520.0,Bachelor's degree,13.9,12.4,-11.1,0.7,both_vintages,10.0,1.303009,0.25,0.55,0.8500000000000001,0.25,0.475,0.7000000000000001,0.0,20.0,3.8939999999999997,0.0076003763213356,0.25,0.55,0.85
17-2171,Petroleum engineers,19.6,19.8,1.3,1.2,141280.0,Bachelor's degree,22.8,24.6,8.3,1.7,both_vintages,-7.000000000000001,1.247779,0.1666666666666666,0.5277777777777778,0.8888888888888888,0.0833333333333333,0.4305555555555555,0.7777777777777777,0.0,23.0,3.744782608695652,0.0058543439231909,0.17391304347826086,0.5,0.8260869565217391
17-2199,"Engineers, all other",158.8,162.1,2.1,9.3,117750.0,Bachelor's degree,168.6,168.6,0.0,10.8,both_vintages,2.1,0.787566,0.19745275905096185,0.5226496200276688,0.8478464810043758,0.20622605785314385,0.4461732967325073,0.6861205356118707,0.0659,179.0,3.519595375722543,0.6242579362307862,0.21787709497206703,0.5279329608938548,0.8379888268156425
17-3011,Architectural and civil drafters,110.5,115.1,4.1,10.0,64280.0,Associate's degree,105.4,104.1,-1.2,11.8,both_vintages,5.3,0.9233925,0.12,0.54,0.96,0.18,0.52,0.86,0.0,28.0,3.7256,0.0109897333294987,0.10714285714285714,0.5357142857142857,0.9642857142857143
17-3012,Electrical and electronics drafters,21.6,20.4,-5.6,1.7,73720.0,Associate's degree,21.5,21.5,-0.1,2.0,both_vintages,-5.5,0.910166,0.1914893617021276,0.5744680851063829,0.9574468085106382,0.2553191489361702,0.4893617021276595,0.7234042553191489,0.0889,30.0,3.7340740740740737,0.0217740510827453,0.23333333333333334,0.5833333333333334,0.9333333333333333
17-3013,Mechanical drafters,42.9,40.1,-6.5,3.3,68510.0,Associate's degree,49.4,45.2,-8.5,3.9,both_vintages,2.0,0.8410071,0.0689655172413793,0.5,0.9310344827586208,0.0689655172413793,0.4655172413793103,0.8620689655172413,0.0,15.0,3.8973333333333335,0.0070868373807047,0.06666666666666667,0.5,0.9333333333333333
17-3019,"Drafters, all other",17.1,15.9,-6.9,1.3,62010.0,Associate's degree,15.9,14.7,-7.6,1.3,both_vintages,0.6999999999999993,,,,,,,,,,,,,,
17-3021,Aerospace engineering and operations technologists and technicians,9.3,10.1,8.1,0.9,79830.0,Associate's degree,11.3,11.9,5.9,1.2,both_vintages,2.1999999999999993,0.3909402,0.1,0.325,0.55,0.0,0.225,0.45,0.0,11.0,4.329090909090909,0.0,0.09090909090909091,0.3181818181818182,0.5454545454545454
17-3022,Civil engineering technologists and technicians,64.9,66.2,2.1,5.5,64200.0,Associate's degree,66.3,66.1,-0.2,6.5,both_vintages,2.3000000000000003,0.9323219,0.1818181818181818,0.5909090909090909,1.0,0.2727272727272727,0.4772727272727273,0.6818181818181819,0.0776,14.0,3.8757142857142854,0.0929505482541729,0.14285714285714285,0.5714285714285714,1.0
17-3023,Electrical and electronic engineering technologists and technicians,93.7,94.3,0.6,8.4,77180.0,Associate's degree,105.0,104.6,-0.4,11.1,both_vintages,1.0,0.3515252,0.1886792452830188,0.4056603773584905,0.6226415094339622,0.0943396226415094,0.330188679245283,0.5660377358490566,0.0202,30.0,3.7119230769230773,0.0712792049595533,0.2,0.4166666666666667,0.6333333333333333
17-3024,Electro-mechanical and mechatronics technologists and technicians,15.0,15.1,1.1,1.3,70760.0,Associate's degree,12.1,11.6,-3.6,1.1,both_vintages,4.7,-0.3040507,0.2564184852374839,0.3873555840821566,0.5182926829268293,0.04878048780487805,0.22111681643132214,0.3934531450577663,0.0,50.0,3.765,0.0583380236556571,0.26,0.4,0.54
17-3025,Environmental engineering technologists and technicians,12.9,13.0,1.2,1.1,58890.0,Associate's degree,15.5,16.1,4.0,1.6,both_vintages,-2.8,0.0438054,0.1052631578947368,0.4078947368421052,0.7105263157894737,0.2368421052631578,0.4342105263157894,0.631578947368421,0.1029,26.0,3.6915384615384617,0.0116059800582556,0.07692307692307693,0.40384615384615385,0.7307692307692307
17-3026,Industrial engineering technologists and technicians,74.6,75.9,1.7,6.3,64790.0,Associate's degree,64.2,66.3,3.3,6.6,both_vintages,-1.5999999999999999,0.6106679,0.1725768321513002,0.41903073286052006,0.66548463356974,0.1684397163120567,0.3683510638297872,0.5682624113475176,0.0,55.0,3.6715625,0.0514566018512046,0.16363636363636364,0.42727272727272725,0.6909090909090909
17-3027,Mechanical engineering technologists and technicians,38.3,38.3,0.0,3.2,68730.0,Associate's degree,41.7,42.5,2.1,4.2,both_vintages,-2.1,-0.1192367,0.1094104308390022,0.37868480725623577,0.6479591836734693,0.1678004535147392,0.3151927437641723,0.4625850340136054,0.0683,48.0,3.620681818181818,0.26436984663673,0.125,0.3958333333333333,0.6666666666666666
17-3028,Calibration technologists and technicians,15.8,16.5,4.7,1.4,65040.0,Associate's degree,8.9,9.2,3.9,0.9,both_vintages,0.8000000000000003,,0.2,0.4,0.6,0.0666666666666666,0.2666666666666666,0.4666666666666667,,15.0,,0.0,0.2,0.4,0.6
17-3029,"Engineering technologists and technicians, except drafters, all other",67.3,68.3,1.5,5.7,77390.0,Associate's degree,77.3,78.9,2.1,7.8,both_vintages,-0.6000000000000001,0.1941278,0.05555555555555555,0.26877394636015317,0.4819923371647509,0.0444444444444444,0.2601532567049808,0.47586206896551725,0.0,40.0,3.9587499999999998,0.0217740510827453,0.05,0.2375,0.425
17-3031,Surveying and mapping technicians,59.4,62.1,4.5,7.6,51940.0,High school diploma or equivalent,59.8,62.0,3.6,7.8,both_vintages,0.8999999999999999,0.0852324,0.0851063829787234,0.5,0.9148936170212766,0.1063829787234042,0.5106382978723404,0.9148936170212766,0.0,30.0,3.895263157894737,0.0027731102794062,0.1,0.5,0.9
19-1011,Animal scientists,2.8,2.9,5.8,0.2,79120.0,Bachelor's degree,3.7,4.2,11.8,0.4,both_vintages,-6.000000000000001,1.041358,0.125,0.53125,0.9375,0.75,0.84375,0.9375,0.0,9.0,4.017777777777777,0.013762843608905,0.1111111111111111,0.5,0.8888888888888888
19-1012,Food scientists and technologists,15.2,16.2,6.5,1.2,85310.0,Bachelor's degree,14.4,15.3,5.7,1.5,both_vintages,0.7999999999999998,0.7943575,0.0,0.3461538461538461,0.6923076923076923,0.2307692307692307,0.5,0.7692307692307693,0.0,13.0,3.8938461538461535,0.0770308410946183,0.0,0.34615384615384615,0.6923076923076923
19-1013,Soil and plant scientists,20.7,21.8,5.4,1.7,71410.0,Bachelor's degree,19.1,20.8,9.1,2.1,both_vintages,-3.6999999999999993,0.6320696,0.0,0.4891304347826087,0.9782608695652174,0.4347826086956521,0.6304347826086957,0.8260869565217391,0.0513,27.0,3.3622222222222224,0.139888007427827,0.0,0.48148148148148145,0.9629629629629629
19-1021,Biochemists and biophysicists,35.6,37.6,5.8,2.9,103650.0,Doctoral or professional degree,37.5,43.2,15.3,4.0,both_vintages,-9.5,0.9060509,0.1363636363636363,0.4545454545454546,0.7727272727272727,0.2045454545454545,0.4431818181818182,0.6818181818181819,0.0756,24.0,3.8562499999999997,0.1827171550764347,0.125,0.4375,0.75
19-1022,Microbiologists,20.7,21.6,4.1,1.7,87330.0,Bachelor's degree,20.8,22.6,9.0,2.0,both_vintages,-4.9,0.6955647,0.0833333333333333,0.3958333333333333,0.7083333333333333,0.0833333333333333,0.3125,0.5416666666666666,0.0969,14.0,3.9435714285714285,0.040877699674210705,0.07142857142857142,0.39285714285714285,0.7142857142857143
19-1023,Zoologists and wildlife biologists,18.2,18.5,1.6,1.4,72860.0,Bachelor's degree,17.1,17.2,0.7,1.5,both_vintages,0.9000000000000001,0.3175953,0.0952380952380952,0.4523809523809523,0.8095238095238095,0.2857142857142857,0.5238095238095237,0.7619047619047619,0.0606,14.0,3.525714285714286,0.040774991886084605,0.08333333333333333,0.4166666666666667,0.75
19-1029,"Biological scientists, all other",63.7,64.5,1.2,4.8,93330.0,Bachelor's degree,50.6,52.5,3.8,4.6,both_vintages,-2.5999999999999996,1.010193,0.2525397025205173,0.5492120286984489,0.8458843548763805,0.2140532565318191,0.4608940157303575,0.7077347749288959,0.2452,88.0,3.6888636363636365,0.5363400695947954,0.25,0.5568181818181818,0.8636363636363636
19-1031,Conservation scientists,28.5,29.5,3.4,2.5,67950.0,Bachelor's degree,24.6,25.3,3.0,2.3,both_vintages,0.3999999999999999,0.0690313,0.0606060606060606,0.43944088230583583,0.818275704005611,0.20606833783433018,0.4796405829757388,0.7532128281171474,0.0,66.0,3.742121212121212,0.0195144797439698,0.046875,0.4375,0.828125
19-1032,Foresters,13.8,14.0,1.2,1.1,70660.0,Bachelor's degree,15.0,16.1,7.0,1.5,both_vintages,-5.8,-0.184381,0.0,0.3676470588235294,0.7352941176470588,0.1764705882352941,0.3676470588235294,0.5588235294117647,0.0,25.0,3.2895999999999996,0.0,0.0,0.38,0.76
19-1041,Epidemiologists,12.3,14.3,16.2,0.8,83980.0,Master's degree,8.6,10.9,25.8,0.8,both_vintages,-9.600000000000001,1.436287,0.0,0.4423076923076923,0.8846153846153847,0.3461538461538461,0.5576923076923077,0.7692307692307693,0.0,16.0,3.845,0.09243700931354211,0.0,0.42857142857142855,0.8571428571428571
19-1042,"Medical scientists, except epidemiologists",165.3,179.6,8.7,9.6,100590.0,Doctoral or professional degree,119.2,140.0,17.4,10.0,both_vintages,-8.7,1.279928,0.1818181818181818,0.5227272727272727,0.8636363636363636,0.3636363636363636,0.5681818181818182,0.7727272727272727,0.0381,14.0,4.117142857142857,0.0648086143076055,0.14285714285714285,0.5,0.8571428571428571
19-1099,"Life scientists, all other",7.8,8.1,3.7,0.4,87800.0,Bachelor's degree,7.5,8.0,6.6,0.5,both_vintages,-2.8999999999999995,,,,,,,,,,,,,,
19-2011,Astronomers,1.8,1.8,2.2,0.1,132170.0,Doctoral or professional degree,2.2,2.4,5.6,0.2,both_vintages,-3.3999999999999995,1.373737,0.0625,0.4375,0.8125,0.25,0.421875,0.59375,0.3849,17.0,3.9105882352941177,0.3083287799547259,0.058823529411764705,0.4411764705882353,0.8235294117647058
19-2012,Physicists,24.6,25.6,4.0,1.7,166290.0,Doctoral or professional degree,23.0,24.8,8.2,1.9,both_vintages,-4.199999999999999,1.345736,0.5454545454545454,0.75,0.9545454545454546,0.5,0.6363636363636364,0.7727272727272727,0.2727,10.0,3.943,0.0773389644589968,0.6,0.75,0.9
19-2021,Atmospheric and space scientists,9.4,9.5,0.7,0.7,97450.0,Bachelor's degree,9.1,9.4,3.6,0.7,both_vintages,-2.9000000000000004,1.373917,0.1739130434782608,0.5652173913043478,0.9565217391304348,0.3478260869565217,0.6086956521739131,0.8695652173913043,0.038,27.0,3.764074074074074,0.1209897744126136,0.14814814814814814,0.5370370370370371,0.9259259259259259
19-2031,Chemists,86.8,91.0,4.9,6.3,84150.0,Bachelor's degree,83.6,88.9,6.3,7.6,both_vintages,-1.3999999999999995,0.5011251,0.08,0.38,0.68,0.28,0.4,0.52,0.2614,12.0,3.855,0.299085079023372,0.08333333333333333,0.375,0.6666666666666666
19-2032,Materials scientists,8.7,9.1,4.9,0.6,104160.0,Bachelor's degree,7.0,7.4,6.0,0.6,both_vintages,-1.0999999999999996,1.032757,0.1379310344827586,0.4827586206896551,0.8275862068965517,0.4482758620689655,0.5172413793103449,0.5862068965517241,0.1843,16.0,3.94375,0.1609431039936895,0.125,0.46875,0.8125
19-2041,"Environmental scientists and specialists, including health",90.3,94.3,4.4,8.5,80060.0,Bachelor's degree,80.0,83.8,4.7,7.8,both_vintages,-0.2999999999999998,1.014113,0.062366671773898874,0.5217162952137376,0.9810659186535764,0.46475199476705126,0.7103039146935072,0.9558558346199629,0.0548,97.0,3.653298969072165,0.1853875575677143,0.061855670103092786,0.520618556701031,0.979381443298969
19-2042,"Geoscientists, except hydrologists and geographers",25.1,26.0,3.2,2.0,99240.0,Bachelor's degree,24.9,26.2,5.0,2.4,both_vintages,-1.7999999999999998,0.7143481,0.1111111111111111,0.4666666666666667,0.8222222222222223,0.2888888888888889,0.4777777777777778,0.6666666666666667,0.043,32.0,3.6296875,0.0812418604077907,0.09375,0.46875,0.84375
19-2043,Hydrologists,6.3,6.3,-0.1,0.5,92060.0,Bachelor's degree,6.8,6.7,-0.4,0.6,both_vintages,0.30000000000000004,0.6405071,0.125,0.5,0.875,0.2916666666666666,0.53125,0.7708333333333333,0.0748,25.0,3.536,0.1469748448085319,0.12,0.5,0.88
19-2099,"Physical scientists, all other",31.9,32.1,0.6,2.0,117960.0,Bachelor's degree,28.5,28.6,0.4,2.2,both_vintages,0.19999999999999996,1.140157,0.0,0.4565217391304347,0.9130434782608696,0.1521739130434782,0.4456521739130434,0.7391304347826086,0.0379,24.0,3.8633333333333333,0.017973862922077498,0.0,0.4583333333333333,0.9166666666666666
19-3011,Economists,17.6,17.8,1.2,0.9,115440.0,Master's degree,16.9,17.8,5.7,1.4,both_vintages,-4.5,1.403764,0.1052631578947368,0.5526315789473684,1.0,0.4429824561403508,0.6173245614035088,0.7916666666666666,0.2418,34.0,3.6705882352941175,0.2183567575562114,0.12121212121212122,0.5606060606060606,1.0
19-3022,Survey researchers,8.8,8.3,-5.2,0.7,63380.0,Master's degree,10.4,11.0,6.3,1.0,both_vintages,-11.5,1.42653,0.25,0.625,1.0,0.75,0.84375,0.9375,0.4316,16.0,4.159375,0.180868414890164,0.25,0.625,1.0
19-3032,Industrial-organizational psychologists,5.6,5.9,6.3,0.4,109840.0,Master's degree,2.9,3.0,3.8,0.2,both_vintages,2.5,1.402475,0.0888888888888888,0.4888888888888889,0.888888888888889,0.3555555555555555,0.5888888888888889,0.8222222222222223,0.1577,25.0,3.906,0.1395798840634484,0.08,0.48,0.88
19-3033,Clinical and counseling psychologists,76.3,84.8,11.2,4.8,95830.0,Doctoral or professional degree,65.4,71.9,9.9,5.1,both_vintages,1.299999999999999,,0.0925925925925925,0.3703703703703703,0.6481481481481481,0.3333333333333333,0.5092592592592592,0.6851851851851851,0.0591,30.0,3.8853333333333335,0.0485807837836724,0.10344827586206896,0.39655172413793105,0.6896551724137931
19-3034,School psychologists,67.2,67.7,0.7,3.8,86930.0,Master's degree,57.9,61.1,5.5,4.8,both_vintages,-4.8,,0.0,0.3918918918918919,0.7837837837837838,0.3243243243243243,0.5810810810810811,0.8378378378378379,0.0467,19.0,4.002105263157895,0.0463212124448969,0.0,0.39473684210526316,0.7894736842105263
19-3039,"Psychologists, all other",55.3,57.7,4.3,3.9,117580.0,Master's degree,55.4,56.9,2.8,4.0,both_vintages,1.5,1.389854,0.06349206349206345,0.4543650793650793,0.8452380952380951,0.2182539682539682,0.28174603174603174,0.34523809523809523,0.0,32.0,4.3234375,0.0133520124564003,0.0625,0.453125,0.84375
19-3041,Sociologists,3.4,3.6,3.6,0.3,101690.0,Master's degree,3.0,3.1,5.4,0.3,both_vintages,-1.8000000000000003,1.411125,0.1538461538461538,0.5384615384615385,0.9230769230769232,0.3846153846153846,0.6153846153846154,0.8461538461538463,0.3833,15.0,3.8973333333333335,0.1377311438771776,0.15384615384615385,0.5384615384615384,0.9230769230769231
19-3051,Urban and regional planners,44.7,46.2,3.4,3.4,83720.0,Master's degree,41.9,43.5,3.8,3.8,both_vintages,-0.3999999999999999,1.227516,0.0,0.4772727272727273,0.9545454545454546,0.2727272727272727,0.5795454545454546,0.8863636363636364,0.0959,25.0,4.1078947368421055,0.1180112485569552,0.0,0.48,0.96
19-3091,Anthropologists and archeologists,8.8,9.2,3.7,0.8,64910.0,Master's degree,7.5,7.9,6.1,0.8,both_vintages,-2.3999999999999995,0.6965665,0.0517241379310344,0.4396551724137931,0.8275862068965517,0.293103448275862,0.5172413793103449,0.7413793103448276,0.1354,30.0,3.7056666666666667,0.2673483724923887,0.06666666666666667,0.45,0.8333333333333334
19-3092,Geographers,1.5,1.5,-3.1,0.1,97200.0,Bachelor's degree,1.6,1.6,-0.2,0.1,both_vintages,-2.9,1.436298,0.1666666666666666,0.4999999999999999,0.8333333333333333,0.0833333333333333,0.375,0.6666666666666666,0.1096,12.0,3.8708333333333336,0.0965453208385884,0.16666666666666666,0.5,0.8333333333333334
19-3093,Historians,3.4,3.5,2.2,0.3,74050.0,Master's degree,3.3,3.4,4.5,0.3,both_vintages,-2.3,1.098921,0.1052631578947368,0.4736842105263157,0.8421052631578947,0.3157894736842105,0.5,0.6842105263157894,0.028,21.0,3.587619047619048,0.3220916235636308,0.14285714285714285,0.5,0.8571428571428571
19-3094,Political scientists,6.5,6.3,-3.1,0.5,139380.0,Master's degree,6.3,6.7,6.2,0.6,both_vintages,-9.3,1.418863,0.0416666666666666,0.4791666666666666,0.9166666666666666,0.25,0.5416666666666666,0.8333333333333333,0.452,14.0,3.5964285714285715,0.33184886343561637,0.07142857142857142,0.5,0.9285714285714286
19-3099,"Social scientists and related workers, all other",40.8,40.1,-1.7,3.2,100340.0,Bachelor's degree,39.8,40.4,1.6,3.7,both_vintages,-3.3,1.328048,0.0930232558139534,0.5232558139534884,0.9534883720930232,0.3720930232558139,0.6627906976744186,0.9534883720930232,0.0327,22.0,3.8350000000000004,0.0582353158675312,0.09090909090909091,0.5227272727272727,0.9545454545454546
19-4012,Agricultural technicians,18.6,19.4,4.3,2.9,46790.0,Associate's degree,16.4,18.0,9.7,2.6,both_vintages,-5.3999999999999995,,0.14267676767676765,0.4097222222222222,0.6767676767676768,0.1691919191919192,0.3333333333333333,0.49747474747474746,0.0058,48.0,3.686666666666667,0.0470401669617802,0.125,0.3854166666666667,0.6458333333333334
19-4013,Food science technicians,20.4,21.3,4.8,3.2,49430.0,Associate's degree,15.2,16.3,7.6,2.3,both_vintages,-2.8,,0.2857142857142857,0.3571428571428571,0.4285714285714285,0.1071428571428571,0.2857142857142857,0.4642857142857142,0.2038,16.0,4.15375,0.131363261013356,0.25,0.34375,0.4375
19-4021,Biological technicians,82.7,85.6,3.5,9.1,52000.0,Bachelor's degree,84.3,92.0,9.1,12.2,both_vintages,-5.6,0.3012355,0.2,0.4166666666666666,0.6333333333333333,0.0666666666666666,0.2666666666666666,0.4666666666666667,0.0599,17.0,3.935294117647059,0.1567320846805169,0.17647058823529413,0.4117647058823529,0.6470588235294118
19-4031,Chemical technicians,57.0,59.0,3.7,6.7,57790.0,Associate's degree,60.4,63.1,4.5,7.8,both_vintages,-0.7999999999999998,0.0628057,0.1428571428571428,0.3928571428571428,0.6428571428571428,0.2857142857142857,0.3928571428571428,0.5,0.3148,16.0,3.99375,0.1774790578820007,0.125,0.375,0.625
19-4042,"Environmental science and protection technicians, including health",40.4,42.1,4.0,5.6,49490.0,Associate's degree,35.5,37.6,5.9,4.0,both_vintages,-1.9000000000000004,,0.2444444444444444,0.4555555555555556,0.6666666666666667,0.2444444444444444,0.4222222222222222,0.6,0.1444,25.0,3.4972,0.0380018816066783,0.24,0.46,0.68
19-4043,"Geological technicians, except hydrologic technicians",9.8,10.0,1.5,1.3,48390.0,Associate's degree,9.2,9.7,5.2,1.0,both_vintages,-3.7,,0.048780487804878,0.3902439024390244,0.7317073170731707,0.073170731707317,0.3048780487804878,0.5365853658536586,0.229,29.0,3.6134782608695653,0.032250245471613294,0.034482758620689655,0.3793103448275862,0.7241379310344828
19-4044,Hydrologic technicians,3.1,3.0,-2.1,0.4,58570.0,Associate's degree,3.8,3.8,0.9,0.4,both_vintages,-3.0,,0.1875,0.5,0.8125,0.25,0.53125,0.8125,,16.0,,0.0,0.1875,0.5,0.8125
19-4051,Nuclear technicians,6.0,5.5,-7.7,0.7,104240.0,Associate's degree,5.4,4.5,-16.6,0.4,both_vintages,8.900000000000002,0.1696743,0.11147186147186144,0.18506493506493504,0.2586580086580086,0.11147186147186144,0.28409090909090906,0.4567099567099566,0.0,34.0,4.2746875,0.0100653632363633,0.11764705882352941,0.19117647058823528,0.2647058823529412
19-4061,Social science research assistants,40.6,42.3,4.4,5.2,58040.0,Bachelor's degree,35.2,39.2,11.3,5.0,both_vintages,-6.9,1.204652,0.4242424242424242,0.6666666666666667,0.9090909090909092,0.3939393939393939,0.6212121212121212,0.8484848484848485,0.4393,22.0,3.9272727272727277,0.27197022295806594,0.4090909090909091,0.6590909090909091,0.9090909090909091
19-4071,Forest and conservation technicians,33.8,32.7,-3.2,3.9,54310.0,Associate's degree,32.7,32.1,-2.0,3.9,both_vintages,-1.2000000000000002,,0.0769230769230769,0.3269230769230769,0.576923076923077,0.1153846153846153,0.3269230769230769,0.5384615384615385,0.0221,20.0,3.461,0.0920261781610376,0.1,0.35,0.6
19-4092,Forensic science technicians,20.7,23.3,12.8,2.9,67440.0,Bachelor's degree,17.6,19.6,11.4,2.5,both_vintages,1.4000000000000004,0.2400518,0.064516129032258,0.3870967741935484,0.7096774193548387,0.064516129032258,0.1935483870967742,0.3225806451612903,0.0,24.0,4.06625,0.004621850465677,0.05,0.4,0.75
19-4099,"Life, physical, and social science technicians, all other",83.2,86.2,3.5,10.6,60130.0,Associate's degree,72.7,77.5,6.6,9.7,both_vintages,-3.0999999999999996,0.4501044,0.1547700754975978,0.5348318462594372,0.9148936170212766,0.19217570350034313,0.473232669869595,0.7542896362388469,0.0955,47.0,3.8020454545454543,0.1027077881261578,0.19148936170212766,0.5531914893617021,0.9148936170212766
19-5011,Occupational health and safety specialists,131.9,148.4,12.5,14.9,83910.0,Bachelor's degree,109.9,114.7,4.5,12.0,both_vintages,8.0,,0.0476190476190476,0.3333333333333333,0.6190476190476191,0.2857142857142857,0.3571428571428571,0.4285714285714285,0.0,22.0,3.821818181818182,0.0,0.047619047619047616,0.3333333333333333,0.6190476190476191
19-5012,Occupational health and safety technicians,31.9,34.6,8.5,3.4,58440.0,High school diploma or equivalent,22.5,23.9,6.1,2.5,both_vintages,2.4000000000000004,,0.125,0.3958333333333333,0.6666666666666666,0.25,0.4166666666666666,0.5833333333333333,0.0,26.0,3.5603846153846153,0.008524746414470999,0.11538461538461539,0.40384615384615385,0.6923076923076923
21-1012,"Educational, guidance, and career counselors and advisors",376.3,389.6,3.5,31.0,65140.0,Master's degree,336.0,368.4,9.6,32.0,both_vintages,-6.1,0.9739287,0.0526315789473684,0.2894736842105263,0.5263157894736842,0.2456140350877192,0.3245614035087719,0.4035087719298245,0.1182,35.0,3.816857142857143,0.0556676211643773,0.0625,0.328125,0.59375
21-1013,Marriage and family therapists,77.8,87.7,12.6,7.7,63780.0,Master's degree,65.3,74.3,13.9,6.4,both_vintages,-1.3000000000000007,1.367434,0.074074074074074,0.1111111111111111,0.1481481481481481,0.1851851851851851,0.2777777777777778,0.3703703703703703,0.0,15.0,3.9953333333333334,0.1011671713042653,0.06666666666666667,0.13333333333333333,0.2
21-1015,Rehabilitation counselors,91.9,93.2,1.4,10.0,46110.0,Master's degree,93.2,103.0,10.5,9.9,both_vintages,-9.1,0.5025014,0.064516129032258,0.3548387096774194,0.6451612903225806,0.2580645161290322,0.4677419354838709,0.6774193548387096,0.0,17.0,4.1135294117647065,0.0023622791269016,0.058823529411764705,0.35294117647058826,0.6470588235294118
21-1018,"Substance abuse, behavioral disorder, and mental health counselors",483.5,564.6,16.8,48.3,59190.0,Master's degree,351.0,428.5,22.1,43.6,both_vintages,-5.300000000000001,,,,,,,,,,,,,,
21-1019,"Counselors, all other",69.1,77.8,12.6,7.4,49830.0,Master's degree,70.3,77.1,9.6,8.1,both_vintages,3.0,,,,,,,,,,,,,,
21-1021,"Child, family, and school social workers",399.9,413.3,3.4,35.1,58570.0,Bachelor's degree,349.8,378.9,8.3,36.6,both_vintages,-4.9,0.7761707,0.0571428571428571,0.2428571428571428,0.4285714285714285,0.1714285714285714,0.3,0.4285714285714285,0.0074,21.0,4.158095238095238,0.0073949607450832,0.047619047619047616,0.23809523809523808,0.42857142857142855
21-1022,Healthcare social workers,193.2,208.1,7.7,18.4,68090.0,Master's degree,179.5,199.3,11.1,19.7,both_vintages,-3.3999999999999995,0.9339648,0.03125,0.34375,0.65625,0.1875,0.421875,0.65625,0.0916,17.0,4.055294117647058,0.0252661158790347,0.058823529411764705,0.35294117647058826,0.6470588235294118
21-1023,Mental health and substance abuse social workers,136.8,150.1,9.7,13.5,60060.0,Master's degree,119.8,133.2,11.1,12.7,both_vintages,-1.4000000000000004,1.119216,0.0,0.2708333333333333,0.5416666666666666,0.1666666666666666,0.3541666666666666,0.5416666666666666,0.0,13.0,3.9784615384615383,0.0289635962515765,0.0,0.2692307692307692,0.5384615384615384
21-1029,"Social workers, all other",81.0,84.1,3.9,7.0,69480.0,Bachelor's degree,59.0,60.7,2.9,5.7,both_vintages,1.0,,,,,,,,,,,,,,
21-1091,Health education specialists,71.8,75.0,4.5,7.9,63000.0,Bachelor's degree,59.6,64.2,7.6,7.1,both_vintages,-3.0999999999999996,0.691658,0.2580645161290322,0.532258064516129,0.8064516129032258,0.2580645161290322,0.5,0.7419354838709677,0.1376,16.0,3.816875,0.0466293358092756,0.25,0.53125,0.8125
21-1092,Probation officers and correctional treatment specialists,92.3,94.8,2.6,7.9,64520.0,Bachelor's degree,94.5,94.6,0.1,8.0,both_vintages,2.5,0.5272448,0.1578947368421052,0.3947368421052631,0.631578947368421,0.2894736842105263,0.4473684210526315,0.6052631578947368,0.0,21.0,4.1519047619047615,0.0,0.14285714285714285,0.40476190476190477,0.6666666666666666
21-1093,Social and human service assistants,449.6,478.5,6.4,50.6,45120.0,High school diploma or equivalent,420.6,472.9,12.5,55.9,both_vintages,-6.1,0.4652255,0.2142857142857142,0.3928571428571428,0.5714285714285714,0.2857142857142857,0.375,0.4642857142857142,0.0,19.0,3.4921052631578946,0.0114005644820033,0.21052631578947367,0.3684210526315789,0.5263157894736842
21-1094,Community health workers,65.1,72.5,11.3,7.8,51030.0,High school diploma or equivalent,67.0,77.7,15.9,8.8,both_vintages,-4.6,0.0371229,0.0833333333333333,0.3194444444444444,0.5555555555555556,0.2777777777777778,0.3472222222222222,0.4166666666666666,0.0,28.0,3.7275,0.0122222267870126,0.07142857142857142,0.32142857142857145,0.5714285714285714
21-1099,"Community and social service specialists, all other",119.2,124.7,4.6,13.1,54940.0,Bachelor's degree,97.6,105.9,8.5,11.8,both_vintages,-3.9000000000000004,,,,,,,,,,,,,,
21-2011,Clergy,262.0,264.6,1.0,23.0,60820.0,Bachelor's degree,245.4,255.8,4.3,24.4,both_vintages,-3.3,1.282559,0.1904761904761904,0.3333333333333333,0.4761904761904761,0.1904761904761904,0.238095238095238,0.2857142857142857,0.1116,21.0,4.173333333333334,0.2530719899428529,0.19047619047619047,0.3333333333333333,0.47619047619047616
21-2021,"Directors, religious activities and education",138.9,141.8,2.1,13.8,54840.0,Bachelor's degree,160.8,166.6,3.6,17.7,both_vintages,-1.5,1.210922,0.1515151515151515,0.4393939393939394,0.7272727272727273,0.303030303030303,0.4545454545454546,0.6060606060606061,0.153,19.0,3.646842105263158,0.0562838678931344,0.15789473684210525,0.42105263157894735,0.6842105263157895
21-2099,"Religious workers, all other",88.4,89.0,0.6,11.1,45120.0,Bachelor's degree,73.7,76.6,3.8,10.0,both_vintages,-3.1999999999999997,,,,,,,,,,,,,,
23-1011,Lawyers,864.8,900.7,4.1,31.5,151160.0,Doctoral or professional degree,833.1,913.3,9.6,48.7,both_vintages,-5.5,1.328783,0.0,0.425,0.8500000000000001,0.15,0.475,0.8,0.1673,22.0,4.082272727272727,0.1037348660074194,0.0,0.42857142857142855,0.8571428571428571
23-1012,Judicial law clerks,14.5,14.9,2.5,1.0,60400.0,Doctoral or professional degree,16.2,16.2,-0.5,1.1,both_vintages,3.0,1.462973,0.1379310344827586,0.5172413793103449,0.896551724137931,0.0,0.4482758620689655,0.896551724137931,0.1704,18.0,3.6127777777777776,0.061624672875694494,0.16666666666666666,0.5,0.8333333333333334
23-1021,"Administrative law judges, adjudicators, and hearing officers",17.5,17.4,-0.7,0.5,115230.0,Doctoral or professional degree,14.5,14.1,-2.8,0.6,both_vintages,2.0999999999999996,1.374714,0.1538461538461538,0.5,0.8461538461538463,0.0769230769230769,0.3461538461538461,0.6153846153846154,0.3048,14.0,4.311428571428571,0.196377290897214,0.14285714285714285,0.5,0.8571428571428571
23-1022,"Arbitrators, mediators, and conciliators",9.1,9.5,4.3,0.3,67710.0,Bachelor's degree,8.9,9.5,6.2,0.5,both_vintages,-1.9000000000000004,1.431593,0.0967741935483871,0.5,0.9032258064516128,0.0967741935483871,0.3709677419354839,0.6451612903225806,0.2426,20.0,3.8560000000000003,0.1120541968456381,0.1,0.5,0.9
23-1023,"Judges, magistrate judges, and magistrates",27.3,28.0,2.5,0.9,156210.0,Doctoral or professional degree,28.5,28.4,-0.6,1.3,both_vintages,3.1,1.496494,0.0,0.4166666666666666,0.8333333333333333,0.0555555555555555,0.25,0.4444444444444444,0.3109,21.0,4.286190476190477,0.0360504336322812,0.0,0.40476190476190477,0.8095238095238095
23-2011,Paralegals and legal assistants,376.2,376.8,0.2,39.3,61010.0,Associate's degree,352.8,402.7,14.1,45.8,both_vintages,-13.9,1.292055,0.2,0.525,0.8500000000000001,0.05,0.45,0.8500000000000001,0.2927,12.0,3.61,0.0030812336437847,0.14285714285714285,0.5714285714285714,1.0
23-2093,"Title examiners, abstractors, and searchers",57.4,58.5,2.0,5.4,54980.0,High school diploma or equivalent,61.2,62.4,1.9,6.0,both_vintages,0.10000000000000009,1.279954,0.2142857142857142,0.5714285714285714,0.9285714285714284,0.25,0.5535714285714285,0.8571428571428571,0.0216,16.0,4.160625,0.0,0.1875,0.5625,0.9375
23-2099,"Legal support workers, all other",51.3,50.7,-1.2,4.7,68760.0,Associate's degree,52.7,52.5,-0.4,5.9,both_vintages,-0.7999999999999999,,,,,,,,,,,,,,
25-1011,"Business teachers, postsecondary",103.1,109.0,5.7,8.1,97270.0,Doctoral or professional degree,103.4,109.8,6.2,9.5,both_vintages,-0.5,1.349314,0.1818181818181818,0.4886363636363636,0.7954545454545455,0.1818181818181818,0.4204545454545454,0.6590909090909091,0.3072,25.0,3.9108,0.6301122801539788,0.16,0.48,0.8
25-1021,"Computer science teachers, postsecondary",44.8,47.2,5.3,3.5,96690.0,Doctoral or professional degree,47.8,51.2,7.2,4.5,both_vintages,-1.9000000000000004,1.277778,0.1666666666666666,0.5119047619047619,0.8571428571428571,0.1428571428571428,0.369047619047619,0.5952380952380952,0.2414,26.0,3.8784615384615386,0.5383942253573195,0.15384615384615385,0.5,0.8461538461538461
25-1022,"Mathematical science teachers, postsecondary",58.9,60.2,2.3,4.4,79350.0,Doctoral or professional degree,53.8,57.1,6.0,4.9,both_vintages,-3.7,1.338676,0.2972972972972973,0.5405405405405406,0.7837837837837838,0.1891891891891892,0.4324324324324324,0.6756756756756757,0.4305,23.0,3.6743478260869566,0.5914941518185434,0.30434782608695654,0.5434782608695652,0.782608695652174
25-1031,"Architecture teachers, postsecondary",11.6,11.9,2.0,0.9,101480.0,Doctoral or professional degree,7.8,8.4,7.8,0.7,both_vintages,-5.8,1.222022,0.1951219512195122,0.4878048780487805,0.7804878048780488,0.2195121951219512,0.426829268292683,0.6341463414634146,0.0,22.0,3.9136363636363636,0.5856398078953523,0.18181818181818182,0.4772727272727273,0.7727272727272727
25-1032,"Engineering teachers, postsecondary",50.3,54.4,8.1,4.1,106120.0,Doctoral or professional degree,45.8,51.8,13.3,4.7,both_vintages,-5.200000000000001,1.351133,0.1428571428571428,0.5,0.8571428571428571,0.2142857142857142,0.4166666666666666,0.6190476190476191,0.3589,24.0,3.67125,0.556265380491271,0.16666666666666666,0.5,0.8333333333333334
25-1041,"Agricultural sciences teachers, postsecondary",10.7,11.2,4.1,0.8,86350.0,Doctoral or professional degree,10.9,11.7,7.3,1.0,both_vintages,-3.2,0.7546685,0.2222222222222222,0.5,0.7777777777777778,0.4444444444444445,0.5888888888888889,0.7333333333333334,0.0,23.0,3.8443478260869566,0.5949862166148325,0.21739130434782608,0.5,0.782608695652174
25-1042,"Biological science teachers, postsecondary",66.0,70.8,7.3,5.4,83460.0,Doctoral or professional degree,60.2,67.7,12.4,6.1,both_vintages,-5.1000000000000005,1.227677,0.1428571428571428,0.4693877551020408,0.7959183673469387,0.2040816326530612,0.3979591836734693,0.5918367346938775,0.2914,27.0,3.7177777777777776,1.2338286587595355,0.14814814814814814,0.46296296296296297,0.7777777777777778
25-1043,"Forestry and conservation science teachers, postsecondary",1.6,1.7,4.0,0.1,100830.0,Doctoral or professional degree,1.5,1.6,8.3,0.1,both_vintages,-4.300000000000001,1.260278,0.1956521739130434,0.4782608695652174,0.7608695652173912,0.217391304347826,0.4239130434782608,0.6304347826086957,0.0206,25.0,3.8207999999999998,0.7697948720055537,0.2,0.48,0.76
25-1051,"Atmospheric, earth, marine, and space sciences teachers, postsecondary",14.0,14.4,2.6,1.0,101390.0,Doctoral or professional degree,12.7,13.7,7.2,1.2,both_vintages,-4.6,1.306156,0.175,0.475,0.775,0.15,0.4,0.65,0.0396,26.0,3.5276923076923077,0.7855091635888557,0.19230769230769232,0.4807692307692308,0.7692307692307693
25-1052,"Chemistry teachers, postsecondary",25.4,26.0,2.2,1.9,86220.0,Doctoral or professional degree,25.8,27.8,7.7,2.4,both_vintages,-5.5,1.333947,0.1764705882352941,0.4313725490196078,0.6862745098039216,0.2352941176470588,0.4019607843137255,0.5686274509803921,0.2185,28.0,3.812857142857143,0.5883102103866324,0.17857142857142858,0.42857142857142855,0.6785714285714286
25-1053,"Environmental science teachers, postsecondary",9.0,9.3,2.9,0.7,87710.0,Doctoral or professional degree,7.1,7.6,7.7,0.7,both_vintages,-4.800000000000001,1.347519,0.2608695652173913,0.5217391304347826,0.7826086956521738,0.1956521739130434,0.4239130434782608,0.6521739130434783,0.0232,25.0,3.696,0.6147061119350549,0.24,0.5,0.76
25-1054,"Physics teachers, postsecondary",17.1,17.5,2.5,1.3,97360.0,Doctoral or professional degree,16.0,17.3,7.9,1.5,both_vintages,-5.4,1.044191,0.1162790697674418,0.4186046511627906,0.7209302325581395,0.1627906976744186,0.3720930232558139,0.5813953488372093,0.0,24.0,3.6962499999999996,0.7755465081406185,0.125,0.4166666666666667,0.7083333333333334
25-1061,"Anthropology and archeology teachers, postsecondary",6.5,6.7,2.7,0.5,95770.0,Doctoral or professional degree,6.4,6.9,8.3,0.6,both_vintages,-5.6000000000000005,1.321694,0.2857142857142857,0.520408163265306,0.7551020408163265,0.183673469387755,0.4081632653061224,0.6326530612244897,0.0236,27.0,3.840740740740741,0.7389825355677062,0.2692307692307692,0.5,0.7307692307692307
25-1062,"Area, ethnic, and cultural studies teachers, postsecondary",14.5,14.8,2.4,1.1,84290.0,Doctoral or professional degree,11.7,12.7,8.5,1.1,both_vintages,-6.1,1.308699,0.2222222222222222,0.5,0.7777777777777778,0.2444444444444444,0.4444444444444445,0.6444444444444445,0.0,23.0,3.8104347826086955,0.826489571051193,0.21739130434782608,0.5,0.782608695652174
25-1063,"Economics teachers, postsecondary",15.8,16.1,2.1,1.2,119980.0,Doctoral or professional degree,15.3,16.6,8.4,1.5,both_vintages,-6.300000000000001,1.319012,0.1463414634146341,0.475609756097561,0.8048780487804879,0.2195121951219512,0.4390243902439024,0.6585365853658537,0.0,22.0,3.6731818181818183,0.8502150701083355,0.13636363636363635,0.45454545454545453,0.7727272727272727
25-1064,"Geography teachers, postsecondary",4.0,4.2,3.3,0.3,86730.0,Doctoral or professional degree,4.3,4.7,7.6,0.4,both_vintages,-4.3,1.318899,0.1818181818181818,0.4772727272727273,0.7727272727272727,0.25,0.4659090909090909,0.6818181818181819,0.0,25.0,3.6431999999999998,0.8540152582690033,0.2,0.48,0.76
25-1065,"Political science teachers, postsecondary",21.8,22.2,2.0,1.6,94680.0,Doctoral or professional degree,18.2,19.7,8.4,1.7,both_vintages,-6.4,1.368397,0.1707317073170731,0.475609756097561,0.7804878048780488,0.1951219512195122,0.4146341463414634,0.6341463414634146,0.0,22.0,3.8245454545454547,0.8580208620059235,0.18181818181818182,0.4772727272727273,0.7727272727272727
25-1066,"Psychology teachers, postsecondary",52.5,54.4,3.6,4.0,80330.0,Doctoral or professional degree,46.4,50.8,9.6,4.5,both_vintages,-6.0,1.33366,0.16,0.48,0.8,0.16,0.39,0.62,0.3219,29.0,3.6558620689655172,0.7724652744968337,0.1724137931034483,0.46551724137931033,0.7586206896551724
25-1067,"Sociology teachers, postsecondary",15.4,15.7,2.1,1.1,82540.0,Doctoral or professional degree,16.0,17.2,7.6,1.5,both_vintages,-5.5,1.349229,0.1363636363636363,0.4318181818181818,0.7272727272727273,0.2045454545454545,0.3977272727272727,0.5909090909090909,0.0,24.0,3.6804166666666664,0.8632589592003576,0.125,0.4166666666666667,0.7083333333333334
25-1069,"Social sciences teachers, postsecondary, all other",20.7,21.1,1.7,1.5,75040.0,Doctoral or professional degree,19.4,20.5,5.5,1.8,both_vintages,-3.8,,,,,,,,,,,,,,
25-1071,"Health specialties teachers, postsecondary",289.6,339.7,17.3,27.4,105620.0,Doctoral or professional degree,246.7,306.1,24.1,28.9,both_vintages,-6.800000000000001,0.924754,0.125,0.475,0.8250000000000001,0.175,0.3875,0.6000000000000001,0.3045,22.0,3.8786363636363634,0.785509163588856,0.13636363636363635,0.4772727272727273,0.8181818181818182
25-1072,"Nursing instructors and teachers, postsecondary",91.6,106.9,16.8,8.6,79940.0,Doctoral or professional degree,87.0,105.7,21.5,9.9,both_vintages,-4.699999999999999,0.5170682,0.1568627450980392,0.4019607843137255,0.6470588235294118,0.1372549019607843,0.3725490196078431,0.6078431372549019,0.1909,29.0,4.056206896551724,0.67766598605639,0.1724137931034483,0.41379310344827586,0.6551724137931034
25-1081,"Education teachers, postsecondary",74.9,76.5,2.1,5.6,72090.0,Doctoral or professional degree,76.7,83.2,8.5,7.3,both_vintages,-6.4,1.192988,0.1666666666666666,0.4880952380952381,0.8095238095238095,0.1904761904761904,0.4404761904761904,0.6904761904761905,0.2621,24.0,3.62375,0.8743514003179826,0.16666666666666666,0.4791666666666667,0.7916666666666666
25-1082,"Library science teachers, postsecondary",5.1,5.3,3.0,0.4,78630.0,Doctoral or professional degree,5.5,5.9,7.6,0.5,both_vintages,-4.6,1.386292,0.2127659574468085,0.5106382978723404,0.8085106382978723,0.2340425531914893,0.425531914893617,0.6170212765957447,0.018,25.0,3.9528000000000003,0.7665082227855167,0.2,0.5,0.8
25-1111,"Criminal justice and law enforcement teachers, postsecondary",16.2,16.5,2.0,1.2,71470.0,Doctoral or professional degree,16.5,18.2,9.8,1.6,both_vintages,-7.800000000000001,1.389999,0.225,0.5,0.775,0.2,0.4375,0.675,0.0,23.0,3.795217391304348,0.8502150701083355,0.21739130434782608,0.5,0.782608695652174
25-1112,"Law teachers, postsecondary",29.5,30.2,2.2,2.2,126650.0,Doctoral or professional degree,19.1,20.8,8.9,1.8,both_vintages,-6.7,1.35645,0.125,0.45,0.775,0.425,0.5875,0.75,0.0,23.0,3.7673913043478264,0.7360040097120478,0.13043478260869565,0.45652173913043476,0.782608695652174
25-1113,"Social work teachers, postsecondary",17.1,17.5,2.3,1.3,76210.0,Doctoral or professional degree,16.1,17.5,8.9,1.5,both_vintages,-6.6000000000000005,1.347327,0.1590909090909091,0.4204545454545454,0.6818181818181819,0.2954545454545454,0.5113636363636364,0.7272727272727273,0.0,24.0,3.92,0.8407659536007289,0.16666666666666666,0.4375,0.7083333333333334
25-1121,"Art, drama, and music teachers, postsecondary",122.8,124.8,1.7,9.0,80190.0,Master's degree,121.8,132.5,8.8,11.6,both_vintages,-7.1000000000000005,0.7582769,0.125,0.4375,0.75,0.375,0.59375,0.8125,0.2142,28.0,3.8785714285714286,0.7738004757424739,0.14285714285714285,0.44642857142857145,0.75
25-1122,"Communications teachers, postsecondary",35.8,36.6,2.1,2.7,77800.0,Doctoral or professional degree,34.4,36.9,7.3,3.2,both_vintages,-5.199999999999999,1.347435,0.125,0.425,0.7250000000000001,0.325,0.5750000000000001,0.8250000000000001,0.2111,22.0,3.899545454545455,0.7488424832278175,0.13636363636363635,0.45454545454545453,0.7727272727272727
25-1123,"English language and literature teachers, postsecondary",72.2,72.2,0.0,5.1,78270.0,Doctoral or professional degree,72.4,76.9,6.3,6.7,both_vintages,-6.3,1.417833,0.25,0.5267857142857143,0.8035714285714285,0.3571428571428571,0.5714285714285714,0.7857142857142857,0.3618,33.0,3.6827272727272726,1.6453787657810506,0.2727272727272727,0.5454545454545454,0.8181818181818182
25-1124,"Foreign language and literature teachers, postsecondary",26.4,26.4,-0.2,1.9,77010.0,Doctoral or professional degree,25.0,27.0,7.8,2.4,both_vintages,-8.0,1.33412,0.2666666666666666,0.5333333333333333,0.8,0.2888888888888889,0.5666666666666667,0.8444444444444444,0.2403,24.0,3.875,0.9286838202367204,0.2916666666666667,0.5416666666666666,0.7916666666666666
25-1125,"History teachers, postsecondary",24.6,24.6,-0.2,1.7,81500.0,Doctoral or professional degree,23.7,25.4,7.4,2.2,both_vintages,-7.6000000000000005,1.43749,0.2222222222222222,0.5111111111111112,0.8,0.3555555555555555,0.5888888888888889,0.8222222222222223,0.0994,25.0,3.7836000000000003,0.8511394402014708,0.2,0.48,0.76
25-1126,"Philosophy and religion teachers, postsecondary",27.3,27.5,0.7,2.0,78050.0,Doctoral or professional degree,28.2,30.6,8.6,2.7,both_vintages,-7.8999999999999995,1.363522,0.25,0.5113636363636364,0.7727272727272727,0.3636363636363636,0.5909090909090909,0.8181818181818182,0.2197,22.0,3.9263636363636363,0.8011207473840319,0.2727272727272727,0.5227272727272727,0.7727272727272727
25-1192,"Family and consumer sciences teachers, postsecondary",3.2,3.3,3.4,0.2,77280.0,Doctoral or professional degree,3.4,3.6,6.6,0.3,both_vintages,-3.1999999999999997,1.211652,0.2,0.5375,0.875,0.4,0.65,0.9,0.0,23.0,4.086956521739131,0.6842392844964641,0.21739130434782608,0.5434782608695652,0.8695652173913043
25-1193,"Recreation and fitness studies teachers, postsecondary",15.4,15.7,2.4,1.1,75890.0,Doctoral or professional degree,17.1,18.4,7.1,1.6,both_vintages,-4.699999999999999,1.16489,0.2790697674418604,0.5581395348837209,0.8372093023255813,0.3720930232558139,0.6162790697674418,0.8604651162790697,0.1138,23.0,3.857391304347826,0.9836324868842148,0.2608695652173913,0.5434782608695652,0.8260869565217391
25-1194,"Career/technical education teachers, postsecondary",122.2,123.0,0.7,8.8,61490.0,Bachelor's degree,118.8,120.9,1.8,10.2,both_vintages,-1.1,0.1622185,0.1282051282051282,0.4871794871794871,0.8461538461538461,0.2051282051282051,0.4487179487179487,0.6923076923076923,0.1563,20.0,4.0515,0.3339030191981394,0.15,0.5,0.85
25-1199,"Postsecondary teachers, all other",183.4,186.8,1.8,13.5,78490.0,Doctoral or professional degree,253.8,271.8,7.1,23.6,both_vintages,-5.3,,,,,,,,,,,,,,
25-2011,"Preschool teachers, except special education",555.1,578.1,4.1,65.5,37120.0,Associate's degree,483.1,556.0,15.1,63.1,both_vintages,-11.0,0.0306372,0.0606060606060606,0.2272727272727273,0.3939393939393939,0.1515151515151515,0.3106060606060606,0.4696969696969697,0.0,34.0,4.195,0.19134460927903202,0.06060606060606061,0.22727272727272727,0.3939393939393939
25-2012,"Kindergarten teachers, except special education",117.2,115.2,-1.6,12.8,61430.0,Bachelor's degree,124.8,130.1,4.3,14.2,both_vintages,-5.9,0.3644047,0.0547945205479452,0.2328767123287671,0.410958904109589,0.136986301369863,0.2945205479452054,0.4520547945205479,0.0,37.0,4.173513513513513,0.0866853731784769,0.05555555555555555,0.2361111111111111,0.4166666666666667
25-2021,"Elementary school teachers, except special education",1422.7,1394.8,-2.0,91.0,62340.0,Bachelor's degree,1362.3,1417.1,4.0,106.1,both_vintages,-6.0,0.8869491,0.054054054054054,0.3108108108108108,0.5675675675675675,0.1351351351351351,0.3108108108108108,0.4864864864864865,0.103,38.0,4.135526315789474,0.3063773319803288,0.05405405405405406,0.3108108108108108,0.5675675675675675
25-2022,"Middle school teachers, except special and career/technical education",633.7,621.3,-2.0,40.5,62970.0,Bachelor's degree,606.5,631.5,4.1,47.3,both_vintages,-6.1,1.286445,0.072463768115942,0.3478260869565217,0.6231884057971014,0.2028985507246377,0.3405797101449275,0.4782608695652174,0.2972,35.0,3.8017142857142856,0.32804867527494797,0.08823529411764706,0.36764705882352944,0.6470588235294118
25-2023,"Career/technical education teachers, middle school",14.0,13.8,-2.0,0.9,63620.0,Bachelor's degree,11.9,12.3,3.4,0.9,both_vintages,-5.4,0.5199191,0.1935483870967742,0.3225806451612903,0.4516129032258064,0.1612903225806451,0.3387096774193548,0.5161290322580645,0.0,31.0,4.067096774193549,0.3035015139127963,0.2,0.3333333333333333,0.4666666666666667
25-2031,"Secondary school teachers, except special and career/technical education",1094.5,1076.7,-1.6,66.2,64580.0,Bachelor's degree,1058.3,1107.0,4.6,77.9,both_vintages,-6.199999999999999,1.191325,0.0317460317460317,0.3333333333333333,0.6349206349206349,0.1587301587301587,0.3412698412698413,0.5238095238095237,0.2901,32.0,3.68375,0.329281168732462,0.03225806451612903,0.3387096774193548,0.6451612903225806
25-2032,"Career/technical education teachers, secondary school",103.4,101.5,-1.8,6.2,63910.0,Bachelor's degree,84.4,87.2,3.3,6.1,both_vintages,-5.1,0.3734505,0.1515151515151515,0.3333333333333333,0.5151515151515151,0.1212121212121212,0.3333333333333333,0.5454545454545454,0.0,33.0,3.9145454545454546,0.16371621427309518,0.15625,0.34375,0.53125
25-2051,"Special education teachers, preschool",29.3,29.7,1.4,2.1,62190.0,Bachelor's degree,22.0,23.9,8.3,1.9,both_vintages,-6.9,0.3750564,0.1142857142857142,0.1999999999999999,0.2857142857142857,0.1714285714285714,0.3071428571428571,0.4428571428571428,0.0058,36.0,4.2444444444444445,0.0681979713157686,0.11428571428571428,0.18571428571428572,0.2571428571428571
25-2052,"Special education teachers, kindergarten and elementary school",230.2,226.1,-1.8,15.4,63000.0,Bachelor's degree,188.2,195.3,3.8,14.7,both_vintages,-5.6,0.7357486,,,,,,,,,,,,,
25-2057,"Special education teachers, middle school",94.8,93.0,-1.9,6.3,64880.0,Bachelor's degree,79.4,82.2,3.5,6.2,both_vintages,-5.4,,0.0779220779220779,0.3051948051948052,0.5324675324675325,0.1298701298701298,0.3051948051948052,0.4805194805194805,0.134,40.0,3.99375,0.1874417133302378,0.07692307692307693,0.2948717948717949,0.5128205128205128
25-2058,"Special education teachers, secondary school",164.2,161.5,-1.6,11.1,69590.0,Bachelor's degree,147.2,153.4,4.2,11.6,both_vintages,-5.800000000000001,,0.1025641025641025,0.3012820512820512,0.5,0.1538461538461538,0.2948717948717949,0.4358974358974359,0.0989,40.0,3.9204999999999997,0.1746032398144681,0.10256410256410256,0.2948717948717949,0.48717948717948717
25-2059,"Special education teachers, all other",41.0,41.5,1.1,2.9,67430.0,Bachelor's degree,39.5,42.2,6.8,3.2,both_vintages,-5.699999999999999,-0.6632917,0.3,0.475,0.65,0.2,0.25,0.3,0.0257,20.0,4.2245,0.017871155133951398,0.3,0.475,0.65
25-3011,"Adult basic education, adult secondary education, and english as a second language instructors",40.9,35.3,-13.7,3.9,59950.0,Bachelor's degree,44.9,42.1,-6.2,4.7,both_vintages,-7.499999999999999,1.348951,0.1764705882352941,0.4044117647058823,0.6323529411764706,0.2205882352941176,0.4264705882352941,0.6323529411764706,0.0636,37.0,3.6772972972972973,0.350233557510198,0.1388888888888889,0.3888888888888889,0.6388888888888888
25-3021,Self-enrichment teachers,417.5,433.0,3.7,51.4,45590.0,High school diploma or equivalent,347.1,408.3,17.6,49.0,both_vintages,-13.900000000000002,0.526352,0.16,0.36,0.56,0.2,0.38,0.56,0.0662,30.0,3.759666666666667,0.3993278802345019,0.16666666666666666,0.36666666666666664,0.5666666666666667
25-3031,"Substitute teachers, short-term",510.1,518.5,1.6,61.1,38470.0,Bachelor's degree,400.4,433.2,8.2,50.6,both_vintages,-6.6,,0.2777777777777778,0.3611111111111111,0.4444444444444444,0.0,0.0833333333333333,0.1666666666666666,,18.0,4.2283333333333335,0.0,0.29411764705882354,0.38235294117647056,0.47058823529411764
25-3041,Tutors,215.5,216.8,0.6,37.1,40090.0,"Some college, no degree",203.4,232.9,14.5,35.0,both_vintages,-13.9,,0.1714285714285714,0.5428571428571428,0.9142857142857144,0.1714285714285714,0.3714285714285714,0.5714285714285714,0.4077,19.0,3.9363157894736847,2.1056123643743656,0.15789473684210525,0.5263157894736842,0.8947368421052632
25-3099,"Teachers and instructors, all other",153.8,153.5,-0.1,18.0,64690.0,Bachelor's degree,211.6,227.8,7.6,26.6,both_vintages,-7.699999999999999,1.32533,,,,,,,,,,,,,
25-4011,Archivists,9.3,9.7,3.8,1.1,61570.0,Master's degree,8.0,8.7,8.9,1.1,both_vintages,-5.1000000000000005,0.6765602,0.0769230769230769,0.5,0.9230769230769232,0.2307692307692307,0.5,0.7692307692307693,0.1348,13.0,4.22076923076923,0.8836978090374632,0.07692307692307693,0.5,0.9230769230769231
25-4012,Curators,15.1,16.2,7.0,1.8,61770.0,Master's degree,12.9,14.7,14.4,1.8,both_vintages,-7.4,0.7366658,0.1481481481481481,0.5,0.8518518518518519,0.2592592592592592,0.5185185185185185,0.7777777777777777,0.4123,15.0,3.6573333333333333,0.18045758373765938,0.13333333333333333,0.5,0.8666666666666667
25-4013,Museum technicians and conservators,15.7,16.5,5.4,1.9,47460.0,Bachelor's degree,12.7,14.3,12.7,1.8,both_vintages,-7.299999999999999,-0.0912107,0.0526315789473684,0.2368421052631578,0.4210526315789473,0.1052631578947368,0.2368421052631578,0.3684210526315789,0.0,24.0,3.8037500000000004,0.041288530826715,0.041666666666666664,0.2708333333333333,0.5
25-4022,Librarians and media collections specialists,142.1,144.5,1.7,13.5,64320.0,Master's degree,138.4,146.4,5.8,14.9,both_vintages,-4.1,,0.1578947368421052,0.5350877192982456,0.912280701754386,0.2631578947368421,0.5,0.7368421052631579,0.2032,30.0,3.807142857142857,0.5289451088497136,0.16666666666666666,0.5333333333333333,0.9
25-4031,Library technicians,78.6,73.2,-6.8,13.0,39970.0,Postsecondary nondegree award,78.2,74.9,-4.2,10.7,both_vintages,-2.5999999999999996,0.037965,0.3846153846153846,0.5673076923076923,0.75,0.2692307692307693,0.5288461538461539,0.7884615384615385,0.054,31.0,3.6703225806451614,0.2419795488252278,0.3870967741935484,0.5645161290322581,0.7419354838709677
25-9021,Farm and home management educators,12.4,12.1,-2.5,1.1,58120.0,Master's degree,13.1,13.2,0.5,1.2,both_vintages,-3.0,0.8604031,0.074074074074074,0.3703703703703703,0.6666666666666666,0.3703703703703703,0.537037037037037,0.7037037037037037,0.0,15.0,3.7733333333333334,0.0563865756812605,0.06666666666666667,0.36666666666666664,0.6666666666666666
25-9031,Instructional coordinators,232.6,235.5,1.3,21.9,74720.0,Master's degree,205.7,220.8,7.3,20.9,both_vintages,-6.0,1.301855,0.175,0.4875,0.8,0.275,0.525,0.775,0.3043,30.0,3.8461538461538463,1.3231844344292931,0.2,0.5333333333333333,0.8666666666666667
25-9044,"Teaching assistants, postsecondary",193.6,199.6,3.1,24.6,44930.0,Bachelor's degree,155.8,168.3,8.0,20.1,both_vintages,-4.9,,0.3333333333333333,0.5303030303030303,0.7272727272727273,0.1818181818181818,0.3636363636363636,0.5454545454545454,0.1002,20.0,3.7405,0.3002148646927597,0.3,0.5,0.7
25-9045,"Teaching assistants, except postsecondary",1422.8,1401.7,-1.5,170.4,35240.0,"Some college, no degree",1235.1,1297.2,5.0,153.7,both_vintages,-6.5,,,,,,,,,,,,,,
25-9099,"Educational instruction and library workers, all other",132.0,134.0,1.5,12.5,48400.0,Bachelor's degree,179.7,192.5,7.1,18.2,both_vintages,-5.6,,,,,,,,,,,,,,
27-1011,Art directors,135.0,140.7,4.2,12.3,111040.0,Bachelor's degree,121.5,126.2,3.8,13.4,both_vintages,0.40000000000000036,1.02251,0.0689655172413793,0.5,0.9310344827586208,0.0689655172413793,0.4310344827586206,0.7931034482758621,0.2098,16.0,4.1293750000000005,0.30432317621780586,0.0625,0.5,0.9375
27-1012,Craft artists,11.6,11.9,2.1,1.0,38480.0,No formal educational credential,10.7,11.2,5.1,1.2,both_vintages,-2.9999999999999996,-0.9295284,0.0,0.2586206896551724,0.5172413793103449,0.0689655172413793,0.2241379310344827,0.3793103448275862,0.0539,16.0,3.87875,0.3499254341458203,0.0,0.26666666666666666,0.5333333333333333
27-1013,"Fine artists, including painters, sculptors, and illustrators",26.5,26.2,-1.2,2.2,60560.0,Bachelor's degree,27.1,28.8,6.4,3.1,both_vintages,-7.6000000000000005,-0.5690498,0.0,0.425,0.8500000000000001,0.05,0.3125,0.5750000000000001,0.3565,28.0,3.6310714285714285,0.47789933815101276,0.0,0.39285714285714285,0.7857142857142857
27-1014,Special effects artists and animators,57.1,58.0,1.6,5.0,99800.0,Bachelor's degree,58.9,62.1,5.4,6.7,both_vintages,-3.8000000000000003,0.7058651,0.05,0.525,1.0,0.05,0.475,0.9,0.3571,13.0,3.7,0.7157705754511949,0.07692307692307693,0.5384615384615384,1.0
27-1019,"Artists and related workers, all other",13.9,14.0,0.8,1.2,72760.0,No formal educational credential,14.5,15.2,4.5,1.6,both_vintages,-3.7,,,,,,,,,,,,,,
27-1021,Commercial and industrial designers,30.6,31.6,3.2,2.5,79450.0,Bachelor's degree,29.3,30.3,3.2,2.7,both_vintages,0.0,0.867039,0.0,0.4655172413793103,0.9310344827586208,0.0689655172413793,0.4137931034482758,0.7586206896551724,0.0437,17.0,3.5288235294117647,0.0263959015484224,0.0,0.47058823529411764,0.9411764705882353
27-1022,Fashion designers,25.7,26.2,2.0,2.3,80690.0,Bachelor's degree,22.4,23.0,2.5,2.3,both_vintages,-0.5,0.5801539,0.0,0.390625,0.78125,0.125,0.375,0.625,0.0568,20.0,3.8325000000000005,0.0374883426660474,0.0,0.4,0.8
27-1023,Floral designers,43.8,41.2,-5.9,5.1,36120.0,High school diploma or equivalent,44.4,35.1,-21.0,3.8,both_vintages,15.1,-0.2718452,0.0666666666666666,0.1999999999999999,0.3333333333333333,0.1,0.2666666666666666,0.4333333333333333,0.0,15.0,4.149333333333334,0.0,0.06666666666666667,0.2,0.3333333333333333
27-1024,Graphic designers,265.9,271.5,2.1,20.0,61300.0,Bachelor's degree,265.0,271.8,2.6,24.8,both_vintages,-0.5,0.7156958,0.0,0.5,1.0,0.0,0.4107142857142857,0.8214285714285714,0.3672,19.0,4.057894736842105,0.11010274887124111,0.0,0.5,1.0
27-1025,Interior designers,87.1,89.9,3.2,7.8,63490.0,Bachelor's degree,93.3,94.2,0.9,8.2,both_vintages,2.3000000000000003,1.12168,0.0,0.5,1.0,0.1379310344827586,0.3620689655172414,0.5862068965517241,0.0,16.0,4.15,0.0123249345751388,0.0,0.5,1.0
27-1026,Merchandise displayers and window trimmers,193.0,199.3,3.2,20.8,37350.0,High school diploma or equivalent,161.6,169.1,4.6,20.1,both_vintages,-1.3999999999999995,-1.001413,0.0,0.3048780487804878,0.6097560975609756,0.0975609756097561,0.2682926829268293,0.4390243902439024,0.0,24.0,3.84375,0.0051353894063079,0.0,0.2916666666666667,0.5833333333333334
27-1027,Set and exhibit designers,31.3,32.0,2.3,2.5,66280.0,Bachelor's degree,27.0,28.5,5.2,2.7,both_vintages,-2.9000000000000004,-0.0519323,0.0,0.3913043478260869,0.7826086956521738,0.1521739130434782,0.358695652173913,0.5652173913043478,0.0,27.0,3.9125925925925924,0.0,0.0,0.37037037037037035,0.7407407407407407
27-1029,"Designers, all other",28.6,29.2,2.0,2.2,66220.0,Bachelor's degree,42.9,43.9,2.4,4.0,both_vintages,-0.3999999999999999,,,,,,,,,,,,,,
27-2011,Actors,57.0,57.1,0.3,6.3,,"Some college, no degree",50.6,54.7,8.2,7.0,both_vintages,-7.8999999999999995,0.1590935,0.15625,0.1875,0.21875,0.125,0.15625,0.1875,0.1011,18.0,3.9305555555555554,1.0429975884211344,0.16666666666666666,0.19444444444444445,0.2222222222222222
27-2012,Producers and directors,167.0,175.2,4.9,12.8,83480.0,Bachelor's degree,166.2,178.9,7.7,17.5,both_vintages,-2.8,0.9388108,0.09383524277141297,0.4695853791598472,0.8453355155482816,0.2176759410801964,0.4369885433715221,0.6563011456628478,0.092,83.0,3.8369999999999997,0.1667974479168797,0.12048192771084337,0.46987951807228917,0.8192771084337349
27-2021,Athletes and sports competitors,19.1,20.2,5.5,2.1,62360.0,No formal educational credential,15.8,21.5,35.7,2.9,both_vintages,-30.200000000000003,-1.814336,0.0,0.0,0.0,0.0,0.0,0.0,0.0,9.0,3.9311111111111114,0.0,0.0,0.0,0.0
27-2022,Coaches and scouts,306.5,326.0,6.4,41.8,45920.0,Bachelor's degree,244.3,293.1,20.0,39.9,both_vintages,-13.6,0.1168668,0.0666666666666666,0.3,0.5333333333333333,0.0444444444444444,0.1444444444444444,0.2444444444444444,0.0,27.0,4.0381481481481485,0.0192063563795913,0.07407407407407407,0.3148148148148148,0.5555555555555556
27-2023,"Umpires, referees, and other sports officials",19.3,20.4,5.7,4.6,38820.0,High school diploma or equivalent,13.2,17.4,31.7,3.6,both_vintages,-26.0,-0.0325617,0.2499999999999999,0.3125,0.375,0.125,0.1666666666666666,0.2083333333333333,0.0,16.0,4.23,0.0018487401862708,0.25,0.34375,0.4375
27-2031,Dancers,12.3,12.9,4.5,1.8,,No formal educational credential,6.2,7.7,24.5,1.3,both_vintages,-20.0,-2.669758,0.0,0.0208333333333333,0.0416666666666666,0.0,0.0416666666666666,0.0833333333333333,0.0,14.0,3.994285714285714,0.0,0.0,0.03571428571428571,0.07142857142857142
27-2032,Choreographers,4.6,4.9,6.1,0.7,55600.0,High school diploma or equivalent,6.3,8.1,29.7,1.4,both_vintages,-23.6,-1.575769,0.0571428571428571,0.2714285714285714,0.4857142857142857,0.1428571428571428,0.1714285714285714,0.2,0.0801,18.0,3.8905555555555558,0.08452850962782779,0.05555555555555555,0.2777777777777778,0.5
27-2041,Music directors and composers,47.3,47.2,-0.3,4.3,63670.0,Bachelor's degree,55.8,58.5,4.9,5.8,both_vintages,-5.2,0.8829641,0.5263157894736842,0.7105263157894737,0.894736842105263,0.175438596491228,0.2807017543859649,0.3859649122807017,0.0368,30.0,3.927857142857143,0.0486834915717984,0.5,0.7,0.9
27-2042,Musicians and singers,169.8,171.6,1.1,19.4,,No formal educational credential,151.3,157.7,4.2,20.8,both_vintages,-3.1,-0.0040058,0.2448979591836734,0.4081632653061224,0.5714285714285714,0.1020408163265306,0.1326530612244897,0.1632653061224489,0.0,29.0,3.903703703703704,0.0494024460886817,0.27586206896551724,0.43103448275862066,0.5862068965517241
27-2091,"Disc jockeys, except radio",15.4,16.0,3.8,1.5,,High school diploma or equivalent,15.3,16.4,7.2,1.4,both_vintages,-3.4000000000000004,,0.4210526315789473,0.5263157894736842,0.631578947368421,0.1578947368421052,0.3684210526315789,0.5789473684210527,,19.0,,0.0,0.42105263157894735,0.5263157894736842,0.631578947368421
27-2099,"Entertainers and performers, sports and related workers, all other",35.8,38.0,6.0,4.4,,No formal educational credential,33.5,39.9,19.0,4.7,both_vintages,-13.0,,,,,,,,,,,,,,
27-3011,Broadcast announcers and radio disc jockeys,24.1,22.8,-5.5,2.3,45680.0,Bachelor's degree,25.0,22.2,-11.4,2.1,both_vintages,5.9,0.8493547,0.4,0.65,0.9,0.475,0.5375,0.6000000000000001,0.0634,24.0,3.9270833333333335,0.0185901096508343,0.4166666666666667,0.6666666666666666,0.9166666666666666
27-3023,"News analysts, reporters, and journalists",49.3,47.4,-3.9,4.1,60280.0,Bachelor's degree,47.1,43.1,-8.6,4.9,both_vintages,4.699999999999999,,0.3,0.65,1.0,0.4333333333333333,0.6333333333333333,0.8333333333333334,0.2098,30.0,4.088333333333333,0.0810364448315385,0.3,0.65,1.0
27-3031,Public relations specialists,315.9,331.0,4.8,27.6,69780.0,Bachelor's degree,276.8,299.2,8.1,27.4,both_vintages,-3.3,1.284927,0.2424242424242424,0.5909090909090909,0.9393939393939394,0.6363636363636364,0.7878787878787878,0.9393939393939394,0.453,18.0,3.8449999999999998,0.3563960247977681,0.2222222222222222,0.5833333333333334,0.9444444444444444
27-3041,Editors,115.8,116.5,0.6,9.8,75260.0,Bachelor's degree,108.4,102.9,-5.1,10.2,both_vintages,5.699999999999999,1.128221,0.3529411764705882,0.6470588235294118,0.9411764705882352,0.5294117647058824,0.6470588235294118,0.7647058823529411,0.246,21.0,3.9147619047619044,0.783455007826333,0.3333333333333333,0.6428571428571429,0.9523809523809523
27-3042,Technical writers,56.4,56.9,0.9,4.5,91670.0,Bachelor's degree,55.4,58.4,5.5,5.4,both_vintages,-4.6,1.184001,0.4666666666666667,0.7,0.9333333333333332,0.3333333333333333,0.6333333333333333,0.9333333333333332,0.4747,15.0,3.8986666666666663,1.3527642774096273,0.4666666666666667,0.7,0.9333333333333333
27-3043,Writers and authors,135.4,140.3,3.6,13.4,72270.0,Bachelor's degree,142.8,148.7,4.1,15.2,both_vintages,-0.49999999999999956,0.9879274,0.8098290598290598,0.8771367521367521,0.9444444444444444,0.641025641025641,0.7742165242165242,0.9074074074074074,0.2462,36.0,3.9904166666666665,0.7783196184200244,0.8055555555555556,0.875,0.9444444444444444
27-3091,Interpreters and translators,75.3,76.6,1.7,6.9,59440.0,Bachelor's degree,69.4,83.4,20.2,9.2,both_vintages,-18.5,1.111319,0.88,0.88,0.88,0.8,0.84,0.88,0.4304,17.0,4.187647058823529,0.8918117242994296,0.8823529411764706,0.8823529411764706,0.8823529411764706
27-3092,Court reporters and simultaneous captioners,17.7,17.7,-0.3,1.7,67310.0,Postsecondary nondegree award,18.5,18.7,1.4,2.0,both_vintages,-1.7,,0.9166666666666666,0.9583333333333331,1.0,0.125,0.5208333333333333,0.9166666666666666,0.3431,14.0,4.707142857142857,0.06737630901075961,0.9285714285714286,0.9642857142857143,1.0
27-3099,"Media and communication workers, all other",34.3,35.3,2.7,3.0,71770.0,High school diploma or equivalent,20.5,21.9,7.0,2.1,both_vintages,-4.3,,,,,,,,,,,,,,
27-4011,Audio and video technicians,92.3,95.4,3.3,7.3,54830.0,Postsecondary nondegree award,68.6,79.3,15.7,8.1,both_vintages,-12.399999999999999,-0.0117747,0.125,0.4375,0.75,0.125,0.3,0.475,0.0173,29.0,3.3513793103448277,0.060597594994432805,0.1724137931034483,0.4827586206896552,0.7931034482758621
27-4012,Broadcast technicians,24.8,24.2,-2.8,1.8,53920.0,Associate's degree,30.5,29.9,-2.0,2.8,both_vintages,-0.7999999999999998,0.1222249,0.2857142857142857,0.5238095238095237,0.7619047619047619,0.0952380952380952,0.2142857142857142,0.3333333333333333,0.0197,27.0,3.923333333333333,0.039131667276066096,0.2962962962962963,0.5,0.7037037037037037
27-4014,Sound engineering technicians,16.9,16.6,-1.7,1.2,66430.0,Postsecondary nondegree award,15.2,16.3,7.5,1.6,both_vintages,-9.2,0.4715462,0.074074074074074,0.4259259259259259,0.7777777777777777,0.0,0.2777777777777778,0.5555555555555556,0.0,14.0,4.2335714285714285,0.0074976685332094,0.07142857142857142,0.42857142857142855,0.7857142857142857
27-4015,Lighting technicians,12.1,11.5,-4.6,0.8,60560.0,Postsecondary nondegree award,5.7,6.5,14.7,0.7,both_vintages,-19.299999999999997,,0.0625,0.15625,0.25,0.0,0.09375,0.1875,,16.0,,0.0,0.0625,0.15625,0.25
27-4021,Photographers,151.2,154.0,1.8,12.7,42520.0,High school diploma or equivalent,125.6,136.8,8.9,12.7,both_vintages,-7.1000000000000005,-0.1680973,0.0416666666666666,0.3854166666666666,0.7291666666666666,0.0208333333333333,0.21875,0.4166666666666666,0.195,28.0,3.972142857142857,0.070457542654544,0.03571428571428571,0.39285714285714285,0.75
27-4031,"Camera operators, television, video, and film",36.4,36.9,1.2,2.9,68810.0,Bachelor's degree,33.7,36.7,8.9,3.7,both_vintages,-7.7,-0.4470009,0.0606060606060606,0.4242424242424242,0.7878787878787878,0.0303030303030303,0.1818181818181818,0.3333333333333333,0.1651,21.0,4.123333333333333,0.0035947725844155,0.047619047619047616,0.42857142857142855,0.8095238095238095
27-4032,Film and video editors,43.5,45.2,4.0,3.6,70980.0,Bachelor's degree,48.1,54.7,13.8,5.7,both_vintages,-9.8,0.985707,0.1111111111111111,0.5277777777777778,0.9444444444444444,0.1388888888888889,0.4722222222222222,0.8055555555555555,0.2234,22.0,4.173181818181818,0.0603921794181805,0.09090909090909091,0.5,0.9090909090909091
27-4099,"Media and communication equipment workers, all other",15.1,15.2,0.6,1.1,67190.0,High school diploma or equivalent,20.7,21.7,5.0,2.1,both_vintages,-4.4,,,,,,,,,,,,,,
29-1011,Chiropractors,57.2,62.6,9.5,2.8,79000.0,Doctoral or professional degree,53.2,58.7,10.4,2.1,both_vintages,-0.9000000000000004,-0.1911757,0.1818181818181818,0.4545454545454546,0.7272727272727273,0.0909090909090909,0.3181818181818182,0.5454545454545454,0.0,11.0,4.585454545454545,0.0200280186846006,0.18181818181818182,0.45454545454545453,0.7272727272727273
29-1021,"Dentists, general",129.8,135.2,4.1,3.9,172790.0,Doctoral or professional degree,127.6,135.4,6.1,4.5,both_vintages,-2.0,-0.1813301,0.05,0.25,0.45,0.15,0.225,0.3,0.0309,20.0,4.2985,0.039131667276066,0.05,0.25,0.45
29-1022,Oral and maxillofacial surgeons,6.1,6.4,4.1,0.2,239200.0,Doctoral or professional degree,6.3,6.6,4.6,0.2,both_vintages,-0.5,-0.2389668,0.0,0.04,0.08,0.0,0.08,0.16,0.0,14.0,4.021428571428571,0.0015406168218923,0.0,0.03571428571428571,0.07142857142857142
29-1023,Orthodontists,5.9,6.2,4.4,0.2,239200.0,Doctoral or professional degree,6.0,6.3,4.5,0.2,both_vintages,-0.09999999999999964,0.1616631,0.0,0.3,0.6000000000000001,0.0,0.2,0.4,0.0,11.0,4.8,0.003902895948794,0.0,0.3,0.6
29-1024,Prosthodontists,0.9,0.9,4.5,0.0,239200.0,Doctoral or professional degree,0.9,1.0,5.1,0.0,both_vintages,-0.5999999999999996,-0.1561403,0.0,0.0454545454545454,0.0909090909090909,0.0,0.0909090909090909,0.1818181818181818,0.0,12.0,4.381666666666667,0.0020541557625231,0.0,0.05,0.1
29-1029,"Dentists, all other specialists",6.6,6.6,0.3,0.2,225770.0,Doctoral or professional degree,5.4,5.4,0.8,0.2,both_vintages,-0.5,,,,,,,,,,,,,,
29-1031,Dietitians and nutritionists,90.9,95.9,5.5,6.2,73850.0,Bachelor's degree,74.7,79.7,6.8,5.6,both_vintages,-1.2999999999999998,1.342809,0.1463414634146341,0.5487804878048781,0.951219512195122,0.2682926829268293,0.4634146341463415,0.6585365853658537,0.1328,28.0,3.498571428571428,0.2606723662641889,0.10714285714285714,0.5178571428571429,0.9285714285714286
29-1041,Optometrists,47.8,51.6,8.0,2.4,134830.0,Doctoral or professional degree,41.4,45.4,9.6,1.7,both_vintages,-1.5999999999999996,0.5040194,0.0,0.3,0.6000000000000001,0.0,0.05,0.1,0.0,10.0,4.642,0.012016811210760401,0.0,0.3,0.6
29-1051,Pharmacists,335.1,350.5,4.6,14.2,137480.0,Doctoral or professional degree,323.5,331.1,2.4,13.6,both_vintages,2.1999999999999997,0.6058705,0.1142857142857142,0.4285714285714285,0.7428571428571429,0.2857142857142857,0.3999999999999999,0.5142857142857142,0.0896,20.0,4.049,0.1446125656816302,0.15,0.45,0.75
29-1071,Physician assistants,162.7,195.8,20.4,12.0,133260.0,Master's degree,139.1,177.5,27.6,12.7,both_vintages,-7.200000000000003,0.1059147,0.0,0.2708333333333333,0.5416666666666666,0.0,0.1101190476190476,0.2202380952380952,0.0,28.0,4.4539285714285715,0.0394397906404446,0.0,0.25,0.5
29-1081,Podiatrists,9.7,9.9,1.8,0.3,152800.0,Doctoral or professional degree,11.0,11.2,2.0,0.3,both_vintages,-0.19999999999999996,0.6279185,0.0,0.2857142857142857,0.5714285714285714,0.1904761904761904,0.2857142857142857,0.3809523809523809,0.0,11.0,4.2309090909090905,0.0,0.0,0.2727272727272727,0.5454545454545454
29-1122,Occupational therapists,160.0,182.1,13.8,10.2,98340.0,Master's degree,133.9,152.5,13.9,10.1,both_vintages,-0.09999999999999964,0.1151615,0.1106060606060606,0.2890151515151515,0.4674242424242424,0.1606060606060606,0.34071969696969695,0.5208333333333334,0.008,38.0,4.158157894736842,0.0526890953087187,0.10810810810810811,0.2972972972972973,0.4864864864864865
29-1123,Physical therapists,267.2,296.4,10.9,13.2,101020.0,Doctoral or professional degree,238.8,279.2,16.9,15.4,both_vintages,-5.999999999999998,-0.3581922,0.0851063829787234,0.1914893617021276,0.2978723404255319,0.1276595744680851,0.3404255319148936,0.5531914893617021,0.0174,24.0,4.27125,0.0492997383005555,0.08333333333333333,0.1875,0.2916666666666667
29-1124,Radiation therapists,19.2,19.6,1.9,0.9,101990.0,Associate's degree,16.4,17.5,6.3,0.8,both_vintages,-4.4,-0.2189393,0.048780487804878,0.2804878048780488,0.5121951219512195,0.024390243902439,0.1707317073170731,0.3170731707317073,0.0,22.0,4.492272727272727,0.0042110193131724,0.045454545454545456,0.2727272727272727,0.5
29-1125,Recreational therapists,16.1,16.6,3.3,1.3,60280.0,Bachelor's degree,17.6,18.2,3.6,1.5,both_vintages,-0.30000000000000027,0.2190109,0.0909090909090909,0.3181818181818182,0.5454545454545454,0.0909090909090909,0.3636363636363636,0.6363636363636364,0.0,11.0,4.443636363636364,0.0050326816181817,0.09090909090909091,0.3181818181818182,0.5454545454545454
29-1126,Respiratory therapists,139.6,156.4,12.1,8.8,80450.0,Associate's degree,135.8,154.2,13.6,9.4,both_vintages,-1.5,-0.1880507,0.0952380952380952,0.2023809523809523,0.3095238095238095,0.0952380952380952,0.1904761904761904,0.2857142857142857,0.0,22.0,4.460909090909091,0.0355368946916505,0.09090909090909091,0.20454545454545456,0.3181818181818182
29-1127,Speech-language pathologists,187.4,215.5,15.0,13.3,95410.0,Master's degree,159.8,193.9,21.3,14.0,both_vintages,-6.300000000000001,1.146267,0.1707317073170731,0.4512195121951219,0.7317073170731707,0.0975609756097561,0.3902439024390244,0.6829268292682927,0.0,23.0,4.336086956521739,0.0138655513970311,0.18181818181818182,0.45454545454545453,0.7272727272727273
29-1128,Exercise physiologists,23.9,26.1,9.5,1.7,58160.0,Bachelor's degree,21.4,23.4,9.1,1.7,both_vintages,0.40000000000000036,-0.0331901,0.04,0.26,0.48,0.28,0.34,0.4,0.0,25.0,4.072,0.108048593108718,0.04,0.26,0.48
29-1129,"Therapists, all other",56.1,62.5,11.5,4.1,65010.0,Bachelor's degree,40.8,45.4,11.2,3.3,both_vintages,0.3000000000000007,,0.0879432624113475,0.3656028368794326,0.6432624113475177,0.125886524822695,0.4095744680851064,0.6932624113475178,0.0402,55.0,4.063454545454546,0.1788142591276403,0.09090909090909091,0.37272727272727274,0.6545454545454545
29-1131,Veterinarians,86.4,94.7,9.6,3.0,125510.0,Doctoral or professional degree,86.3,103.1,19.4,4.8,both_vintages,-9.799999999999999,-0.0749958,0.081081081081081,0.2702702702702703,0.4594594594594595,0.027027027027027,0.2297297297297297,0.4324324324324324,0.0926,21.0,4.175238095238096,0.0321475376834874,0.09523809523809523,0.2857142857142857,0.47619047619047616
29-1141,Registered nurses,3391.0,3557.1,4.9,189.1,93600.0,Bachelor's degree,3130.6,3326.0,6.2,203.2,both_vintages,-1.2999999999999998,0.2294097,0.06948784111345682,0.38019000703729766,0.6908921729611385,0.15837047462663223,0.33498318867776994,0.5115959027289076,0.0595,137.0,4.208540145985402,0.3244539026905321,0.0661764705882353,0.38235294117647056,0.6985294117647058
29-1151,Nurse anesthetists,53.8,58.5,8.6,2.7,223210.0,Master's degree,45.2,50.5,11.8,2.9,both_vintages,-3.200000000000001,0.2413191,0.0,0.1666666666666666,0.3333333333333333,0.0,0.125,0.25,0.0,24.0,4.474166666666666,0.0,0.0,0.16666666666666666,0.3333333333333333
29-1161,Nurse midwives,8.6,9.5,11.1,0.5,128790.0,Master's degree,8.1,8.7,7.5,0.5,both_vintages,3.5999999999999996,0.1966265,0.1951219512195122,0.3902439024390244,0.5853658536585367,0.0975609756097561,0.2926829268292683,0.4878048780487805,0.052,21.0,4.5561904761904755,0.0616246728756944,0.19047619047619047,0.38095238095238093,0.5714285714285714
29-1171,Nurse practitioners,320.4,448.8,40.1,29.5,129210.0,Master's degree,246.7,359.4,45.7,26.8,both_vintages,-5.600000000000001,0.1900572,0.037037037037037,0.4814814814814814,0.9259259259259258,0.074074074074074,0.3148148148148147,0.5555555555555556,0.0944,27.0,4.53,0.0981886454486068,0.037037037037037035,0.48148148148148145,0.9259259259259259
29-1181,Audiologists,15.8,17.3,9.5,0.7,92120.0,Doctoral or professional degree,14.6,16.1,10.4,0.8,both_vintages,-0.9000000000000004,0.6329063,0.1363636363636363,0.4545454545454546,0.7727272727272727,0.2272727272727273,0.4545454545454546,0.6818181818181819,0.0,22.0,4.264545454545455,0.0094491165076063,0.13636363636363635,0.45454545454545453,0.7727272727272727
29-1211,Anesthesiologists,45.3,46.7,3.2,1.3,239200.0,Doctoral or professional degree,34.1,34.5,1.1,1.0,both_vintages,2.1,,0.0,0.25,0.5,0.0588235294117647,0.2941176470588235,0.5294117647058824,0.0,18.0,4.318888888888889,0.0031839414319108,0.0,0.25,0.5
29-1212,Cardiologists,19.4,20.2,4.1,0.6,239200.0,Doctoral or professional degree,20.3,20.9,2.8,0.6,both_vintages,1.2999999999999998,,0.0,0.3461538461538461,0.6923076923076923,0.0769230769230769,0.2307692307692307,0.3846153846153846,,25.0,,0.0160224149476806,0.0,0.34,0.68
29-1213,Dermatologists,10.9,11.6,6.4,0.4,239200.0,Doctoral or professional degree,10.1,10.4,3.1,0.3,both_vintages,3.3000000000000003,,0.0,0.3823529411764705,0.7647058823529411,0.1764705882352941,0.3235294117647059,0.4705882352941176,0.0,18.0,4.286666666666666,0.0,0.0,0.3888888888888889,0.7777777777777778
29-1214,Emergency medicine physicians,36.1,37.1,2.7,1.0,239200.0,Doctoral or professional degree,39.5,40.8,3.3,1.3,both_vintages,-0.5999999999999996,,0.0588235294117647,0.4411764705882353,0.8235294117647058,0.1764705882352941,0.3529411764705882,0.5294117647058824,,17.0,4.762941176470588,0.0,0.058823529411764705,0.4411764705882353,0.8235294117647058
29-1215,Family medicine physicians,116.0,119.1,2.7,3.3,238380.0,Doctoral or professional degree,112.2,115.9,3.3,3.6,both_vintages,-0.5999999999999996,,0.0,0.4375,0.875,0.2083333333333333,0.375,0.5416666666666666,0.0,12.0,4.508333333333334,0.049710569453060204,0.0,0.4583333333333333,0.9166666666666666
29-1216,General internal medicine physicians,73.2,75.6,3.3,2.1,236350.0,Doctoral or professional degree,63.7,65.0,2.0,1.9,both_vintages,1.2999999999999998,,0.0,0.4571428571428571,0.9142857142857144,0.2857142857142857,0.3714285714285714,0.4571428571428571,0.084,19.0,4.106842105263158,0.0588515625962883,0.0,0.4473684210526316,0.8947368421052632
29-1217,Neurologists,8.3,8.8,5.4,0.3,239200.0,Doctoral or professional degree,7.8,8.0,3.0,0.2,both_vintages,2.4000000000000004,,0.0434782608695652,0.4565217391304347,0.8695652173913043,0.1304347826086956,0.3695652173913043,0.6086956521739131,0.0,24.0,4.377916666666667,0.0,0.041666666666666664,0.4375,0.8333333333333334
29-1218,Obstetricians and gynecologists,21.5,21.7,1.2,0.6,239200.0,Doctoral or professional degree,23.6,24.0,1.7,0.7,both_vintages,-0.5,,0.0,0.3928571428571428,0.7857142857142857,0.1785714285714285,0.3035714285714285,0.4285714285714285,0.0685,15.0,4.42,0.0618300884519469,0.0,0.4,0.8
29-1221,"Pediatricians, general",46.4,46.8,0.8,1.2,210130.0,Doctoral or professional degree,36.8,37.2,1.1,1.1,both_vintages,-0.30000000000000004,,0.0,0.4833333333333333,0.9666666666666668,0.2333333333333333,0.3666666666666667,0.5,0.0,17.0,4.201764705882353,0.0403641607335797,0.0,0.47058823529411764,0.9411764705882353
29-1222,"Physicians, pathologists",12.6,13.1,4.2,0.4,239200.0,Doctoral or professional degree,12.1,12.6,4.5,0.4,both_vintages,-0.2999999999999998,,0.0606060606060606,0.4696969696969697,0.8787878787878788,0.0606060606060606,0.3181818181818182,0.5757575757575758,0.1577,19.0,4.099473684210526,0.0355368946916505,0.05263157894736842,0.4473684210526316,0.8421052631578947
29-1223,Psychiatrists,27.1,28.8,6.1,0.9,239200.0,Doctoral or professional degree,27.9,30.3,8.7,1.1,both_vintages,-2.5999999999999996,,0.0869565217391304,0.4782608695652174,0.8695652173913043,0.2608695652173913,0.5217391304347826,0.7826086956521738,0.0,12.0,4.090833333333333,0.0381045893948046,0.08333333333333333,0.4583333333333333,0.8333333333333334
29-1224,Radiologists,28.2,29.0,2.7,0.8,239200.0,Doctoral or professional degree,32.4,33.6,3.7,1.1,both_vintages,-1.0,,0.0,0.4888888888888889,0.977777777777778,0.3111111111111111,0.5111111111111112,0.7111111111111111,0.199,30.0,4.628235294117647,0.1107189955999979,0.0,0.48333333333333334,0.9666666666666667
29-1229,"Physicians, all other",340.7,349.3,2.5,9.6,239200.0,Doctoral or professional degree,280.8,287.5,2.4,8.7,both_vintages,0.10000000000000009,,0.09908655286013772,0.4164495357891584,0.733812518718179,0.11621743036837373,0.3179619646600778,0.5197064989517819,0.0297,101.0,4.239504950495049,0.136087819267159,0.09900990099009901,0.4158415841584158,0.7326732673267327
29-1241,"Ophthalmologists, except pediatric",12.5,13.1,4.3,0.3,239200.0,Doctoral or professional degree,12.0,12.8,6.4,0.4,both_vintages,-2.1000000000000005,,0.0588235294117647,0.4264705882352941,0.7941176470588235,0.1176470588235294,0.3382352941176471,0.5588235294117647,0.0,18.0,4.405555555555555,0.051867433003709607,0.05555555555555555,0.4166666666666667,0.7777777777777778
29-1242,"Orthopedic surgeons, except pediatric",14.7,15.3,4.1,0.4,239200.0,Doctoral or professional degree,16.8,17.3,2.7,0.5,both_vintages,1.3999999999999995,,0.0666666666666666,0.3333333333333333,0.6,0.0666666666666666,0.2333333333333333,0.4,0.0,15.0,,0.0064705906519479,0.06666666666666667,0.3333333333333333,0.6
29-1243,Pediatric surgeons,1.1,1.1,1.5,0.0,239200.0,Doctoral or professional degree,0.9,0.9,2.2,0.0,both_vintages,-0.7000000000000002,,0.1111111111111111,0.3611111111111111,0.611111111111111,0.0555555555555555,0.2222222222222222,0.3888888888888888,0.0,18.0,,0.0041083115250463,0.1111111111111111,0.3611111111111111,0.6111111111111112
29-1249,"Surgeons, all other",25.1,26.0,3.9,0.6,239200.0,Doctoral or professional degree,30.7,31.5,2.6,0.9,both_vintages,1.2999999999999998,,,,,,,,,,,,,,
29-1291,Acupuncturists,15.3,16.4,6.8,0.9,78140.0,Master's degree,23.7,24.6,3.9,1.7,both_vintages,2.9,,0.1666666666666666,0.1666666666666666,0.1666666666666666,0.1666666666666666,0.3055555555555555,0.4444444444444444,0.0,18.0,4.434444444444444,0.0197198953202222,0.16666666666666666,0.16666666666666666,0.16666666666666666
29-1292,Dental hygienists,221.6,237.2,7.0,15.3,94260.0,Associate's degree,214.0,233.1,8.9,16.3,both_vintages,-1.9000000000000004,,0.0625,0.1875,0.3125,0.0,0.09375,0.1875,0.0,16.0,4.2875,0.0095518242957326,0.0625,0.1875,0.3125
29-1299,"Healthcare diagnosing or treating practitioners, all other",41.3,42.2,2.0,2.4,113730.0,Master's degree,33.9,33.9,0.0,2.5,both_vintages,2.0,,0.19631410256410253,0.4963942307692307,0.796474358974359,0.14503205128205127,0.3157051282051282,0.48637820512820507,0.0222,36.0,4.217222222222222,0.059981348265676096,0.2,0.5,0.8
29-2010,Clinical laboratory technologists and technicians,351.2,357.2,1.7,22.6,61890.0,Bachelor's degree,329.2,351.0,6.6,25.6,both_vintages,-4.8999999999999995,,,,,,,,,,,,,,
29-2031,Cardiovascular technologists and technicians,64.7,66.6,3.0,3.8,67260.0,Associate's degree,58.1,60.8,4.6,4.1,both_vintages,-1.5999999999999996,-0.0909526,0.0857142857142857,0.3571428571428571,0.6285714285714286,0.1142857142857142,0.1714285714285714,0.2285714285714285,0.0,21.0,4.497619047619048,0.029785258556585703,0.09523809523809523,0.38095238095238093,0.6666666666666666
29-2032,Diagnostic medical sonographers,90.0,101.7,13.0,5.8,89340.0,Associate's degree,82.3,94.4,14.7,6.0,both_vintages,-1.6999999999999993,-0.264054,0.1052631578947368,0.3026315789473684,0.5,0.131578947368421,0.2894736842105263,0.4473684210526315,0.0,20.0,4.433,0.0016433246100185,0.1,0.3,0.5
29-2033,Nuclear medicine technologists,20.0,20.6,3.0,0.9,97020.0,Associate's degree,18.9,19.2,1.7,1.0,both_vintages,1.3,0.0855276,0.064516129032258,0.2903225806451612,0.5161290322580645,0.1612903225806451,0.2580645161290322,0.3548387096774194,0.0513,17.0,4.554117647058824,0.044986011199257,0.058823529411764705,0.29411764705882354,0.5294117647058824
29-2034,Radiologic technologists and technicians,228.0,237.8,4.3,12.9,77660.0,Associate's degree,222.8,236.9,6.3,13.8,both_vintages,-2.0,-0.5559037,0.0,0.3771929824561403,0.7543859649122806,0.1052631578947368,0.2807017543859649,0.4561403508771929,0.0,30.0,4.567407407407408,0.0091409931432279,0.0,0.39655172413793105,0.7931034482758621
29-2035,Magnetic resonance imaging technologists,44.1,47.2,7.1,2.6,88180.0,Associate's degree,41.2,44.1,7.2,2.8,both_vintages,-0.10000000000000053,-0.0727627,0.0444444444444444,0.3222222222222222,0.6,0.1333333333333333,0.2222222222222222,0.3111111111111111,0.039,24.0,4.4425,0.017254908405194502,0.045454545454545456,0.3409090909090909,0.6363636363636364
29-2036,Medical dosimetrists,4.8,4.9,3.5,0.2,138110.0,Bachelor's degree,2.7,2.8,2.6,0.1,both_vintages,0.8999999999999999,,0.15,0.45,0.75,0.1,0.3,0.5,,19.0,4.165263157894737,0.0,0.15789473684210525,0.47368421052631576,0.7894736842105263
29-2042,Emergency medical technicians,181.0,190.2,5.1,14.1,41340.0,Postsecondary nondegree award,163.4,174.8,7.0,13.9,both_vintages,-1.9000000000000004,,0.1666666666666666,0.2083333333333333,0.25,0.0,0.2083333333333333,0.4166666666666666,0.0,12.0,,0.0023622791269016,0.18181818181818182,0.18181818181818182,0.18181818181818182
29-2043,Paramedics,101.9,107.0,5.0,4.9,58410.0,Postsecondary nondegree award,97.6,104.1,6.6,6.0,both_vintages,-1.5999999999999996,,0.0769230769230769,0.1538461538461538,0.2307692307692307,0.0,0.1923076923076923,0.3846153846153846,0.0,13.0,,0.0023622791269016,0.07692307692307693,0.15384615384615385,0.23076923076923078
29-2051,Dietetic technicians,30.9,31.7,2.5,4.0,37040.0,Associate's degree,22.0,23.0,4.7,2.5,both_vintages,-2.2,-0.1260282,0.1739130434782608,0.5434782608695652,0.9130434782608696,0.0434782608695652,0.4130434782608695,0.7826086956521738,0.2446,13.0,4.229230769230769,0.07169003611205811,0.15384615384615385,0.5384615384615384,0.9230769230769231
29-2052,Pharmacy technicians,490.4,521.8,6.4,49.0,43460.0,High school diploma or equivalent,447.3,469.7,5.0,43.5,both_vintages,1.4000000000000004,0.0070256,0.2941176470588235,0.4264705882352941,0.5588235294117647,0.2352941176470588,0.4264705882352941,0.6176470588235294,0.0735,21.0,4.446666666666666,0.017357616193320602,0.2857142857142857,0.40476190476190477,0.5238095238095238
29-2053,Psychiatric technicians,144.5,173.3,20.0,15.9,42590.0,Postsecondary nondegree award,98.0,108.6,10.9,9.9,both_vintages,9.1,-0.2203484,0.0,0.12,0.24,0.16,0.34,0.52,0.0,16.0,4.24,0.0,0.0,0.14285714285714285,0.2857142857142857
29-2055,Surgical technologists,115.6,120.8,4.5,7.0,62830.0,Postsecondary nondegree award,110.7,117.2,5.9,8.3,both_vintages,-1.4000000000000004,-0.4830476,0.0333333333333333,0.0666666666666666,0.1,0.0,0.0166666666666666,0.0333333333333333,0.0,16.0,4.644375,0.0016433246100185,0.0625,0.09375,0.125
29-2056,Veterinary technologists and technicians,134.2,146.4,9.1,14.3,45980.0,Associate's degree,122.8,146.9,19.6,15.5,both_vintages,-10.500000000000002,-0.3623179,0.0655737704918032,0.1639344262295082,0.2622950819672131,0.0655737704918032,0.1475409836065573,0.2295081967213114,0.0,31.0,4.352258064516128,0.007189545168831,0.06451612903225806,0.16129032258064516,0.25806451612903225
29-2057,Ophthalmic medical technicians,78.8,94.4,19.8,12.5,44080.0,Postsecondary nondegree award,67.2,77.1,14.7,8.7,both_vintages,5.100000000000001,0.078734,0.0526315789473684,0.3289473684210526,0.6052631578947368,0.0263157894736842,0.1052631578947368,0.1842105263157894,0.0,20.0,4.3625,0.0,0.05,0.325,0.6
29-2061,Licensed practical and licensed vocational nurses,651.4,668.5,2.6,54.4,62340.0,Postsecondary nondegree award,657.2,698.5,6.3,58.8,both_vintages,-3.6999999999999997,-0.5137373,0.0789473684210526,0.25,0.4210526315789473,0.0526315789473684,0.25,0.4473684210526315,0.0,22.0,4.185,0.0049299738300555,0.09090909090909091,0.25,0.4090909090909091
29-2072,Medical records specialists,194.8,208.6,7.1,14.2,50250.0,Postsecondary nondegree award,186.4,198.7,6.6,14.9,both_vintages,0.5,,0.2352941176470588,0.6176470588235294,1.0,0.2352941176470588,0.5588235294117647,0.8823529411764706,0.6674,17.0,,0.0614192572994421,0.23529411764705882,0.6176470588235294,1.0
29-2081,"Opticians, dispensing",79.9,82.2,2.9,6.8,46560.0,High school diploma or equivalent,74.8,77.5,3.7,6.7,both_vintages,-0.8000000000000003,0.1013966,0.0952380952380952,0.2857142857142857,0.4761904761904761,0.1428571428571428,0.238095238095238,0.3333333333333333,0.0,21.0,4.458571428571428,0.0,0.09523809523809523,0.2857142857142857,0.47619047619047616
29-2091,Orthotists and prosthetists,10.1,11.5,13.3,0.9,78310.0,Master's degree,11.1,13.0,16.8,1.0,both_vintages,-3.5,0.066577,0.1724137931034483,0.2758620689655172,0.3793103448275862,0.0,0.1896551724137931,0.3793103448275862,0.0,15.0,4.241333333333333,0.0017460323981446,0.2,0.3,0.4
29-2092,Hearing aid specialists,10.7,12.6,18.4,1.0,61560.0,High school diploma or equivalent,11.3,13.1,15.7,1.0,both_vintages,2.6999999999999993,0.5648953,0.0,0.2,0.4,0.0,0.05,0.1,0.0,11.0,4.469090909090909,0.0017460323981446,0.0,0.22727272727272727,0.45454545454545453
29-2099,"Health technologists and technicians, all other",178.8,188.1,5.2,13.6,48790.0,Postsecondary nondegree award,148.0,157.9,6.7,11.8,both_vintages,-1.5,-0.283854,0.06369047619047617,0.41140873015873014,0.7591269841269841,0.15277777777777776,0.27519841269841266,0.3976190476190476,0.0445,60.0,4.246166666666666,0.07549022427272581,0.05,0.39166666666666666,0.7333333333333333
29-9021,Health information technologists and medical registrars,41.9,48.1,14.7,3.2,67310.0,Associate's degree,39.9,46.9,17.4,3.4,both_vintages,-2.6999999999999993,,0.3125,0.65625,1.0,0.3125,0.53125,0.75,0.3063,16.0,,0.045910381292392395,0.3125,0.65625,1.0
29-9091,Athletic trainers,33.9,37.6,11.1,2.4,60250.0,Master's degree,29.4,34.5,17.5,2.5,both_vintages,-6.4,-0.3311363,0.0930232558139534,0.2790697674418604,0.4651162790697674,0.3255813953488372,0.4069767441860465,0.4883720930232558,0.0531,23.0,3.866521739130435,0.0168440772526898,0.13043478260869565,0.30434782608695654,0.4782608695652174
29-9092,Genetic counselors,4.0,4.3,9.3,0.3,98910.0,Master's degree,2.9,3.5,18.2,0.3,both_vintages,-8.899999999999999,1.527667,0.1052631578947368,0.5,0.894736842105263,0.3684210526315789,0.631578947368421,0.894736842105263,0.0123,19.0,4.189473684210526,0.08925306788163101,0.10526315789473684,0.5,0.8947368421052632
29-9093,Surgical assistants,25.3,26.6,5.1,1.6,60290.0,Postsecondary nondegree award,18.0,19.2,6.4,1.3,both_vintages,-1.3000000000000007,,0.0,0.0392156862745098,0.0784313725490196,0.0,0.0392156862745098,0.0784313725490196,0.0,28.0,4.3525,0.0,0.0,0.03571428571428571,0.07142857142857142
29-9099,"Healthcare practitioners and technical workers, all other",41.7,43.1,3.6,2.6,64030.0,Postsecondary nondegree award,46.6,49.2,5.7,3.3,both_vintages,-2.1,0.2295568,0.1571428571428571,0.3785714285714285,0.6,0.1,0.25,0.3999999999999999,0.0,36.0,4.206388888888889,0.0512511862749526,0.16666666666666666,0.3888888888888889,0.6111111111111112
31-1120,Home health and personal care aides,4347.7,5087.5,17.0,765.8,34900.0,High school diploma or equivalent,3636.9,4560.9,25.4,711.7,both_vintages,-8.399999999999999,,,,,,,,,,,,,,
31-1131,Nursing assistants,1441.5,1474.0,2.3,204.1,39530.0,Postsecondary nondegree award,1343.7,1406.4,4.7,212.7,both_vintages,-2.4000000000000004,,0.0508474576271186,0.1016949152542373,0.1525423728813559,0.0338983050847457,0.135593220338983,0.2372881355932203,0.0,33.0,4.266666666666667,0.0077030841094617,0.06060606060606061,0.10606060606060606,0.15151515151515152
31-1132,Orderlies,54.0,55.8,3.3,7.8,37700.0,High school diploma or equivalent,46.2,48.3,4.7,7.5,both_vintages,-1.4000000000000004,,0.0,0.0,0.0,0.0,0.046875,0.09375,0.0,22.0,4.123181818181818,0.0,0.0,0.0,0.0
31-1133,Psychiatric aides,38.5,38.3,-0.4,5.3,41590.0,High school diploma or equivalent,41.0,42.9,4.6,6.7,both_vintages,-5.0,,0.125,0.125,0.125,0.0,0.125,0.25,0.0,17.0,4.208235294117648,0.0038001881606677,0.2,0.2,0.2
31-2011,Occupational therapy assistants,49.2,58.7,19.2,7.2,68340.0,Associate's degree,43.4,54.5,25.4,8.7,both_vintages,-6.199999999999999,-0.3153762,0.1860465116279069,0.2674418604651162,0.3488372093023256,0.1395348837209302,0.2325581395348837,0.3255813953488372,0.0,22.0,4.462727272727272,0.0190009408033392,0.19047619047619047,0.2857142857142857,0.38095238095238093
31-2012,Occupational therapy aides,5.2,5.3,2.5,0.6,37370.0,High school diploma or equivalent,3.5,4.0,13.6,0.6,both_vintages,-11.1,-0.7734322,0.2222222222222222,0.2407407407407407,0.2592592592592592,0.0,0.074074074074074,0.1481481481481481,0.0661,15.0,4.003333333333333,0.0017460323981446,0.21428571428571427,0.25,0.2857142857142857
31-2021,Physical therapist assistants,111.5,136.0,22.0,19.8,65510.0,Associate's degree,96.5,122.1,26.5,17.9,both_vintages,-4.5,-0.5308535,0.1025641025641025,0.1538461538461538,0.2051282051282051,0.0,0.1025641025641025,0.2051282051282051,0.0,21.0,4.143809523809524,0.0,0.09523809523809523,0.14285714285714285,0.19047619047619047
31-2022,Physical therapist aides,45.6,46.9,2.8,6.6,34520.0,High school diploma or equivalent,44.2,52.6,18.8,7.6,both_vintages,-16.0,-0.8823265,0.1212121212121212,0.1818181818181818,0.2424242424242424,0.0606060606060606,0.1515151515151515,0.2424242424242424,0.0,19.0,4.0063157894736845,0.0,0.10526315789473684,0.15789473684210525,0.21052631578947367
31-9011,Massage therapists,168.0,193.9,15.4,24.7,57950.0,Postsecondary nondegree award,149.9,179.9,20.0,25.2,both_vintages,-4.6,-1.410233,0.074074074074074,0.074074074074074,0.074074074074074,0.074074074074074,0.1851851851851851,0.2962962962962963,0.0,14.0,3.965,0.026704024912801,0.07142857142857142,0.07142857142857142,0.07142857142857142
31-9091,Dental assistants,381.9,406.3,6.4,52.9,47300.0,Postsecondary nondegree award,358.6,388.7,8.4,56.4,both_vintages,-2.0,-0.5268759,0.1333333333333333,0.2666666666666666,0.4,0.0,0.1,0.2,0.0,16.0,4.30625,0.0,0.125,0.25,0.375
31-9092,Medical assistants,811.0,912.2,12.5,112.3,44200.0,Postsecondary nondegree award,743.5,861.3,15.8,123.0,both_vintages,-3.3000000000000007,0.1497917,0.1794871794871795,0.358974358974359,0.5384615384615384,0.0512820512820512,0.141025641025641,0.2307692307692307,0.0476,20.0,4.4079999999999995,0.0049299738300555,0.2,0.375,0.55
31-9093,Medical equipment preparers,76.5,84.2,10.0,10.9,46490.0,High school diploma or equivalent,62.6,66.4,6.0,9.5,both_vintages,4.0,-0.7308648,0.074074074074074,0.1111111111111111,0.1481481481481481,0.0,0.037037037037037,0.074074074074074,0.0,15.0,4.469333333333333,0.0,0.06666666666666667,0.1,0.13333333333333333
31-9094,Medical transcriptionists,43.9,41.8,-4.9,7.4,37550.0,Postsecondary nondegree award,59.6,55.7,-6.5,9.3,both_vintages,1.5999999999999996,1.06259,0.8214285714285714,0.875,0.9285714285714284,0.1428571428571428,0.2321428571428571,0.3214285714285714,0.6365,15.0,4.559333333333333,0.0818581071365476,0.8,0.8666666666666667,0.9333333333333333
31-9095,Pharmacy aides,41.1,41.1,-0.1,6.1,37000.0,High school diploma or equivalent,44.6,43.3,-2.9,7.5,both_vintages,2.8,-0.1552654,0.24,0.38,0.52,0.08,0.14,0.2,0.022,14.0,4.148571428571429,0.0034920647962892,0.2857142857142857,0.42857142857142855,0.5714285714285714
31-9096,Veterinary assistants and laboratory animal caretakers,117.8,128.1,8.7,22.2,37320.0,High school diploma or equivalent,103.5,123.5,19.4,23.9,both_vintages,-10.7,-0.7735824,0.1111111111111111,0.2222222222222222,0.3333333333333333,0.1481481481481481,0.1481481481481481,0.1481481481481481,0.0179,28.0,4.205357142857143,0.036563972572912204,0.10714285714285714,0.21428571428571427,0.32142857142857145
31-9097,Phlebotomists,139.7,147.5,5.6,18.4,43660.0,Postsecondary nondegree award,135.5,149.4,10.2,21.5,both_vintages,-4.6,-0.2778475,0.1463414634146341,0.1829268292682926,0.2195121951219512,0.048780487804878,0.1097560975609756,0.1707317073170731,0.0,23.0,4.449565217391305,0.0048272660419294,0.13043478260869565,0.17391304347826086,0.21739130434782608
31-9099,"Healthcare support workers, all other",109.7,113.5,3.5,14.4,46050.0,High school diploma or equivalent,112.6,120.0,6.6,17.2,both_vintages,-3.0999999999999996,0.1660077,0.1995614035087719,0.3651315789473684,0.5307017543859648,0.0526315789473684,0.1052631578947368,0.15789473684210525,0.0,23.0,4.367826086956521,0.0225957133877547,0.17391304347826086,0.32608695652173914,0.4782608695652174
33-1011,First-line supervisors of correctional officers,57.1,55.5,-2.8,4.3,76310.0,High school diploma or equivalent,55.9,52.6,-5.9,4.3,both_vintages,3.1000000000000005,-0.5584278,0.217391304347826,0.2826086956521739,0.3478260869565217,0.217391304347826,0.2826086956521739,0.3478260869565217,0.0315,23.0,4.301304347826087,0.0016433246100185,0.21739130434782608,0.2826086956521739,0.34782608695652173
33-1012,First-line supervisors of police and detectives,160.8,165.4,2.9,10.9,105980.0,High school diploma or equivalent,132.3,136.1,2.8,9.3,both_vintages,0.10000000000000009,-0.1923298,0.1052631578947368,0.3289473684210526,0.5526315789473684,0.1578947368421052,0.3552631578947368,0.5526315789473684,0.0,20.0,3.864,0.0022595713387754,0.1,0.325,0.55
33-1021,First-line supervisors of firefighting and prevention workers,97.2,100.5,3.4,6.5,92430.0,Postsecondary nondegree award,82.8,86.1,4.1,6.5,both_vintages,-0.6999999999999997,-0.593021,0.2264150943396226,0.4150943396226415,0.6037735849056604,0.320754716981132,0.4056603773584905,0.490566037735849,0.0,30.0,4.1196,0.0015406168218923,0.23333333333333334,0.43333333333333335,0.6333333333333333
33-1091,First-line supervisors of security workers,71.9,73.8,2.7,7.0,58610.0,High school diploma or equivalent,57.5,57.9,0.6,5.6,both_vintages,2.1,,0.238095238095238,0.4047619047619047,0.5714285714285714,0.1428571428571428,0.2619047619047618,0.3809523809523809,,21.0,4.4504761904761905,0.0,0.23809523809523808,0.40476190476190477,0.5714285714285714
33-1099,"First-line supervisors of protective service workers, all other",21.5,21.8,1.6,2.1,74960.0,High school diploma or equivalent,24.9,26.3,5.8,2.6,both_vintages,-4.199999999999999,,,,,,,,,,,,,,
33-2011,Firefighters,344.9,356.7,3.4,27.1,59530.0,Postsecondary nondegree award,326.1,340.0,4.3,28.0,both_vintages,-0.8999999999999999,-1.320232,0.1052631578947368,0.1403508771929824,0.175438596491228,0.0701754385964912,0.087719298245614,0.1052631578947368,0.0,30.0,4.357777777777778,0.0,0.10714285714285714,0.14285714285714285,0.17857142857142858
33-2021,Fire inspectors and investigators,14.7,15.2,3.8,1.5,78060.0,Postsecondary nondegree award,15.5,15.9,3.1,1.5,both_vintages,0.6999999999999997,0.062793,0.1346153846153846,0.2884615384615385,0.4423076923076923,0.25,0.3846153846153846,0.5192307692307693,0.0,30.0,4.332333333333334,0.0,0.13333333333333333,0.2833333333333333,0.43333333333333335
33-2022,Forest fire inspectors and prevention specialists,2.9,3.3,14.6,0.3,52380.0,High school diploma or equivalent,2.9,3.4,19.4,0.3,both_vintages,-4.799999999999999,-0.2144127,0.125,0.21875,0.3125,0.25,0.375,0.5,0.0,16.0,3.97875,0.0,0.125,0.21875,0.3125
33-3011,Bailiffs,19.0,18.6,-2.2,1.8,57050.0,High school diploma or equivalent,16.8,16.2,-3.8,2.1,both_vintages,1.5999999999999996,-0.5103183,0.0357142857142857,0.0357142857142857,0.0357142857142857,0.0714285714285714,0.1607142857142857,0.25,0.0,15.0,4.234,0.0,0.06666666666666667,0.06666666666666667,0.06666666666666667
33-3012,Correctional officers and jailers,387.5,357.4,-7.8,30.1,57970.0,High school diploma or equivalent,402.2,360.6,-10.3,31.2,both_vintages,2.500000000000001,-0.8875365,0.2272727272727273,0.2613636363636363,0.2954545454545454,0.1136363636363636,0.2386363636363636,0.3636363636363636,0.0,27.0,4.1866666666666665,0.0,0.19230769230769232,0.25,0.3076923076923077
33-3021,Detectives and criminal investigators,117.9,117.1,-0.7,7.8,93580.0,High school diploma or equivalent,112.9,112.0,-0.7,8.8,both_vintages,0.0,0.2257696,0.0883861236802413,0.397410759175465,0.7064353946706888,0.07727501256913016,0.3477375565610859,0.6182001005530418,0.0374,67.0,4.146268656716418,0.056283867893134,0.09375,0.390625,0.6875
33-3031,Fish and game wardens,7.0,6.6,-6.0,0.5,68180.0,Bachelor's degree,6.9,6.7,-3.5,0.7,both_vintages,-2.5,-0.4585168,0.0909090909090909,0.2840909090909091,0.4772727272727273,0.0454545454545454,0.1590909090909091,0.2727272727272727,0.0,24.0,3.8266666666666667,0.009140993143228,0.08333333333333333,0.2708333333333333,0.4583333333333333
33-3041,Parking enforcement workers,8.4,8.2,-1.5,0.7,47150.0,High school diploma or equivalent,8.6,5.4,-37.1,0.4,both_vintages,35.6,-0.6239931,0.1794871794871795,0.3205128205128205,0.4615384615384615,0.1025641025641025,0.3205128205128205,0.5384615384615384,0.0,22.0,3.929090909090909,0.001951447974397,0.18181818181818182,0.3181818181818182,0.45454545454545453
33-3051,Police and sheriff's patrol officers,698.8,720.8,3.1,53.7,76290.0,High school diploma or equivalent,684.9,706.4,3.1,58.7,both_vintages,0.0,-0.6681123,0.1773399014778325,0.35119047619047616,0.5250410509031198,0.1165845648604269,0.24733169129720844,0.3780788177339901,0.1234,41.0,4.150487804878049,0.0995238466942468,0.125,0.3125,0.5
33-3052,Transit and railroad police,3.1,3.2,3.0,0.2,82320.0,High school diploma or equivalent,3.5,3.6,3.2,0.3,both_vintages,-0.20000000000000018,-0.8205515,0.0833333333333333,0.2499999999999999,0.4166666666666666,0.25,0.4375,0.625,0.0,12.0,3.9508333333333336,0.0017460323981446,0.08333333333333333,0.25,0.4166666666666667
33-9011,Animal control workers,12.2,12.7,3.9,1.3,45830.0,High school diploma or equivalent,11.9,12.5,4.8,1.0,both_vintages,-0.8999999999999999,-0.5946321,0.2666666666666666,0.35,0.4333333333333333,0.0,0.1333333333333333,0.2666666666666666,0.0,16.0,4.380625,0.0050326816181817,0.25,0.34375,0.4375
33-9021,Private detectives and investigators,43.6,46.2,6.0,3.9,52370.0,High school diploma or equivalent,37.0,39.1,5.6,3.7,both_vintages,0.40000000000000036,0.7483108,0.074074074074074,0.3888888888888888,0.7037037037037037,0.2222222222222222,0.3888888888888888,0.5555555555555556,0.0,14.0,4.187142857142857,0.0092437009313541,0.07142857142857142,0.42857142857142855,0.7857142857142857
33-9031,Gambling surveillance officers and gambling investigators,10.3,10.3,0.3,1.3,43900.0,High school diploma or equivalent,9.5,10.3,8.5,1.4,both_vintages,-8.2,0.7283933,0.25,0.4375,0.625,0.0,0.3125,0.625,0.0,8.0,4.6075,0.0,0.25,0.4375,0.625
33-9032,Security guards,1262.1,1267.1,0.4,161.0,38370.0,High school diploma or equivalent,1077.7,1114.9,3.4,154.5,both_vintages,-3.0,-0.3908421,0.1666666666666666,0.1666666666666666,0.1666666666666666,0.1666666666666666,0.2499999999999999,0.3333333333333333,0.0,14.0,4.406428571428571,0.0063678828638217,0.14285714285714285,0.14285714285714285,0.14285714285714285
33-9091,Crossing guards and flaggers,91.4,94.7,3.6,18.0,37700.0,No formal educational credential,85.1,92.9,9.2,20.0,both_vintages,-5.6,-0.5699511,0.0526315789473684,0.1052631578947368,0.1578947368421052,0.0,0.2631578947368421,0.5263157894736842,0.0,12.0,4.285833333333334,0.0029785258556585,0.08333333333333333,0.125,0.16666666666666666
33-9092,"Lifeguards, ski patrol, and other recreational protective service workers",149.7,158.4,5.8,42.7,33720.0,No formal educational credential,120.8,140.7,16.4,36.2,both_vintages,-10.599999999999998,-0.4718385,0.08,0.08,0.08,0.08,0.16,0.24,0.0,15.0,4.101333333333333,0.0020541557625231,0.06666666666666667,0.06666666666666667,0.06666666666666667
33-9093,Transportation security screeners,50.1,47.1,-6.0,4.7,63360.0,High school diploma or equivalent,51.6,50.9,-1.4,4.6,both_vintages,-4.6,-0.5068558,0.0,0.26,0.52,0.04,0.23,0.42,0.0,26.0,4.3076923076923075,0.0062651750756956,0.0,0.2692307692307692,0.5384615384615384
33-9094,School bus monitors,71.4,69.5,-2.7,12.6,34980.0,High school diploma or equivalent,53.5,57.1,6.7,11.6,both_vintages,-9.4,,0.1666666666666666,0.1666666666666666,0.1666666666666666,0.0,0.1944444444444444,0.3888888888888888,,18.0,,0.0,0.17647058823529413,0.17647058823529413,0.17647058823529413
33-9099,"Protective service workers, all other",84.0,86.1,2.5,23.3,41600.0,High school diploma or equivalent,101.3,107.2,5.8,27.9,both_vintages,-3.3,0.0764088,0.0975609756097561,0.3780487804878049,0.6585365853658537,0.1463414634146341,0.3414634146341463,0.5365853658536586,0.0571,21.0,4.3100000000000005,0.022287590023376103,0.09523809523809523,0.38095238095238093,0.6666666666666666
35-1011,Chefs and head cooks,197.3,211.3,7.1,24.4,60990.0,High school diploma or equivalent,152.8,176.3,15.4,24.3,both_vintages,-8.3,-0.2676433,0.0952380952380952,0.2619047619047618,0.4285714285714285,0.1428571428571428,0.2619047619047618,0.3809523809523809,0.0,21.0,3.985238095238095,0.0192063563795912,0.09523809523809523,0.2619047619047619,0.42857142857142855
35-1012,First-line supervisors of food preparation and serving workers,1215.0,1288.0,6.0,183.9,42010.0,High school diploma or equivalent,1093.1,1238.7,13.3,196.7,both_vintages,-7.300000000000001,-0.2575492,0.2222222222222222,0.5111111111111112,0.8,0.0444444444444444,0.2555555555555555,0.4666666666666667,0.0564,26.0,4.010769230769231,0.0032866492200369,0.19230769230769232,0.5,0.8076923076923077
35-2011,"Cooks, fast food",669.5,579.2,-13.5,82.1,30160.0,No formal educational credential,792.3,723.2,-8.7,109.4,both_vintages,-4.800000000000001,-0.7131837,0.0,0.0,0.0,0.0,0.0263157894736842,0.0526315789473684,0.0,19.0,4.5405263157894735,0.024957992514656302,0.0,0.0,0.0
35-2012,"Cooks, institution and cafeteria",466.1,475.4,2.0,69.7,36450.0,No formal educational credential,410.1,436.0,6.3,67.5,both_vintages,-4.3,-0.6360813,0.0344827586206896,0.1206896551724137,0.2068965517241379,0.0344827586206896,0.0862068965517241,0.1379310344827586,0.0,17.0,4.3623529411764705,0.0036974803725416,0.058823529411764705,0.17647058823529413,0.29411764705882354
35-2013,"Cooks, private household",34.2,36.0,5.1,5.3,44530.0,Postsecondary nondegree award,41.4,40.7,-1.7,6.2,both_vintages,6.8,-0.7867444,0.16,0.24,0.32,0.16,0.28,0.4,0.0,13.0,4.083846153846154,0.0062651750756955,0.15384615384615385,0.23076923076923078,0.3076923076923077
35-2014,"Cooks, restaurant",1460.2,1677.2,14.9,250.7,36830.0,No formal educational credential,1255.6,1715.6,36.6,274.0,both_vintages,-21.700000000000003,-0.7418264,0.027027027027027,0.0945945945945946,0.1621621621621621,0.081081081081081,0.1216216216216216,0.1621621621621621,0.0116,20.0,4.257,0.084631217415954,0.05,0.125,0.2
35-2015,"Cooks, short order",151.1,142.7,-5.6,20.6,35620.0,No formal educational credential,129.8,131.1,1.0,20.1,both_vintages,-6.6,-0.5933817,0.0,0.0,0.0,0.0,0.0,0.0,0.0,11.0,4.344545454545455,0.0047245582538032,0.0,0.0,0.0
35-2019,"Cooks, all other",24.0,25.3,5.5,3.7,36210.0,No formal educational credential,19.5,21.4,9.7,3.3,both_vintages,-4.199999999999999,,,,,,,,,,,,,,
35-2021,Food preparation workers,902.7,871.8,-3.4,148.0,34220.0,No formal educational credential,817.4,835.1,2.2,145.8,both_vintages,-5.6,-1.226416,0.0185185185185185,0.037037037037037,0.0555555555555555,0.0,0.0462962962962962,0.0925925925925925,0.0,31.0,4.230645161290322,0.0222875900233762,0.03225806451612903,0.04838709677419355,0.06451612903225806
35-3011,Bartenders,756.7,801.5,5.9,129.6,33530.0,No formal educational credential,514.0,606.0,17.9,105.3,both_vintages,-11.999999999999998,-0.6159883,0.1111111111111111,0.1944444444444444,0.2777777777777778,0.0833333333333333,0.1388888888888889,0.1944444444444444,0.0,20.0,4.277,0.015714291583301898,0.1,0.2,0.3
35-3023,Fast food and counter workers,3796.0,4029.2,6.1,904.3,30480.0,No formal educational credential,3195.6,3438.8,7.6,741.4,both_vintages,-1.5,,0.06304824561403505,0.0970394736842105,0.13103070175438591,0.08936403508771926,0.1154057017543859,0.1414473684210526,0.0,46.0,4.075,0.0114005644820034,0.06521739130434782,0.09782608695652174,0.13043478260869565
35-3031,Waiters and waitresses,2329.7,2313.5,-0.7,456.7,33760.0,No formal educational credential,1904.4,2101.4,10.3,425.8,both_vintages,-11.0,-0.9481003,0.0816326530612244,0.183673469387755,0.2857142857142857,0.2040816326530612,0.2244897959183673,0.2448979591836734,0.0,25.0,4.341600000000001,0.0084220386263448,0.08,0.18,0.28
35-3041,"Food servers, nonrestaurant",277.2,285.3,3.0,48.0,34460.0,No formal educational credential,247.5,264.8,7.0,42.4,both_vintages,-4.0,-0.7270206,0.074074074074074,0.1296296296296296,0.1851851851851851,0.0,0.1111111111111111,0.2222222222222222,0.0,14.0,4.506428571428572,0.0067787140163264,0.07142857142857142,0.14285714285714285,0.21428571428571427
35-9011,Dining room and cafeteria attendants and bartender helpers,527.4,560.6,6.3,99.6,32670.0,No formal educational credential,355.2,415.1,16.9,76.1,both_vintages,-10.599999999999998,-1.927078,0.0,0.0,0.0,0.0,0.0,0.0,0.0,23.0,4.17,0.0,0.0,0.0,0.0
35-9021,Dishwashers,477.7,478.6,0.2,76.8,33670.0,No formal educational credential,398.2,437.6,9.9,74.8,both_vintages,-9.700000000000001,-1.738612,0.0,0.0,0.0,0.0,0.0,0.0,0.0,13.0,3.873076923076923,0.0,0.0,0.0,0.0
35-9031,"Hosts and hostesses, restaurant, lounge, and coffee shop",429.9,423.5,-1.5,107.7,30380.0,No formal educational credential,347.7,400.3,15.1,95.2,both_vintages,-16.6,-0.0565477,0.0571428571428571,0.2285714285714285,0.3999999999999999,0.1999999999999999,0.3285714285714285,0.4571428571428571,0.0734,20.0,4.093,0.0095518242957326,0.05,0.225,0.4
35-9099,"Food preparation and serving related workers, all other",90.5,96.3,6.4,14.6,34830.0,No formal educational credential,87.3,99.5,14.1,22.5,both_vintages,-7.699999999999999,,,,,,,,,,,,,,
37-1011,First-line supervisors of housekeeping and janitorial workers,269.8,276.4,2.5,33.0,47520.0,High school diploma or equivalent,253.0,266.7,5.4,31.1,both_vintages,-2.9000000000000004,-0.5854128,0.1632653061224489,0.2653061224489795,0.3673469387755101,0.0816326530612244,0.2551020408163265,0.4285714285714285,0.0436,26.0,4.137307692307692,0.0586461470200361,0.15384615384615385,0.2692307692307692,0.38461538461538464
37-1012,"First-line supervisors of landscaping, lawn service, and groundskeeping workers",224.7,230.0,2.3,23.2,56170.0,High school diploma or equivalent,217.6,224.7,3.3,23.6,both_vintages,-1.0,-0.5548871,0.1454545454545454,0.3545454545454545,0.5636363636363636,0.0727272727272727,0.2454545454545454,0.4181818181818181,0.1083,28.0,3.858571428571429,0.0700467115020397,0.14285714285714285,0.35714285714285715,0.5714285714285714
37-2011,"Janitors and cleaners, except maids and housekeeping cleaners",2447.7,2495.5,2.0,351.3,35930.0,No formal educational credential,2298.4,2383.9,3.7,335.5,both_vintages,-1.7000000000000002,-1.436201,0.0,0.0,0.0,0.0,0.0277777777777777,0.0555555555555555,0.0,21.0,3.6966666666666663,0.0,0.0,0.0,0.0
37-2012,Maids and housekeeping cleaners,1356.8,1362.8,0.4,193.5,34660.0,No formal educational credential,1237.4,1353.8,9.4,193.5,both_vintages,-9.0,-1.480657,0.0,0.0,0.0,0.0588235294117647,0.0588235294117647,0.0588235294117647,0.0,20.0,3.9939999999999998,0.0,0.0,0.0,0.0
37-2019,"Building cleaning workers, all other",18.1,18.5,2.5,2.6,42360.0,No formal educational credential,19.1,19.7,3.3,2.8,both_vintages,-0.7999999999999998,,,,,,,,,,,,,,
37-2021,Pest control workers,102.4,107.5,4.9,13.4,44730.0,High school diploma or equivalent,90.6,96.7,6.8,13.3,both_vintages,-1.8999999999999995,-0.7255374,0.1666666666666666,0.25,0.3333333333333333,0.0833333333333333,0.2291666666666666,0.375,0.046,13.0,3.896153846153846,0.0020541557625231,0.15384615384615385,0.23076923076923078,0.3076923076923077
37-3011,Landscaping and groundskeeping workers,1192.5,1235.0,3.6,158.2,38090.0,No formal educational credential,1191.6,1248.5,4.8,164.5,both_vintages,-1.1999999999999997,-1.824293,0.0,0.024390243902439,0.048780487804878,0.0,0.024390243902439,0.048780487804878,0.0,26.0,3.5384615384615383,0.0022595713387754,0.0,0.019230769230769232,0.038461538461538464
37-3012,"Pesticide handlers, sprayers, and applicators, vegetation",29.6,30.7,3.8,4.1,45200.0,High school diploma or equivalent,27.6,29.2,5.8,3.8,both_vintages,-2.0,-0.8847935,0.0,0.0555555555555555,0.1111111111111111,0.0555555555555555,0.0555555555555555,0.0555555555555555,0.0,10.0,4.029,0.0,0.0,0.05,0.1
37-3013,Tree trimmers and pruners,60.1,62.1,3.3,7.4,50430.0,High school diploma or equivalent,63.7,65.9,3.4,9.1,both_vintages,-0.10000000000000009,-1.727035,0.048780487804878,0.0609756097560975,0.073170731707317,0.0,0.0609756097560975,0.1219512195121951,0.0,24.0,3.813333333333333,0.0122222267870128,0.041666666666666664,0.0625,0.08333333333333333
37-3019,"Grounds maintenance workers, all other",14.1,14.5,2.4,1.9,43410.0,No formal educational credential,16.1,16.8,4.5,2.2,both_vintages,-2.1,,,,,,,,,,,,,,
39-1013,First-line supervisors of gambling services workers,32.5,33.1,2.0,3.3,61590.0,High school diploma or equivalent,26.4,30.4,15.0,3.8,both_vintages,-13.0,,0.3076923076923077,0.4326923076923077,0.5576923076923077,0.173076923076923,0.3365384615384615,0.5,0.0,30.0,4.26,0.0230065445402594,0.3,0.45,0.6
39-1014,"First-line supervisors of entertainment and recreation workers, except gambling services",123.3,131.1,6.3,13.4,46900.0,High school diploma or equivalent,97.6,112.0,14.8,14.2,both_vintages,-8.5,,0.1578947368421052,0.3684210526315789,0.5789473684210527,0.2631578947368421,0.3421052631578947,0.4210526315789473,0.0443,19.0,,0.016022414947680502,0.15789473684210525,0.3684210526315789,0.5789473684210527
39-1022,First-line supervisors of personal service workers,149.1,159.1,6.7,16.3,47080.0,High school diploma or equivalent,156.5,176.8,13.0,22.3,both_vintages,-6.3,,0.1034482758620689,0.4137931034482758,0.7241379310344828,0.2413793103448275,0.3620689655172414,0.4827586206896551,0.0407,17.0,4.08,0.0072922529569571,0.11764705882352941,0.4411764705882353,0.7647058823529411
39-2011,Animal trainers,47.3,49.8,5.1,7.1,38750.0,High school diploma or equivalent,52.9,67.2,27.1,10.6,both_vintages,-22.0,-0.9167759,0.0689655172413793,0.1034482758620689,0.1379310344827586,0.1379310344827586,0.1379310344827586,0.1379310344827586,0.0,15.0,4.217333333333333,0.0015406168218923,0.06666666666666667,0.1,0.13333333333333333
39-2021,Animal caretakers,392.1,439.6,12.1,74.6,33470.0,High school diploma or equivalent,290.7,377.6,29.9,70.4,both_vintages,-17.799999999999997,-0.8890408,0.1818181818181818,0.2727272727272727,0.3636363636363636,0.1515151515151515,0.1818181818181818,0.2121212121212121,0.0,22.0,4.084090909090909,0.0034920647962893,0.13636363636363635,0.22727272727272727,0.3181818181818182
39-3011,Gambling dealers,88.7,88.1,-0.6,14.1,33280.0,High school diploma or equivalent,68.5,81.6,19.2,14.1,both_vintages,-19.8,0.0605832,0.1351351351351351,0.1351351351351351,0.1351351351351351,0.1081081081081081,0.1486486486486486,0.1891891891891892,0.0,21.0,4.567142857142857,0.0,0.14285714285714285,0.14285714285714285,0.14285714285714285
39-3012,Gambling and sports book writers and runners,8.2,7.7,-6.1,1.2,30460.0,High school diploma or equivalent,8.0,8.1,0.9,1.4,both_vintages,-7.0,0.4652752,0.2307692307692307,0.2692307692307693,0.3076923076923077,0.0769230769230769,0.2307692307692307,0.3846153846153846,0.0,18.0,4.351111111111111,0.0,0.2777777777777778,0.3055555555555556,0.3333333333333333
39-3019,"Gambling service workers, all other",16.1,16.0,-0.6,2.6,34530.0,High school diploma or equivalent,11.6,13.9,19.2,2.4,both_vintages,-19.8,,,,,,,,,,,,,,
39-3021,Motion picture projectionists,2.0,2.0,-3.7,0.5,38180.0,No formal educational credential,2.0,2.8,40.3,0.7,both_vintages,-44.0,-0.3786598,0.0909090909090909,0.1818181818181818,0.2727272727272727,0.0,0.0757575757575757,0.1515151515151515,0.0,17.0,4.003529411764706,0.0,0.11764705882352941,0.20588235294117646,0.29411764705882354
39-3031,"Ushers, lobby attendants, and ticket takers",121.7,123.1,1.2,30.8,31150.0,No formal educational credential,63.2,88.8,40.5,24.1,both_vintages,-39.3,-0.2420959,0.1142857142857142,0.1428571428571428,0.1714285714285714,0.1428571428571428,0.1999999999999999,0.2571428571428571,0.0,23.0,3.8317391304347823,0.015303460430797501,0.13043478260869565,0.15217391304347827,0.17391304347826086
39-3091,Amusement and recreation attendants,392.3,405.5,3.4,102.4,30490.0,No formal educational credential,286.5,324.9,13.4,84.8,both_vintages,-10.0,-0.5246153,0.1923076923076923,0.2115384615384615,0.2307692307692307,0.3076923076923077,0.3653846153846154,0.4230769230769231,0.0619,17.0,3.5011764705882356,0.0183846940745822,0.17647058823529413,0.20588235294117646,0.23529411764705882
39-3092,Costume attendants,6.7,7.1,5.9,1.8,54810.0,High school diploma or equivalent,3.9,4.6,18.9,1.2,both_vintages,-12.999999999999998,-0.4533608,0.1111111111111111,0.2638888888888889,0.4166666666666666,0.0,0.2361111111111111,0.4722222222222222,0.0,21.0,3.552380952380952,0.0135574280326527,0.09523809523809523,0.23809523809523808,0.38095238095238093
39-3093,"Locker room, coatroom, and dressing room attendants",15.6,16.6,6.4,4.2,34800.0,High school diploma or equivalent,10.5,12.0,13.5,3.1,both_vintages,-7.1,-0.3454376,0.064516129032258,0.064516129032258,0.064516129032258,0.064516129032258,0.1451612903225806,0.2258064516129032,0.0,23.0,3.9460869565217394,0.015611583795176,0.043478260869565216,0.043478260869565216,0.043478260869565216
39-3099,"Entertainment attendants and related workers, all other",8.5,8.8,3.6,2.2,34550.0,High school diploma or equivalent,4.7,5.8,23.2,1.5,both_vintages,-19.599999999999998,,,,,,,,,,,,,,
39-4011,Embalmers,3.6,3.7,1.3,0.6,56280.0,Associate's degree,4.3,4.4,3.5,0.7,both_vintages,-2.2,-0.7311451,0.04,0.04,0.04,0.0,0.04,0.08,0.0,26.0,4.3769230769230765,0.0,0.038461538461538464,0.038461538461538464,0.038461538461538464
39-4012,Crematory operators,3.1,3.2,3.3,0.6,42880.0,High school diploma or equivalent,2.1,2.3,8.6,0.4,both_vintages,-5.3,,0.0,0.0416666666666666,0.0833333333333333,0.0,0.125,0.25,,12.0,,0.0115032722701297,0.0,0.041666666666666664,0.08333333333333333
39-4021,Funeral attendants,32.5,33.5,3.1,5.7,34610.0,High school diploma or equivalent,34.0,36.9,8.4,6.0,both_vintages,-5.300000000000001,-0.5445412,0.1777777777777777,0.1777777777777777,0.1777777777777777,0.1555555555555555,0.2333333333333333,0.3111111111111111,0.0,24.0,4.211666666666667,0.0,0.20833333333333334,0.20833333333333334,0.20833333333333334
39-4031,"Morticians, undertakers, and funeral arrangers",27.5,28.4,3.1,3.2,49800.0,Associate's degree,27.4,29.9,9.0,4.3,both_vintages,-5.9,-0.1903759,0.0930232558139534,0.1627906976744186,0.2325581395348837,0.0,0.0930232558139534,0.1860465116279069,0.0,22.0,4.278181818181818,0.0177684473458253,0.09090909090909091,0.1590909090909091,0.22727272727272727
39-5011,Barbers,76.0,79.2,4.1,8.4,38960.0,Postsecondary nondegree award,50.2,54.4,8.3,6.6,both_vintages,-4.200000000000001,-0.7294621,0.088235294117647,0.1617647058823529,0.2352941176470588,0.0,0.0735294117647058,0.1470588235294117,0.0,18.0,3.928333333333333,0.0088328697788494,0.1111111111111111,0.16666666666666666,0.2222222222222222
39-5012,"Hairdressers, hairstylists, and cosmetologists",575.2,607.4,5.6,75.8,35250.0,Postsecondary nondegree award,558.7,619.5,10.9,87.2,both_vintages,-5.300000000000001,-0.6824517,0.0526315789473684,0.0789473684210526,0.1052631578947368,0.0,0.0526315789473684,0.1052631578947368,0.0304,22.0,4.137272727272727,0.0072922529569571,0.045454545454545456,0.06818181818181818,0.09090909090909091
39-5091,"Makeup artists, theatrical and performance",7.0,7.6,8.1,1.1,50280.0,Postsecondary nondegree award,4.4,4.7,7.0,0.7,both_vintages,1.0999999999999996,-0.4596138,0.048780487804878,0.3414634146341463,0.6341463414634146,0.048780487804878,0.2439024390243902,0.4390243902439024,0.0,22.0,4.29,0.0205415576252314,0.047619047619047616,0.3333333333333333,0.6190476190476191
39-5092,Manicurists and pedicurists,210.1,224.8,7.0,24.8,34660.0,Postsecondary nondegree award,163.6,200.3,22.4,26.6,both_vintages,-15.399999999999999,0.0335124,0.0555555555555555,0.0833333333333333,0.1111111111111111,0.0,0.0555555555555555,0.1111111111111111,0.0,18.0,4.147777777777778,0.0026704024912801,0.05555555555555555,0.08333333333333333,0.1111111111111111
39-5093,Shampooers,18.5,19.6,5.5,2.7,31470.0,No formal educational credential,21.2,23.5,10.6,3.5,both_vintages,-5.1,-0.905371,0.1428571428571428,0.1428571428571428,0.1428571428571428,0.0,0.0714285714285714,0.1428571428571428,0.0,4.0,4.5600000000000005,0.0063678828638217,0.25,0.25,0.25
39-5094,Skincare specialists,97.4,103.9,6.7,14.5,41560.0,Postsecondary nondegree award,80.5,93.9,16.7,13.5,both_vintages,-10.0,-0.2628396,0.0606060606060606,0.1969696969696969,0.3333333333333333,0.0606060606060606,0.106060606060606,0.1515151515151515,0.0,18.0,4.372777777777778,0.0076003763213355995,0.05555555555555555,0.19444444444444445,0.3333333333333333
39-6011,Baggage porters and bellhops,32.5,32.0,-1.6,4.6,36020.0,High school diploma or equivalent,21.7,26.0,19.4,4.1,both_vintages,-21.0,-1.272015,0.074074074074074,0.1481481481481481,0.2222222222222222,0.2592592592592592,0.2777777777777778,0.2962962962962963,0.073,17.0,4.128823529411765,0.0200280186846008,0.125,0.21875,0.3125
39-6012,Concierges,45.6,46.7,2.3,6.8,37320.0,High school diploma or equivalent,35.0,39.0,11.2,6.1,both_vintages,-8.899999999999999,0.855832,0.1333333333333333,0.4666666666666667,0.8,0.6666666666666666,0.7,0.7333333333333333,0.1875,18.0,3.851111111111111,0.0490943227243034,0.125,0.4375,0.75
39-7010,Tour and travel guides,55.8,60.3,8.1,13.0,36660.0,High school diploma or equivalent,43.4,50.0,15.3,9.6,both_vintages,-7.200000000000001,,,,,,,,,,,,,,
39-9011,Childcare workers,991.6,962.4,-2.9,160.2,32050.0,High school diploma or equivalent,949.0,1010.6,6.5,170.1,both_vintages,-9.4,-0.3834794,0.11087223587223585,0.1414312039312039,0.17199017199017194,0.23740786240786238,0.3404484029484029,0.4434889434889435,0.0122,43.0,4.247906976744186,0.0369748037254166,0.12195121951219512,0.15853658536585366,0.1951219512195122
39-9031,Exercise trainers and group fitness instructors,370.1,414.2,11.9,74.2,46180.0,High school diploma or equivalent,306.4,364.2,18.9,65.5,both_vintages,-6.999999999999998,-2.111948,0.0,0.0147058823529411,0.0294117647058823,0.1470588235294117,0.2352941176470588,0.3235294117647059,0.0,20.0,3.925,0.0139682591851572,0.0,0.025,0.05
39-9032,Recreation workers,327.7,341.1,4.1,68.1,35380.0,High school diploma or equivalent,279.6,307.7,10.0,61.7,both_vintages,-5.9,-0.2441154,0.119047619047619,0.238095238095238,0.3571428571428571,0.0952380952380952,0.25,0.4047619047619047,0.0,24.0,3.9479166666666665,0.0018487401862708,0.125,0.25,0.375
39-9041,Residential advisors,91.2,94.7,3.8,17.4,39180.0,High school diploma or equivalent,99.3,109.2,10.0,18.9,both_vintages,-6.2,0.4746119,0.1,0.24,0.38,0.18,0.28,0.38,0.067,30.0,3.826,0.0403641607335799,0.1,0.23333333333333334,0.36666666666666664
39-9099,"Personal care and service workers, all other",94.4,100.4,6.4,16.1,37900.0,High school diploma or equivalent,104.4,130.4,24.9,22.6,both_vintages,-18.5,,,,,,,,,,,,,,
41-1011,First-line supervisors of retail sales workers,1432.6,1360.3,-5.0,125.1,47320.0,High school diploma or equivalent,1505.7,1427.5,-5.2,153.0,both_vintages,0.20000000000000018,0.0191826,0.081081081081081,0.4864864864864865,0.8918918918918919,0.1621621621621621,0.4054054054054054,0.6486486486486487,0.2627,21.0,4.189047619047619,0.0403641607335799,0.09523809523809523,0.5,0.9047619047619048
41-1012,First-line supervisors of non-retail sales workers,320.0,320.0,0.0,24.8,84130.0,High school diploma or equivalent,406.9,405.5,-0.3,37.1,both_vintages,0.3,1.316195,0.1111111111111111,0.537037037037037,0.9629629629629628,0.1851851851851851,0.4444444444444444,0.7037037037037037,0.2295,18.0,3.869444444444444,0.0157142915833021,0.1111111111111111,0.5277777777777778,0.9444444444444444
41-2011,Cashiers,3157.2,2843.6,-9.9,542.6,31190.0,No formal educational credential,3371.6,3036.0,-10.0,570.7,both_vintages,0.09999999999999964,-0.2480887,0.1395348837209302,0.2093023255813953,0.2790697674418604,0.2325581395348837,0.3604651162790697,0.4883720930232558,0.0846,28.0,4.351071428571428,0.2548180223409979,0.17857142857142858,0.25,0.32142857142857145
41-2012,Gambling change persons and booth cashiers,22.6,21.1,-6.4,4.0,34810.0,No formal educational credential,17.8,17.4,-2.3,3.3,both_vintages,-4.1000000000000005,-0.0500926,0.238095238095238,0.2619047619047618,0.2857142857142857,0.0,0.3095238095238095,0.6190476190476191,0.0,13.0,4.5976923076923075,0.0,0.23076923076923078,0.2692307692307692,0.3076923076923077
41-2021,Counter and rental clerks,408.2,421.3,3.2,45.9,38540.0,No formal educational credential,391.4,408.6,4.4,50.6,both_vintages,-1.2000000000000002,0.0784367,0.2580645161290322,0.532258064516129,0.8064516129032258,0.5483870967741935,0.6774193548387096,0.8064516129032258,0.2048,16.0,4.175625,0.1629972597562126,0.25,0.53125,0.8125
41-2022,Parts salespersons,272.1,280.6,3.1,30.2,37440.0,No formal educational credential,270.5,280.1,3.6,35.6,both_vintages,-0.5,-0.1184909,0.1714285714285714,0.3428571428571428,0.5142857142857142,0.2857142857142857,0.3428571428571428,0.3999999999999999,0.0,19.0,4.196315789473684,0.0327637844122443,0.15789473684210525,0.3157894736842105,0.47368421052631576
41-2031,Retail salespersons,3936.7,3917.1,-0.5,555.8,34580.0,No formal educational credential,3855.2,3847.5,-0.2,558.8,both_vintages,-0.3,0.0873069,0.0789473684210526,0.3421052631578947,0.6052631578947368,0.2631578947368421,0.3552631578947368,0.4473684210526315,0.3222,24.0,4.190833333333333,0.1205789432601094,0.125,0.375,0.625
41-3011,Advertising sales agents,103.7,97.1,-6.4,9.3,61460.0,High school diploma or equivalent,100.7,92.7,-7.9,10.9,both_vintages,1.5,1.162588,0.1794871794871795,0.5384615384615384,0.8974358974358974,0.4358974358974359,0.6923076923076923,0.9487179487179488,0.1482,20.0,4.1615,0.0591596859606667,0.2,0.55,0.9
41-3021,Insurance sales agents,568.8,589.8,3.7,47.0,60370.0,High school diploma or equivalent,523.2,556.2,6.3,52.7,both_vintages,-2.5999999999999996,1.341258,0.1515151515151515,0.5757575757575758,1.0,0.3333333333333333,0.5303030303030303,0.7272727272727273,0.3188,19.0,3.9499999999999997,0.042315608707976904,0.15789473684210525,0.5789473684210527,1.0
41-3031,"Securities, commodities, and financial services sales agents",514.5,531.6,3.3,38.1,78140.0,Bachelor's degree,466.9,514.5,10.2,46.6,both_vintages,-6.8999999999999995,1.256298,0.2115384615384615,0.6057692307692308,1.0,0.2692307692307693,0.5192307692307693,0.7692307692307693,0.4413,30.0,4.191923076923077,0.2298600298263407,0.2,0.6,1.0
41-3041,Travel agents,65.7,67.2,2.2,7.1,48450.0,High school diploma or equivalent,46.2,55.3,19.7,7.5,both_vintages,-17.5,1.133598,0.125,0.5625,1.0,0.25,0.5625,0.875,0.4054,8.0,4.445,0.016946785040815898,0.125,0.5625,1.0
41-3091,"Sales representatives of services, except advertising, insurance, financial services, and travel",1226.7,1264.7,3.1,123.0,66260.0,High school diploma or equivalent,1063.9,1135.3,6.7,125.3,both_vintages,-3.6,,0.3333333333333333,0.6333333333333333,0.9333333333333332,0.3333333333333333,0.5666666666666667,0.8,,15.0,,0.0028758180675324,0.3333333333333333,0.6333333333333333,0.9333333333333333
41-4011,"Sales representatives, wholesale and manufacturing, technical and scientific products",303.2,308.9,1.9,27.2,100070.0,Bachelor's degree,280.7,295.1,5.1,30.4,both_vintages,-3.1999999999999997,0.8911985,0.0789473684210526,0.4983130904183536,0.9176788124156546,0.3852901484480431,0.573549257759784,0.761808367071525,0.2706,46.0,3.9184782608695654,0.2302708609788457,0.10869565217391304,0.5108695652173914,0.9130434782608695
41-4012,"Sales representatives, wholesale and manufacturing, except technical and scientific products",1310.5,1314.9,0.3,114.8,66780.0,High school diploma or equivalent,1316.9,1365.8,3.7,139.7,both_vintages,-3.4000000000000004,0.8224681,0.2413793103448275,0.6206896551724138,1.0,0.4827586206896551,0.7068965517241379,0.9310344827586208,0.6279,18.0,4.122222222222223,0.11924374201446909,0.2222222222222222,0.6111111111111112,1.0
41-9011,Demonstrators and product promoters,79.2,79.1,-0.1,14.0,37960.0,No formal educational credential,46.2,47.3,2.4,8.6,both_vintages,-2.5,0.1235652,0.0512820512820512,0.1282051282051282,0.2051282051282051,0.2051282051282051,0.3974358974358974,0.5897435897435898,0.0788,21.0,4.055238095238095,0.0617273806638207,0.047619047619047616,0.11904761904761904,0.19047619047619047
41-9012,Models,6.7,6.7,-0.5,1.2,89990.0,No formal educational credential,2.4,2.6,9.2,0.5,both_vintages,-9.7,-1.122021,0.1333333333333333,0.2333333333333333,0.3333333333333333,0.0666666666666666,0.4,0.7333333333333334,0.0,10.0,3.6149999999999998,0.0021568635506493,0.2222222222222222,0.3333333333333333,0.4444444444444444
41-9021,Real estate brokers,111.3,115.0,3.3,9.7,72280.0,High school diploma or equivalent,123.1,130.2,5.7,12.1,both_vintages,-2.4000000000000004,1.149681,0.0,0.5,1.0,0.125,0.421875,0.71875,0.2609,17.0,3.927058823529412,0.0611111339350636,0.0,0.5,1.0
41-9022,Real estate sales agents,420.9,433.7,3.1,36.6,56320.0,High school diploma or equivalent,438.9,462.0,5.3,42.8,both_vintages,-2.1999999999999997,0.8649445,0.0,0.4375,0.875,0.2857142857142857,0.4107142857142857,0.5357142857142857,0.2828,33.0,3.8621212121212123,0.09110180806790169,0.0,0.4393939393939394,0.8787878787878788
41-9031,Sales engineers,56.8,59.9,5.5,5.0,121520.0,Bachelor's degree,60.7,64.1,5.7,6.9,both_vintages,-0.20000000000000018,1.145416,0.1590909090909091,0.5113636363636364,0.8636363636363636,0.3181818181818182,0.5340909090909091,0.75,0.3224,25.0,3.8244,0.07446314639146401,0.16,0.52,0.88
41-9041,Telemarketers,67.4,52.5,-22.1,6.5,34410.0,No formal educational credential,115.7,94.7,-18.2,13.3,both_vintages,-3.900000000000002,1.118129,0.611111111111111,0.8055555555555555,1.0,0.2222222222222222,0.5277777777777778,0.8333333333333333,0.2852,12.0,4.3275,0.0401587451573277,0.5833333333333334,0.7916666666666666,1.0
41-9091,"Door-to-door sales workers, news and street vendors, and related workers",25.3,22.8,-10.0,2.7,34530.0,No formal educational credential,54.7,49.0,-10.4,6.1,both_vintages,0.40000000000000036,1.107101,0.1739130434782608,0.2608695652173913,0.3478260869565217,0.5217391304347826,0.5217391304347826,0.5217391304347826,0.1758,12.0,3.9958333333333336,0.0164332461001852,0.16666666666666666,0.25,0.3333333333333333
41-9099,"Sales and related workers, all other",122.6,127.1,3.7,16.0,46370.0,High school diploma or equivalent,260.5,268.0,2.9,36.6,both_vintages,0.8000000000000003,,,,,,,,,,,,,,
43-1011,First-line supervisors of office and administrative support workers,1558.4,1554.4,-0.3,144.5,66140.0,High school diploma or equivalent,1521.8,1493.5,-1.9,159.6,both_vintages,1.5999999999999999,1.038688,0.0833333333333333,0.4895833333333333,0.8958333333333333,0.2291666666666666,0.53125,0.8333333333333333,0.1856,28.0,3.7764285714285712,0.14317465664786388,0.07142857142857142,0.5,0.9285714285714286
43-2011,"Switchboard operators, including answering service",36.6,27.0,-26.3,2.8,38370.0,High school diploma or equivalent,49.0,37.2,-24.0,4.0,both_vintages,-2.3000000000000007,0.9832644,0.5161290322580645,0.6290322580645161,0.7419354838709677,0.3870967741935484,0.4838709677419355,0.5806451612903225,0.3863,19.0,4.269473684210527,0.2711485606530571,0.5263157894736842,0.631578947368421,0.7368421052631579
43-2021,Telephone operators,4.0,2.9,-27.5,0.3,39130.0,High school diploma or equivalent,4.0,3.0,-24.5,0.4,both_vintages,-3.0,1.019712,0.8421052631578947,0.894736842105263,0.9473684210526316,0.3684210526315789,0.5526315789473684,0.7368421052631579,0.0,14.0,4.097857142857142,0.0056489283469385995,0.8461538461538461,0.8846153846153846,0.9230769230769231
43-2099,"Communications equipment operators, all other",1.4,1.5,2.5,0.1,49910.0,High school diploma or equivalent,1.6,1.7,3.3,0.2,both_vintages,-0.7999999999999998,,,,,,,,,,,,,,
43-3011,Bill and account collectors,166.9,149.4,-10.5,13.7,46040.0,High school diploma or equivalent,215.4,197.9,-8.1,22.1,both_vintages,-2.4000000000000004,1.271991,0.3928571428571428,0.6964285714285714,1.0,0.1071428571428571,0.4285714285714285,0.75,0.2989,15.0,4.1546666666666665,0.0198226031083482,0.4,0.7,1.0
43-3021,Billing and posting clerks,429.8,427.9,-0.4,42.2,47170.0,High school diploma or equivalent,445.3,450.0,1.1,51.5,both_vintages,-1.5,1.333455,0.6904761904761905,0.7738095238095237,0.8571428571428571,0.1904761904761904,0.4166666666666666,0.6428571428571428,0.1924,28.0,4.180434782608696,0.0201307264727269,0.7142857142857143,0.7857142857142857,0.8571428571428571
43-3031,"Bookkeeping, accounting, and auditing clerks",1613.4,1519.1,-5.8,170.0,49210.0,"Some college, no degree",1707.8,1630.6,-4.5,197.6,both_vintages,-1.2999999999999998,1.039749,0.6046511627906976,0.8023255813953488,1.0,0.1395348837209302,0.313953488372093,0.4883720930232558,0.3104,28.0,4.2942857142857145,0.1132866903031518,0.5714285714285714,0.7857142857142857,1.0
43-3041,Gambling cage workers,14.1,13.4,-5.0,1.3,36990.0,High school diploma or equivalent,11.6,11.6,0.3,1.3,both_vintages,-5.3,0.4026518,0.3870967741935484,0.4193548387096774,0.4516129032258064,0.3225806451612903,0.4193548387096774,0.5161290322580645,0.0653,17.0,4.635882352941176,0.0115032722701296,0.4117647058823529,0.4411764705882353,0.47058823529411764
43-3051,Payroll and timekeeping clerks,161.1,134.2,-16.7,13.0,55290.0,High school diploma or equivalent,157.7,133.9,-15.1,13.8,both_vintages,-1.5999999999999996,1.257632,0.6756756756756757,0.8378378378378379,1.0,0.1621621621621621,0.4864864864864865,0.8108108108108109,0.0487,21.0,4.3376190476190475,0.016741369464563602,0.6666666666666666,0.8333333333333334,1.0
43-3061,Procurement clerks,61.9,56.6,-8.7,4.6,48510.0,High school diploma or equivalent,63.9,59.6,-6.8,5.8,both_vintages,-1.8999999999999995,1.487838,0.2571428571428571,0.6142857142857142,0.9714285714285714,0.2571428571428571,0.4571428571428571,0.6571428571428571,0.2436,19.0,4.123684210526316,0.0087301619907232,0.2631578947368421,0.6052631578947368,0.9473684210526315
43-3071,Tellers,347.4,302.5,-12.9,29.8,39340.0,High school diploma or equivalent,378.0,334.3,-11.6,35.1,both_vintages,-1.3000000000000007,0.4727723,0.3125,0.5416666666666666,0.7708333333333333,0.2291666666666666,0.3333333333333333,0.4375,0.0231,28.0,4.275714285714286,0.0116059800582557,0.35714285714285715,0.5714285714285714,0.7857142857142857
43-3099,"Financial clerks, all other",38.9,39.4,1.4,4.0,52150.0,High school diploma or equivalent,31.9,33.3,4.4,3.8,both_vintages,-3.0000000000000004,,,,,,,,,,,,,,
43-4011,Brokerage clerks,40.8,36.9,-9.5,4.1,62940.0,High school diploma or equivalent,41.0,38.9,-5.1,4.5,both_vintages,-4.4,1.144877,0.5333333333333333,0.7666666666666666,1.0,0.7333333333333333,0.8,0.8666666666666667,0.1744,10.0,3.9850000000000003,0.0087301619907233,0.4,0.7,1.0
43-4021,Correspondence clerks,6.9,6.5,-5.6,0.7,46740.0,High school diploma or equivalent,7.8,7.6,-2.1,0.9,both_vintages,-3.4999999999999996,1.149758,0.9642857142857142,0.9642857142857142,0.9642857142857142,0.5714285714285714,0.7321428571428571,0.8928571428571428,0.2786,17.0,3.725882352941176,0.2585155027135396,0.9411764705882353,0.9411764705882353,0.9411764705882353
43-4031,"Court, municipal, and license clerks",180.4,185.9,3.0,18.5,47700.0,High school diploma or equivalent,156.8,159.8,1.9,18.3,both_vintages,1.1,1.166267,0.4363636363636363,0.7,0.9636363636363636,0.3090909090909091,0.5909090909090908,0.8727272727272727,0.102,30.0,4.368888888888889,0.06717089343450709,0.4,0.6833333333333333,0.9666666666666667
43-4041,"Credit authorizers, checkers, and clerks",12.0,11.3,-6.2,1.0,49130.0,High school diploma or equivalent,17.3,16.6,-3.9,1.7,both_vintages,-2.3000000000000003,1.440296,0.35,0.65,0.95,0.25,0.5750000000000001,0.9,0.1296,16.0,3.9545454545454546,0.0316339987428565,0.375,0.65625,0.9375
43-4051,Customer service representatives,2814.0,2660.3,-5.5,341.7,42830.0,High school diploma or equivalent,2898.9,2793.6,-3.6,389.4,both_vintages,-1.9,0.9562519,0.1363636363636363,0.5681818181818182,1.0,0.5454545454545454,0.7045454545454546,0.8636363636363636,0.7011,13.0,4.053846153846154,0.0654248610363625,0.15384615384615385,0.5769230769230769,1.0
43-4061,"Eligibility interviewers, government programs",166.8,168.5,1.0,14.0,51500.0,High school diploma or equivalent,156.9,156.9,0.0,15.4,both_vintages,1.0,1.226286,0.4,0.68,0.96,0.28,0.62,0.96,0.0597,17.0,4.205294117647059,0.0452941345636355,0.4117647058823529,0.6764705882352942,0.9411764705882353
43-4071,File clerks,84.3,70.9,-15.9,7.3,41270.0,High school diploma or equivalent,93.4,82.2,-11.9,10.0,both_vintages,-4.0,0.2839743,0.6764705882352942,0.7941176470588235,0.9117647058823528,0.1764705882352941,0.4705882352941176,0.7647058823529411,0.1568,19.0,3.966315789473684,0.08103644483153849,0.631578947368421,0.7631578947368421,0.8947368421052632
43-4081,"Hotel, motel, and resort desk clerks",264.2,274.0,3.7,43.6,34270.0,High school diploma or equivalent,238.8,273.1,14.4,49.2,both_vintages,-10.7,0.6063127,0.2051282051282051,0.5,0.7948717948717948,0.2051282051282051,0.3974358974358974,0.5897435897435898,0.1725,20.0,4.441,0.015200752642671199,0.2,0.5,0.8
43-4111,"Interviewers, except eligibility and loan",164.3,145.1,-11.6,15.8,43830.0,High school diploma or equivalent,176.3,161.7,-8.3,20.7,both_vintages,-3.299999999999999,1.297031,0.5172413793103449,0.6724137931034483,0.8275862068965517,0.3103448275862069,0.4310344827586206,0.5517241379310345,0.3851,16.0,4.06125,0.188057960058995,0.5,0.65625,0.8125
43-4121,"Library assistants, clerical",84.5,78.9,-6.7,12.8,36010.0,High school diploma or equivalent,82.5,79.5,-3.7,13.3,both_vintages,-3.0,0.2038919,0.3275862068965517,0.5344827586206896,0.7413793103448276,0.2413793103448275,0.4396551724137931,0.6379310344827586,0.0978,32.0,3.8578125,0.1233520535395156,0.34375,0.546875,0.75
43-4131,Loan interviewers and clerks,177.6,173.5,-2.3,13.3,48950.0,High school diploma or equivalent,247.0,245.4,-0.7,23.3,both_vintages,-1.5999999999999999,1.364395,0.1875,0.59375,1.0,0.125,0.5,0.875,0.2022,18.0,4.349444444444445,0.0236227912690162,0.16666666666666666,0.5833333333333334,1.0
43-4141,New accounts clerks,38.9,33.8,-13.2,2.3,46610.0,High school diploma or equivalent,41.7,36.9,-11.6,3.9,both_vintages,-1.5999999999999996,1.174998,0.28,0.56,0.8400000000000001,0.52,0.6,0.68,0.0,15.0,4.082666666666666,0.0,0.26666666666666666,0.5666666666666667,0.8666666666666667
43-4151,Order clerks,89.5,74.1,-17.2,8.0,44660.0,"Some college, no degree",143.9,119.7,-16.8,13.0,both_vintages,-0.3999999999999986,0.8388861,0.4285714285714285,0.7142857142857143,1.0,0.4285714285714285,0.6,0.7714285714285714,0.0748,19.0,4.126315789473685,0.012427642363265,0.42105263157894735,0.7105263157894737,1.0
43-4161,"Human resources assistants, except payroll and timekeeping",95.2,88.4,-7.1,9.0,49440.0,Associate's degree,106.1,101.3,-4.5,11.2,both_vintages,-2.5999999999999996,1.353098,0.2758620689655172,0.6206896551724138,0.9655172413793104,0.1379310344827586,0.4655172413793103,0.7931034482758621,0.4046,19.0,3.7263157894736842,0.07199815947643651,0.2631578947368421,0.6052631578947368,0.9473684210526315
43-4171,Receptionists and information clerks,1007.2,1007.6,0.0,128.5,37230.0,High school diploma or equivalent,1037.1,1041.4,0.4,142.3,both_vintages,-0.4,1.013186,0.2,0.5333333333333333,0.8666666666666667,0.4333333333333333,0.5833333333333334,0.7333333333333333,0.4338,18.0,3.9883333333333337,0.15878624044303988,0.2222222222222222,0.5555555555555556,0.8888888888888888
43-4181,Reservation and transportation ticket agents and travel clerks,131.9,135.6,2.8,14.4,41460.0,High school diploma or equivalent,109.2,117.3,7.4,14.3,both_vintages,-4.6000000000000005,0.227312,0.1142857142857142,0.4571428571428571,0.7999999999999999,0.3714285714285714,0.5285714285714286,0.6857142857142857,0.2467,21.0,4.259047619047619,0.0207469732014838,0.09523809523809523,0.4523809523809524,0.8095238095238095
43-4199,"Information and record clerks, all other",153.3,153.0,-0.2,17.8,48360.0,High school diploma or equivalent,165.6,169.8,2.6,20.1,both_vintages,-2.8000000000000003,,,,,,,,,,,,,,
43-5011,Cargo and freight agents,100.6,109.2,8.5,8.8,49900.0,High school diploma or equivalent,88.6,96.5,8.8,11.2,both_vintages,-0.3000000000000007,1.405415,0.20611778158947963,0.5273013150371642,0.8484848484848485,0.21526586620926239,0.4288164665523156,0.6423670668953687,0.0165,55.0,3.8045454545454547,0.0401587451573273,0.18181818181818182,0.5,0.8181818181818182
43-5021,Couriers and messengers,247.2,267.6,8.2,27.9,38340.0,High school diploma or equivalent,178.9,178.3,-0.3,19.1,both_vintages,8.5,-0.9591126,0.2413793103448275,0.3103448275862069,0.3793103448275862,0.0,0.1551724137931034,0.3103448275862069,0.0412,15.0,4.294666666666667,0.0121195189988866,0.26666666666666666,0.3333333333333333,0.4
43-5031,Public safety telecommunicators,105.2,108.9,3.5,10.7,50730.0,High school diploma or equivalent,99.5,103.2,3.6,10.9,both_vintages,-0.10000000000000009,0.9074452,0.40625,0.65625,0.90625,0.4375,0.59375,0.75,0.0465,18.0,4.562777777777778,0.0264986093365486,0.3888888888888889,0.6388888888888888,0.8888888888888888
43-5032,"Dispatchers, except police, fire, and ambulance",218.7,216.7,-0.9,18.5,48880.0,High school diploma or equivalent,202.9,203.0,0.1,20.7,both_vintages,-1.0,1.234523,0.3478260869565217,0.6739130434782609,1.0,0.3478260869565217,0.6521739130434783,0.9565217391304348,0.2258,12.0,4.355833333333334,0.0029785258556585,0.3333333333333333,0.6666666666666666,1.0
43-5041,"Meter readers, utilities",20.1,17.7,-12.0,1.3,49180.0,High school diploma or equivalent,24.5,21.8,-10.9,1.6,both_vintages,-1.0999999999999996,-0.9723772,0.3333333333333333,0.4374999999999999,0.5416666666666666,0.0833333333333333,0.3541666666666666,0.625,0.0,12.0,4.058333333333334,0.0,0.3333333333333333,0.4166666666666667,0.5
43-5051,Postal service clerks,74.2,71.6,-3.5,6.1,61630.0,No formal educational credential,76.3,72.7,-4.8,6.4,both_vintages,1.2999999999999998,-0.5186997,0.1481481481481481,0.3148148148148147,0.4814814814814814,0.1481481481481481,0.2777777777777778,0.4074074074074074,0.0,19.0,4.278421052631579,0.0020541557625231,0.15789473684210525,0.3684210526315789,0.5789473684210527
43-5052,Postal service mail carriers,319.4,308.1,-3.5,20.6,57490.0,No formal educational credential,322.9,307.4,-4.8,22.8,both_vintages,1.2999999999999998,-1.064715,0.2051282051282051,0.2307692307692307,0.2564102564102564,0.1794871794871795,0.3461538461538461,0.5128205128205128,0.0,21.0,4.247142857142857,0.0,0.19047619047619047,0.21428571428571427,0.23809523809523808
43-5053,"Postal service mail sorters, processors, and processing machine operators",106.4,97.5,-8.4,7.8,56530.0,No formal educational credential,107.9,97.7,-9.4,8.9,both_vintages,1.0,-1.185001,0.1,0.1,0.1,0.05,0.125,0.2,0.0,14.0,4.217142857142857,0.0,0.14285714285714285,0.14285714285714285,0.14285714285714285
43-5061,"Production, planning, and expediting clerks",388.8,381.7,-1.8,34.1,57770.0,High school diploma or equivalent,377.9,396.8,5.0,44.8,both_vintages,-6.8,0.6999103,0.2692307692307693,0.5961538461538461,0.9230769230769232,0.1538461538461538,0.5192307692307693,0.8846153846153847,0.0934,17.0,3.7570588235294116,0.0252661158790348,0.29411764705882354,0.6176470588235294,0.9411764705882353
43-5071,"Shipping, receiving, and inventory clerks",862.2,795.8,-7.7,69.3,43190.0,High school diploma or equivalent,814.3,757.2,-7.0,80.7,both_vintages,-0.7000000000000002,-0.7463213,0.2857142857142857,0.5,0.7142857142857142,0.1904761904761904,0.3571428571428571,0.5238095238095237,0.0,11.0,3.919090909090909,0.0063678828638217,0.2727272727272727,0.5,0.7272727272727273
43-5111,"Weighers, measurers, checkers, and samplers, recordkeeping",49.8,47.4,-4.8,5.3,45650.0,High school diploma or equivalent,55.9,56.0,0.1,6.4,both_vintages,-4.8999999999999995,-0.1860789,0.2068965517241379,0.293103448275862,0.3793103448275862,0.1724137931034483,0.2758620689655172,0.3793103448275862,0.0,18.0,4.027222222222222,0.0,0.1111111111111111,0.2222222222222222,0.3333333333333333
43-6011,Executive secretaries and executive administrative assistants,502.8,494.9,-1.6,50.0,74260.0,High school diploma or equivalent,508.0,405.4,-20.2,42.3,both_vintages,18.599999999999998,1.079643,0.3783783783783784,0.6486486486486487,0.918918918918919,0.6216216216216217,0.7432432432432433,0.8648648648648649,0.2336,22.0,3.8595454545454544,0.191241901490906,0.36363636363636365,0.6363636363636364,0.9090909090909091
43-6012,Legal secretaries and administrative assistants,156.3,147.3,-5.8,19.6,54140.0,High school diploma or equivalent,157.8,127.5,-19.2,14.6,both_vintages,13.399999999999999,1.014541,0.3913043478260869,0.6956521739130435,1.0,0.5217391304347826,0.7608695652173912,1.0,0.0,14.0,3.9692857142857143,0.0099626554482372,0.35714285714285715,0.6785714285714286,1.0
43-6013,Medical secretaries and administrative assistants,850.0,885.3,4.2,85.9,44640.0,High school diploma or equivalent,672.3,725.8,8.0,85.8,both_vintages,-3.8,1.217982,0.3333333333333333,0.6666666666666666,1.0,0.3703703703703703,0.611111111111111,0.8518518518518519,0.3623,15.0,4.354,0.0499159850293124,0.4,0.7,1.0
43-6014,"Secretaries and administrative assistants, except legal, medical, and executive",1944.0,1913.2,-1.6,202.8,46290.0,High school diploma or equivalent,2075.6,1868.0,-10.0,211.2,both_vintages,8.4,1.099056,0.3846153846153846,0.6442307692307693,0.903846153846154,0.3653846153846154,0.5673076923076923,0.7692307692307693,0.4528,31.0,3.7761290322580647,0.5626332633550931,0.3225806451612903,0.6129032258064516,0.9032258064516129
43-9021,Data entry keyers,141.6,104.9,-25.9,9.5,39850.0,High school diploma or equivalent,155.9,117.4,-24.7,13.1,both_vintages,-1.1999999999999993,0.3108081,0.8571428571428571,0.8928571428571428,0.9285714285714284,0.2142857142857142,0.4999999999999999,0.7857142857142857,0.6707,9.0,4.275555555555555,0.0073949607450833,0.7777777777777778,0.8333333333333334,0.8888888888888888
43-9022,Word processors and typists,40.0,25.6,-36.1,2.2,47850.0,High school diploma or equivalent,46.1,28.5,-38.2,3.1,both_vintages,2.1000000000000014,0.6219606,0.7027027027027027,0.7432432432432433,0.7837837837837838,0.1891891891891892,0.4864864864864865,0.7837837837837838,0.2385,19.0,3.91421052631579,0.3599907973821835,0.6842105263157895,0.7368421052631579,0.7894736842105263
43-9031,Desktop publishers,5.0,4.4,-12.4,0.4,53620.0,Associate's degree,9.5,8.2,-13.7,0.9,both_vintages,1.299999999999999,0.3437743,0.3225806451612903,0.6451612903225806,0.967741935483871,0.032258064516129,0.4838709677419355,0.935483870967742,0.464,18.0,4.098888888888889,0.1833334018051917,0.3333333333333333,0.6388888888888888,0.9444444444444444
43-9041,Insurance claims and policy processing clerks,256.7,247.2,-3.7,20.3,48450.0,High school diploma or equivalent,247.8,242.0,-2.3,24.6,both_vintages,-1.4000000000000004,1.240201,0.6666666666666666,0.8333333333333333,1.0,0.2619047619047618,0.5119047619047619,0.7619047619047619,0.1467,25.0,4.281428571428571,0.0668627700701285,0.68,0.84,1.0
43-9051,"Mail clerks and mail machine operators, except postal service",67.4,62.9,-6.6,6.9,38150.0,High school diploma or equivalent,74.2,69.2,-6.8,8.9,both_vintages,0.20000000000000018,-0.8184676,0.1081081081081081,0.2162162162162162,0.3243243243243243,0.054054054054054,0.1216216216216216,0.1891891891891892,0.0,26.0,3.981923076923077,0.0,0.15384615384615385,0.2692307692307692,0.38461538461538464
43-9061,"Office clerks, general",2646.0,2468.2,-6.7,282.4,43630.0,High school diploma or equivalent,2751.8,2621.1,-4.8,325.4,both_vintages,-1.9000000000000004,0.9888986,0.3636363636363636,0.5757575757575758,0.7878787878787878,0.2121212121212121,0.5,0.7878787878787878,0.4504,20.0,3.7920000000000003,0.8189919025179837,0.4,0.575,0.75
43-9071,"Office machine operators, except computer",25.5,21.6,-15.2,2.8,39020.0,High school diploma or equivalent,34.3,29.9,-12.8,4.3,both_vintages,-2.3999999999999986,-0.5171404,0.2941176470588235,0.3970588235294117,0.5,0.0,0.1764705882352941,0.3529411764705882,0.0239,18.0,3.993333333333333,0.041391238614841494,0.2777777777777778,0.3888888888888889,0.5
43-9081,Proofreaders and copy markers,12.0,11.9,-0.6,1.9,49210.0,Bachelor's degree,10.5,10.7,2.4,1.5,both_vintages,-3.0,1.288375,0.95,0.975,1.0,0.2,0.6000000000000001,1.0,0.1781,11.0,4.180909090909091,0.0334827389291274,0.9090909090909091,0.9545454545454546,1.0
43-9111,Statistical assistants,6.5,6.3,-2.5,0.8,51440.0,Bachelor's degree,8.5,8.6,1.7,0.9,both_vintages,-4.2,1.389965,0.8260869565217391,0.8913043478260869,0.9565217391304348,0.3478260869565217,0.6739130434782609,1.0,0.5099,14.0,4.1850000000000005,0.3645099400597346,0.7142857142857143,0.8214285714285714,0.9285714285714286
43-9199,"Office and administrative support workers, all other",232.9,214.8,-7.8,21.3,46040.0,High school diploma or equivalent,176.7,164.8,-6.7,19.0,both_vintages,-1.0999999999999996,,,,,,,,,,,,,,
45-1011,"First-line supervisors of farming, fishing, and forestry workers",65.4,67.0,2.5,8.5,59330.0,High school diploma or equivalent,53.3,56.7,6.4,8.2,both_vintages,-3.9000000000000004,-0.4791843,0.1403508771929824,0.2807017543859649,0.4210526315789473,0.0,0.1578947368421052,0.3157894736842105,0.0,30.0,3.924074074074074,0.0,0.13333333333333333,0.2833333333333333,0.43333333333333335
45-2011,Agricultural inspectors,14.7,14.9,1.5,2.2,50990.0,Bachelor's degree,14.1,14.2,0.5,2.5,both_vintages,1.0,0.1704867,0.0833333333333333,0.2916666666666666,0.5,0.125,0.2916666666666666,0.4583333333333333,0.0,16.0,4.264375,0.008216623050092499,0.125,0.25,0.375
45-2021,Animal breeders,7.9,8.1,2.4,1.2,52000.0,High school diploma or equivalent,7.3,7.6,4.3,1.2,both_vintages,-1.9,-1.044292,0.0909090909090909,0.1666666666666666,0.2424242424242424,0.0303030303030303,0.0757575757575757,0.1212121212121212,0.0,21.0,3.9780952380952384,0.0020541557625231,0.09523809523809523,0.16666666666666666,0.23809523809523808
45-2041,"Graders and sorters, agricultural products",38.9,36.8,-5.4,5.1,35430.0,No formal educational credential,35.1,34.8,-0.8,5.2,both_vintages,-4.6000000000000005,-1.370968,0.1,0.1,0.1,0.0,0.05,0.1,0.0,5.0,4.434,0.0,0.2,0.2,0.2
45-2091,Agricultural equipment operators,65.2,70.3,7.7,10.5,42580.0,No formal educational credential,66.6,74.7,12.1,12.1,both_vintages,-4.3999999999999995,-1.145156,0.0,0.0,0.0,0.0,0.0,0.0,0.0,17.0,4.152352941176471,0.0,0.0,0.0,0.0
45-2092,"Farmworkers and laborers, crop, nursery, and greenhouse",504.8,488.1,-3.3,71.7,35690.0,No formal educational credential,562.9,575.7,2.3,92.6,both_vintages,-5.6,-1.601349,0.0714285714285714,0.1428571428571428,0.2142857142857142,0.0,0.0714285714285714,0.1428571428571428,0.0203,27.0,3.6076923076923078,0.066349231129498,0.07407407407407407,0.16666666666666666,0.25925925925925924
45-2093,"Farmworkers, farm, ranch, and aquacultural animals",224.6,213.4,-5.0,31.2,36150.0,No formal educational credential,228.5,213.6,-6.5,34.0,both_vintages,1.5,-1.108432,0.0,0.0625,0.125,0.0,0.078125,0.15625,0.0,19.0,4.072631578947369,0.001951447974397,0.0,0.07894736842105263,0.15789473684210525
45-2099,"Agricultural workers, all other",10.1,10.3,2.3,1.5,40390.0,No formal educational credential,11.6,12.1,4.9,2.0,both_vintages,-2.6000000000000005,,,,,,,,,,,,,,
45-3031,Fishing and hunting workers,21.9,20.9,-4.6,2.8,,No formal educational credential,28.6,29.2,2.1,4.4,both_vintages,-6.699999999999999,,0.0,0.043859649122807,0.087719298245614,0.0,0.0087719298245614,0.0175438596491228,,29.0,4.200344827586207,0.0,0.0,0.05172413793103448,0.10344827586206896
45-4011,Forest and conservation workers,10.8,10.3,-4.7,2.0,43680.0,High school diploma or equivalent,13.1,12.7,-3.4,2.3,both_vintages,-1.3000000000000003,-1.064205,0.0434782608695652,0.0434782608695652,0.0434782608695652,0.0,0.0652173913043478,0.1304347826086956,0.0,17.0,3.3182352941176467,0.0,0.058823529411764705,0.058823529411764705,0.058823529411764705
45-4021,Fallers,5.6,5.2,-7.3,0.7,53900.0,High school diploma or equivalent,5.6,5.1,-9.1,0.8,both_vintages,1.7999999999999998,-1.795407,0.0,0.03125,0.0625,0.125,0.125,0.125,0.0,18.0,4.198333333333334,0.0,0.0,0.027777777777777776,0.05555555555555555
45-4022,Logging equipment operators,30.9,30.5,-1.4,4.2,49210.0,High school diploma or equivalent,34.3,33.2,-3.3,5.2,both_vintages,1.9,-1.003702,0.1875,0.1875,0.1875,0.0,0.0625,0.125,0.0,9.0,3.968888888888889,0.0,0.2222222222222222,0.2222222222222222,0.2222222222222222
45-4023,Log graders and scalers,4.6,4.6,-0.7,0.6,46710.0,High school diploma or equivalent,4.5,4.6,3.5,0.7,both_vintages,-4.2,-0.4768305,0.0,0.2105263157894736,0.4210526315789473,0.0,0.1578947368421052,0.3157894736842105,0.0,12.0,4.275833333333334,0.0,0.0,0.16666666666666666,0.3333333333333333
45-4029,"Logging workers, all other",3.1,3.0,-4.7,0.4,52000.0,High school diploma or equivalent,4.2,3.8,-7.9,0.6,both_vintages,3.2,,,,,,,,,,,,,,
47-1011,First-line supervisors of construction trades and extraction workers,921.6,970.6,5.3,74.4,78690.0,High school diploma or equivalent,735.5,765.4,4.1,72.7,both_vintages,1.2000000000000002,-0.3054048,0.0333333333333333,0.41666666666666663,0.8,0.0333333333333333,0.2333333333333333,0.43333333333333335,0.0296,30.0,3.945666666666667,0.0082166230500924,0.03333333333333333,0.4166666666666667,0.8
47-2011,Boilermakers,10.4,10.1,-2.4,0.8,73340.0,High school diploma or equivalent,13.9,13.2,-4.5,1.1,both_vintages,2.1,-1.097532,0.0,0.0303030303030303,0.0606060606060606,0.0,0.0,0.0,0.0,18.0,3.6205555555555557,0.0,0.0,0.029411764705882353,0.058823529411764705
47-2021,Brickmasons and blockmasons,74.1,76.4,3.2,5.6,60800.0,High school diploma or equivalent,66.2,67.6,2.2,6.5,both_vintages,1.0,-1.75434,0.0,0.0384615384615384,0.0769230769230769,0.0,0.0,0.0,0.0,14.0,3.937857142857143,0.0,0.0,0.03571428571428571,0.07142857142857142
47-2022,Stonemasons,12.1,11.8,-3.0,0.8,51990.0,High school diploma or equivalent,10.7,10.2,-5.0,0.9,both_vintages,2.0,-1.714759,0.0,0.0,0.0,0.0,0.0,0.0,0.0,16.0,3.92875,0.0,0.0,0.0,0.0
47-2031,Carpenters,959.0,1002.1,4.5,74.1,59310.0,High school diploma or equivalent,948.5,969.0,2.2,91.2,both_vintages,2.3,-1.323631,0.0444444444444444,0.1444444444444444,0.2444444444444444,0.0444444444444444,0.0888888888888888,0.1333333333333333,0.0,29.0,3.8075862068965516,0.0146872137020405,0.034482758620689655,0.13793103448275862,0.2413793103448276
47-2041,Carpet installers,20.3,18.3,-9.6,1.1,49850.0,No formal educational credential,27.2,24.8,-9.0,2.0,both_vintages,-0.5999999999999996,-1.564577,0.0,0.0625,0.125,0.0,0.03125,0.0625,0.0,16.0,4.160625,0.0,0.0,0.0625,0.125
47-2042,"Floor layers, except carpet, wood, and hard tiles",33.7,36.9,9.5,2.7,54340.0,No formal educational credential,25.2,27.6,9.4,2.5,both_vintages,0.09999999999999964,-1.301024,0.0,0.0,0.0,0.0,0.0,0.0,0.0,14.0,3.919285714285714,0.0,0.0,0.0,0.0
47-2043,Floor sanders and finishers,5.6,5.8,2.6,0.4,49150.0,No formal educational credential,6.0,6.1,1.6,0.5,both_vintages,1.0,-1.748722,0.0,0.0714285714285714,0.1428571428571428,0.0,0.0,0.0,0.0,7.0,4.3757142857142854,0.0,0.0,0.07142857142857142,0.14285714285714285
47-2044,Tile and stone setters,52.6,58.0,10.1,4.2,52240.0,No formal educational credential,56.7,61.8,9.0,5.6,both_vintages,1.0999999999999996,-1.22543,0.025,0.0875,0.15,0.0,0.0375,0.075,0.0,25.0,4.0856,0.0083193308382188,0.04,0.1,0.16
47-2051,Cement masons and concrete finishers,206.7,210.4,1.8,14.3,54660.0,No formal educational credential,187.7,181.3,-3.4,15.7,both_vintages,5.2,-1.777407,0.0,0.0,0.0,0.0,0.0,0.0,0.0,26.0,3.506153846153846,0.0138655513970313,0.0,0.0,0.0
47-2053,Terrazzo workers and finishers,1.5,1.3,-11.1,0.1,57260.0,High school diploma or equivalent,2.7,2.4,-11.2,0.2,both_vintages,0.09999999999999964,-1.776065,0.0,0.0,0.0,0.0,0.0227272727272727,0.0454545454545454,0.0,26.0,3.7911538461538465,0.0,0.0,0.0,0.0
47-2061,Construction laborers,1457.0,1563.4,7.3,129.4,46730.0,No formal educational credential,1358.4,1430.3,5.3,143.2,both_vintages,2.0,-1.622988,0.0,0.05,0.1,0.0,0.025,0.05,0.0281,27.0,3.6237037037037036,0.0,0.0,0.037037037037037035,0.07407407407407407
47-2071,"Paving, surfacing, and tamping equipment operators",47.0,48.6,3.2,4.0,51650.0,High school diploma or equivalent,45.0,47.5,5.5,4.9,both_vintages,-2.3,-1.184739,0.0,0.0,0.0,0.0,0.0,0.0,0.0,20.0,3.6915,0.0,0.0,0.0,0.0
47-2072,Pile driver operators,3.2,3.3,4.3,0.3,70510.0,High school diploma or equivalent,3.9,4.1,6.0,0.4,both_vintages,-1.7000000000000002,-1.220009,0.0,0.0,0.0,0.0,0.0,0.0,0.0,5.0,4.516,0.0,0.0,0.0,0.0
47-2073,Operating engineers and other construction equipment operators,489.3,507.1,3.6,41.9,58710.0,High school diploma or equivalent,418.0,437.3,4.6,45.4,both_vintages,-0.9999999999999996,-0.8815078,0.0434782608695652,0.0543478260869565,0.0652173913043478,0.0,0.0869565217391304,0.1739130434782608,0.0,26.0,4.098076923076923,0.0,0.038461538461538464,0.038461538461538464,0.038461538461538464
47-2081,Drywall and ceiling tile installers,103.1,107.4,4.2,7.7,58140.0,No formal educational credential,111.6,115.7,3.7,9.6,both_vintages,0.5,-1.647971,0.0,0.0416666666666666,0.0833333333333333,0.0,0.0208333333333333,0.0416666666666666,0.0,26.0,3.566153846153846,0.018795525227086798,0.0,0.038461538461538464,0.07692307692307693
47-2082,Tapers,15.6,15.6,0.1,1.1,64700.0,No formal educational credential,16.8,16.6,-0.8,1.3,both_vintages,0.9,-1.540774,0.0,0.0,0.0,0.0,0.0,0.0,0.0,16.0,4.016875,0.0,0.0,0.0,0.0
47-2111,Electricians,818.7,896.1,9.5,81.0,62350.0,High school diploma or equivalent,711.2,761.4,7.1,79.9,both_vintages,2.4000000000000004,-0.7796905,0.0975609756097561,0.1463414634146341,0.1951219512195122,0.048780487804878,0.1463414634146341,0.2439024390243902,0.0,21.0,4.097619047619047,0.0067787140163264,0.09523809523809523,0.14285714285714285,0.19047619047619047
47-2121,Glaziers,60.5,62.5,3.3,5.1,55440.0,High school diploma or equivalent,56.9,59.2,4.0,6.5,both_vintages,-0.7000000000000002,-1.388901,0.0,0.0833333333333333,0.1666666666666666,0.0,0.03125,0.0625,0.0,27.0,3.8777777777777778,0.0048272660419293,0.0,0.09259259259259259,0.18518518518518517
47-2131,"Insulation workers, floor, ceiling, and wall",40.2,41.7,3.8,3.4,48680.0,No formal educational credential,33.7,34.9,3.8,3.1,both_vintages,0.0,-1.618772,0.0,0.05,0.1,0.1,0.1,0.1,0.0,10.0,3.754,0.0,0.0,0.05,0.1
47-2132,"Insulation workers, mechanical",27.2,28.5,4.7,2.3,57250.0,High school diploma or equivalent,31.2,32.1,2.8,2.9,both_vintages,1.9000000000000004,-1.268615,0.0,0.0454545454545454,0.0909090909090909,0.0,0.0454545454545454,0.0909090909090909,0.0439,9.0,4.32,0.0,0.0,0.05555555555555555,0.1111111111111111
47-2141,"Painters, construction and maintenance",342.2,355.2,3.8,28.1,48660.0,No formal educational credential,365.3,370.1,1.3,31.6,both_vintages,2.5,-1.58799,0.0571428571428571,0.0571428571428571,0.0571428571428571,0.0,0.0285714285714285,0.0571428571428571,0.0,17.0,3.7347058823529413,0.004211019313172399,0.058823529411764705,0.058823529411764705,0.058823529411764705
47-2142,Paperhangers,2.3,2.5,5.3,0.2,48260.0,No formal educational credential,4.1,4.2,3.0,0.4,both_vintages,2.3,-1.72753,0.0,0.027027027027027,0.054054054054054,0.0,0.0,0.0,0.0,20.0,4.074,0.0,0.0,0.025,0.05
47-2151,Pipelayers,34.4,32.9,-4.1,2.4,48710.0,No formal educational credential,34.6,33.7,-2.6,3.2,both_vintages,-1.4999999999999996,-1.225611,0.0,0.0357142857142857,0.0714285714285714,0.0,0.0,0.0,0.0,14.0,4.113571428571428,0.0,0.0,0.03571428571428571,0.07142857142857142
47-2152,"Plumbers, pipefitters, and steamfitters",504.5,527.2,4.5,44.0,62970.0,High school diploma or equivalent,469.0,478.0,1.9,48.6,both_vintages,2.6,-1.121219,0.0185185185185185,0.0753161698283649,0.13211382113821135,0.024390243902439,0.06436314363143625,0.1043360433604336,0.0116,51.0,3.9411764705882355,0.012016811210760401,0.0196078431372549,0.0784313725490196,0.13725490196078433
47-2161,Plasterers and stucco masons,24.2,25.2,4.1,1.9,56020.0,No formal educational credential,31.4,32.7,4.0,2.9,both_vintages,0.09999999999999964,-1.755588,0.0769230769230769,0.0769230769230769,0.0769230769230769,0.0,0.0384615384615384,0.0769230769230769,0.0,15.0,3.948,0.0,0.06666666666666667,0.06666666666666667,0.06666666666666667
47-2171,Reinforcing iron and rebar workers,19.4,20.3,4.6,1.5,59280.0,High school diploma or equivalent,19.5,20.0,3.0,1.9,both_vintages,1.5999999999999996,-1.970997,0.0,0.0714285714285714,0.1428571428571428,0.0,0.0,0.0,0.0,7.0,4.022857142857143,0.0,0.0,0.07142857142857142,0.14285714285714285
47-2181,Roofers,166.7,176.5,5.9,12.7,50970.0,No formal educational credential,158.8,161.1,1.4,15.0,both_vintages,4.5,-1.752941,0.0,0.04,0.08,0.0,0.0,0.0,0.0157,27.0,3.8714814814814815,0.0017460323981446,0.0,0.037037037037037035,0.07407407407407407
47-2211,Sheet metal workers,127.0,130.1,2.4,10.6,60850.0,High school diploma or equivalent,129.1,128.1,-0.8,12.3,both_vintages,3.2,-1.174972,0.0,0.0657894736842105,0.131578947368421,0.0,0.0394736842105263,0.0789473684210526,0.0,19.0,3.82,0.0044164348894247,0.0,0.05263157894736842,0.10526315789473684
47-2221,Structural iron and steel workers,65.7,68.6,4.4,5.5,62700.0,High school diploma or equivalent,69.0,72.0,4.3,7.5,both_vintages,0.10000000000000053,-1.780065,0.0,0.0285714285714285,0.0571428571428571,0.0,0.0,0.0,0.0491,19.0,3.9457894736842105,0.0,0.0,0.02631578947368421,0.05263157894736842
47-2231,Solar photovoltaic installers,28.6,40.6,42.1,4.1,51860.0,High school diploma or equivalent,17.1,21.7,27.2,2.5,both_vintages,14.900000000000002,-0.9441692,0.0,0.11,0.22,0.0,0.11,0.22,0.0,26.0,4.242692307692308,0.0187955252270866,0.0,0.11538461538461539,0.23076923076923078
47-3011,"Helpers--brickmasons, blockmasons, stonemasons, and tile and marble setters",16.1,14.4,-10.5,1.4,46480.0,No formal educational credential,18.6,17.0,-8.3,2.0,both_vintages,-2.1999999999999993,-1.94229,0.0,0.0,0.0,0.0,0.0,0.0,0.0,15.0,3.9833333333333334,0.0021568635506493,0.0,0.0,0.0
47-3012,Helpers--carpenters,25.2,26.4,4.5,2.7,41600.0,No formal educational credential,28.6,27.6,-3.5,3.3,both_vintages,8.0,-1.425282,0.0,0.0,0.0,0.0,0.0,0.0,0.0,18.0,3.6566666666666663,0.0,0.0,0.0,0.0
47-3013,Helpers--electricians,66.6,66.7,0.2,6.8,39890.0,High school diploma or equivalent,74.6,72.5,-2.8,8.6,both_vintages,3.0,-1.506896,0.024390243902439,0.024390243902439,0.024390243902439,0.0,0.0,0.0,0.0,25.0,3.6608,0.0,0.041666666666666664,0.041666666666666664,0.041666666666666664
47-3014,"Helpers--painters, paperhangers, plasterers, and stucco masons",7.4,7.6,2.3,0.8,38140.0,No formal educational credential,9.1,9.3,2.6,1.1,both_vintages,-0.30000000000000027,-2.04484,0.0,0.0,0.0,0.0,0.0,0.0,0.0,11.0,3.53,0.0,0.0,0.0,0.0
47-3015,"Helpers--pipelayers, plumbers, pipefitters, and steamfitters",45.3,47.5,4.9,4.9,39270.0,High school diploma or equivalent,47.8,48.8,2.0,5.9,both_vintages,2.9000000000000004,-1.678876,0.0,0.0,0.0,0.0,0.0,0.0,0.0,15.0,3.7386666666666666,0.0,0.0,0.0,0.0
47-3016,Helpers--roofers,5.2,5.5,5.7,0.6,40590.0,No formal educational credential,7.0,7.1,1.9,0.9,both_vintages,3.8000000000000003,-1.89822,0.0,0.0,0.0,0.0,0.0,0.0,0.0,18.0,3.9838888888888895,0.0,0.0,0.0,0.0
47-3019,"Helpers, construction trades, all other",26.3,27.4,4.4,2.8,40760.0,No formal educational credential,28.2,29.2,3.4,3.6,both_vintages,1.0000000000000004,,,,,,,,,,,,,,
47-4011,Construction and building inspectors,147.6,146.5,-0.8,14.8,72120.0,High school diploma or equivalent,129.2,123.4,-4.4,14.8,both_vintages,3.6000000000000005,0.2860245,0.0,0.33410428931875524,0.6682085786375105,0.07317073170731705,0.28238015138772077,0.4915895710681245,0.0481,40.0,3.7765,0.0271148560653055,0.0,0.35,0.7
47-4021,Elevator and escalator installers and repairers,24.2,25.4,5.0,2.0,106580.0,High school diploma or equivalent,23.2,23.9,2.9,2.1,both_vintages,2.1,-0.8604742,0.1578947368421052,0.1842105263157894,0.2105263157894736,0.0,0.0789473684210526,0.1578947368421052,0.0,20.0,4.3185,0.0023622791269016,0.15,0.175,0.2
47-4031,Fence erectors,26.4,27.6,4.6,2.3,46940.0,No formal educational credential,29.9,29.7,-0.5,3.0,both_vintages,5.1,-1.902113,0.0512820512820512,0.0512820512820512,0.0512820512820512,0.0,0.0256410256410256,0.0512820512820512,0.0,20.0,4.0375,0.0,0.05,0.05,0.05
47-4041,Hazardous materials removal workers,51.3,51.8,1.0,5.0,48490.0,High school diploma or equivalent,44.7,44.6,-0.3,5.7,both_vintages,1.3,-0.6887439,0.032258064516129,0.0806451612903225,0.1290322580645161,0.0,0.032258064516129,0.064516129032258,0.0,21.0,4.027142857142858,0.0035947725844155,0.047619047619047616,0.09523809523809523,0.14285714285714285
47-4051,Highway maintenance workers,159.1,163.9,3.0,12.3,49070.0,High school diploma or equivalent,145.9,156.3,7.1,16.5,both_vintages,-4.1,-1.27909,0.0,0.0161290322580645,0.032258064516129,0.0,0.0,0.0,0.0,19.0,3.896315789473684,0.0,0.0,0.02631578947368421,0.05263157894736842
47-4061,Rail-track laying and maintenance equipment operators,15.0,15.3,1.6,1.1,67370.0,High school diploma or equivalent,17.0,17.8,4.4,1.4,both_vintages,-2.8000000000000003,-1.39906,0.0,0.0,0.0,0.0,0.0,0.0,0.0,26.0,3.821923076923077,0.0,0.0,0.0,0.0
47-4071,Septic tank servicers and sewer pipe cleaners,30.4,32.7,7.6,2.9,49140.0,High school diploma or equivalent,30.1,32.2,6.8,3.6,both_vintages,0.7999999999999998,-1.210591,0.0625,0.078125,0.09375,0.03125,0.09375,0.15625,0.0,22.0,3.630909090909091,0.0036974803725416,0.045454545454545456,0.06818181818181818,0.09090909090909091
47-4090,Miscellaneous construction and related workers,35.0,36.2,3.5,3.1,48120.0,High school diploma or equivalent,33.0,34.4,4.0,3.8,both_vintages,-0.5,,,,,,,,,,,,,,
47-5011,"Derrick operators, oil and gas",11.3,11.3,0.5,1.0,62740.0,No formal educational credential,8.6,10.0,16.9,1.2,both_vintages,-16.4,-1.415002,0.0,0.0,0.0,0.0,0.0,0.0,0.0,15.0,4.221333333333333,0.0,0.0,0.0,0.0
47-5012,"Rotary drill operators, oil and gas",13.3,13.4,0.2,1.2,65010.0,No formal educational credential,12.1,14.3,17.6,1.7,both_vintages,-17.400000000000002,-0.7737326,0.0526315789473684,0.0526315789473684,0.0526315789473684,0.0,0.0263157894736842,0.0526315789473684,0.0,20.0,4.1705,0.0,0.05,0.05,0.05
47-5013,"Service unit operators, oil and gas",45.2,45.4,0.4,4.1,57980.0,No formal educational credential,35.7,42.0,17.5,5.1,both_vintages,-17.1,-0.971916,0.064516129032258,0.064516129032258,0.064516129032258,0.064516129032258,0.1451612903225806,0.2258064516129032,0.0,19.0,4.003684210526315,0.0204388498371054,0.05263157894736842,0.05263157894736842,0.05263157894736842
47-5022,"Excavating and loading machine and dragline operators, surface mining",35.8,35.6,-0.4,3.1,52550.0,High school diploma or equivalent,36.5,36.5,-0.1,3.8,both_vintages,-0.30000000000000004,,0.0,0.0,0.0,0.0,0.0,0.0,0.0,16.0,4.019375,0.0045191426775509,0.0,0.0,0.0
47-5023,"Earth drillers, except oil and gas",18.3,18.8,2.9,1.7,59600.0,High school diploma or equivalent,16.3,17.8,9.1,1.9,both_vintages,-6.199999999999999,,0.0909090909090909,0.1363636363636363,0.1818181818181818,0.0,0.1136363636363636,0.2272727272727273,0.0,29.0,3.988571428571429,0.0,0.06896551724137931,0.13793103448275862,0.20689655172413793
47-5032,"Explosives workers, ordnance handling experts, and blasters",5.8,5.8,-0.9,0.5,59110.0,High school diploma or equivalent,7.1,7.2,1.5,0.7,both_vintages,-2.4,,0.125,0.1354166666666666,0.1458333333333333,0.0208333333333333,0.1145833333333333,0.2083333333333333,0.0,27.0,4.2704545454545455,0.0,0.14814814814814814,0.16666666666666666,0.18518518518518517
47-5041,Continuous mining machine operators,14.9,15.0,0.6,1.6,63380.0,No formal educational credential,14.9,15.2,1.6,1.8,both_vintages,-1.0,-1.165492,0.0,0.0,0.0,0.0,0.06,0.12,0.0,15.0,4.36,0.0,0.0,0.0,0.0
47-5043,"Roof bolters, mining",2.3,1.5,-34.2,0.1,76640.0,High school diploma or equivalent,1.9,1.5,-21.5,0.2,both_vintages,-12.700000000000003,,0.0,0.0,0.0,0.0,0.0,0.0,0.0,14.0,4.787857142857143,0.0,0.0,0.0,0.0
47-5044,"Loading and moving machine operators, underground mining",6.4,5.0,-22.3,0.5,68860.0,No formal educational credential,4.5,3.7,-17.8,0.4,both_vintages,-4.5,,0.0232558139534883,0.0232558139534883,0.0232558139534883,0.0232558139534883,0.0813953488372093,0.1395348837209302,0.0,25.0,4.0312,0.0,0.04,0.04,0.04
47-5049,"Underground mining machine operators, all other",3.6,3.4,-6.1,0.4,67220.0,No formal educational credential,3.2,3.0,-5.2,0.4,both_vintages,-0.8999999999999995,,,,,,,,,,,,,,
47-5051,"Rock splitters, quarry",3.2,3.4,4.4,0.4,47460.0,No formal educational credential,4.5,4.7,4.2,0.6,both_vintages,0.20000000000000018,-1.763494,0.0,0.0769230769230769,0.1538461538461538,0.0,0.0769230769230769,0.1538461538461538,0.0,9.0,3.678888888888889,0.0,0.0,0.05555555555555555,0.1111111111111111
47-5071,"Roustabouts, oil and gas",46.0,47.1,2.5,4.3,47510.0,No formal educational credential,37.3,45.9,23.0,5.6,both_vintages,-20.5,-1.518977,0.0,0.0,0.0,0.0,0.0,0.0,0.0,13.0,3.366153846153846,0.0,0.0,0.0,0.0
47-5081,Helpers--extraction workers,7.0,6.9,-1.7,0.7,48400.0,High school diploma or equivalent,6.2,7.1,15.5,0.9,both_vintages,-17.2,-1.543154,0.0,0.0,0.0,0.0,0.0652173913043478,0.1304347826086956,0.0,14.0,3.850714285714286,0.0,0.0,0.0,0.0
47-5099,"Extraction workers, all other",6.3,6.4,1.4,0.7,50110.0,High school diploma or equivalent,5.6,6.1,10.3,0.7,both_vintages,-8.9,,,,,,,,,,,,,,
49-1011,"First-line supervisors of mechanics, installers, and repairers",617.5,636.5,3.1,52.4,78300.0,High school diploma or equivalent,544.7,564.6,3.6,53.5,both_vintages,-0.5,-0.0205169,0.0256410256410256,0.4102564102564102,0.7948717948717948,0.0769230769230769,0.2692307692307692,0.4615384615384615,0.1015,22.0,3.6427272727272726,0.022698421175880702,0.045454545454545456,0.4318181818181818,0.8181818181818182
49-2011,"Computer, automated teller, and office machine repairers",79.1,78.4,-0.9,7.6,46860.0,"Some college, no degree",102.1,98.5,-3.6,10.3,both_vintages,2.7,-0.3458247,0.2857142857142857,0.3673469387755101,0.4489795918367346,0.0816326530612244,0.2040816326530612,0.3265306122448979,0.1067,25.0,3.9248000000000003,0.1488235849948026,0.28,0.36,0.44
49-2021,"Radio, cellular, and tower equipment installers and repairers",11.7,12.7,8.6,1.2,64190.0,Associate's degree,14.1,14.9,5.6,1.7,both_vintages,3.0,-0.6335382,0.0476190476190476,0.1071428571428571,0.1666666666666666,0.0476190476190476,0.0833333333333333,0.119047619047619,0.0,30.0,4.0616666666666665,0.0,0.03333333333333333,0.08333333333333333,0.13333333333333333
49-2022,"Telecommunications equipment installers and repairers, except line installers",156.9,150.4,-4.2,13.2,62630.0,Postsecondary nondegree award,178.0,192.3,8.1,22.5,both_vintages,-12.3,-0.853048,0.234375,0.28125,0.328125,0.109375,0.203125,0.296875,0.0333,39.0,3.7279487179487174,0.0080112074738402,0.2564102564102564,0.3076923076923077,0.358974358974359
49-2091,Avionics technicians,21.4,23.1,8.2,1.8,81390.0,Postsecondary nondegree award,19.6,20.6,5.1,1.6,both_vintages,3.0999999999999996,-0.1728535,0.12,0.24,0.36,0.08,0.14,0.2,0.0,13.0,4.015384615384615,0.009859947660111,0.15384615384615385,0.2692307692307692,0.38461538461538464
49-2092,"Electric motor, power tool, and related repairers",17.1,17.7,3.4,1.7,53990.0,High school diploma or equivalent,17.4,18.1,3.9,1.5,both_vintages,-0.5,-0.8106341,0.0961538461538461,0.1057692307692307,0.1153846153846153,0.0,0.0192307692307692,0.0384615384615384,0.0,31.0,3.843225806451613,0.011400564482003401,0.0967741935483871,0.0967741935483871,0.0967741935483871
49-2093,"Electrical and electronics installers and repairers, transportation equipment",7.0,7.4,6.1,0.6,82730.0,Postsecondary nondegree award,9.2,9.5,3.5,0.9,both_vintages,2.5999999999999996,-0.8303875,0.16,0.24,0.32,0.08,0.16,0.24,0.0,15.0,3.6473333333333335,0.0539215887662328,0.2,0.26666666666666666,0.3333333333333333
49-2094,"Electrical and electronics repairers, commercial and industrial equipment",61.1,60.7,-0.8,4.7,71300.0,Postsecondary nondegree award,52.8,54.0,2.2,5.0,both_vintages,-3.0,-0.4632031,0.1794871794871795,0.3076923076923077,0.4358974358974359,0.1794871794871795,0.282051282051282,0.3846153846153846,0.0,20.0,3.9085,0.0155088760070497,0.2,0.325,0.45
49-2095,"Electrical and electronics repairers, powerhouse, substation, and relay",23.4,24.7,5.5,2.0,100940.0,Postsecondary nondegree award,22.8,21.7,-5.0,1.9,both_vintages,10.5,-0.5522636,0.24,0.34,0.44,0.0,0.16,0.32,0.0,15.0,4.051333333333333,0.0100653632363634,0.2,0.3,0.4
49-2096,"Electronic equipment installers and repairers, motor vehicles",10.3,8.9,-13.6,0.6,47940.0,High school diploma or equivalent,9.2,7.1,-23.4,0.5,both_vintages,9.799999999999999,-0.7915968,0.1666666666666666,0.1666666666666666,0.1666666666666666,0.0,0.125,0.25,0.0,12.0,4.1875,0.0015406168218923,0.16666666666666666,0.16666666666666666,0.16666666666666666
49-2097,Audiovisual equipment installers and repairers,24.6,26.3,6.6,2.6,50620.0,Postsecondary nondegree award,26.6,25.9,-2.6,2.7,both_vintages,9.2,-0.571284,0.1904761904761904,0.238095238095238,0.2857142857142857,0.0,0.0952380952380952,0.1904761904761904,0.0,11.0,3.956363636363636,0.0628571663332085,0.18181818181818182,0.22727272727272727,0.2727272727272727
49-2098,Security and fire alarm systems installers,85.9,94.9,10.4,9.4,59300.0,High school diploma or equivalent,82.9,86.7,4.7,9.4,both_vintages,5.7,-0.6926484,0.0666666666666666,0.1666666666666666,0.2666666666666666,0.1,0.1833333333333333,0.2666666666666666,0.0303,16.0,4.16375,0.029374427404081,0.125,0.21875,0.3125
49-3011,Aircraft mechanics and service technicians,139.4,145.0,4.0,11.3,78680.0,Postsecondary nondegree award,131.7,139.8,6.1,11.5,both_vintages,-2.0999999999999996,-0.6551197,0.0895522388059701,0.1343283582089552,0.1791044776119403,0.0149253731343283,0.0597014925373134,0.1044776119402985,0.0,38.0,3.8297368421052633,0.0063678828638217,0.07894736842105263,0.13157894736842105,0.18421052631578946
49-3021,Automotive body and related repairers,172.6,175.4,1.6,14.6,51680.0,High school diploma or equivalent,152.5,156.8,2.8,15.2,both_vintages,-1.1999999999999997,-1.180589,0.0,0.0425531914893617,0.0851063829787234,0.0212765957446808,0.0425531914893617,0.0638297872340425,0.0,25.0,4.0612,0.0,0.0,0.04,0.08
49-3022,Automotive glass installers and repairers,20.4,21.1,3.6,1.4,47260.0,High school diploma or equivalent,18.5,19.3,4.4,1.8,both_vintages,-0.8000000000000003,-1.202285,0.0,0.0,0.0,0.0,0.0,0.0,0.0,18.0,4.234444444444445,0.0,0.0,0.0,0.0
49-3023,Automotive service technicians and mechanics,805.6,839.2,4.2,70.0,49670.0,Postsecondary nondegree award,733.2,743.8,1.4,73.3,both_vintages,2.8000000000000003,-0.9547055,0.0363636363636363,0.0818181818181818,0.1272727272727272,0.0363636363636363,0.0727272727272727,0.109090909090909,0.0,30.0,4.033571428571428,0.0102707788126157,0.03333333333333333,0.08333333333333333,0.13333333333333333
49-3031,Bus and truck mechanics and diesel engine specialists,319.9,327.7,2.4,26.5,60640.0,High school diploma or equivalent,293.2,305.8,4.3,28.5,both_vintages,-1.9,-1.010472,0.0,0.0,0.0,0.0,0.0,0.0,0.0,26.0,3.9396153846153843,0.0080112074738403,0.0,0.0,0.0
49-3041,Farm equipment mechanics and service technicians,39.0,43.3,11.0,3.7,52080.0,High school diploma or equivalent,49.5,54.8,10.7,5.5,both_vintages,0.3000000000000007,-1.20703,0.1153846153846153,0.1153846153846153,0.1153846153846153,0.1538461538461538,0.173076923076923,0.1923076923076923,0.0,14.0,4.151428571428571,0.0,0.14285714285714285,0.14285714285714285,0.14285714285714285
49-3042,"Mobile heavy equipment mechanics, except engines",188.7,199.6,5.8,16.5,63980.0,High school diploma or equivalent,152.6,164.2,7.6,16.3,both_vintages,-1.7999999999999998,-1.169815,0.05,0.1,0.15,0.05,0.125,0.2,0.0,20.0,4.0255,0.0058543439231909,0.05,0.1,0.15
49-3043,Rail car repairers,17.9,18.4,2.8,1.5,65680.0,High school diploma or equivalent,20.9,21.6,3.7,2.1,both_vintages,-0.9000000000000004,-1.448102,0.064516129032258,0.0967741935483871,0.1290322580645161,0.064516129032258,0.064516129032258,0.064516129032258,0.0,20.0,3.626,0.0,0.05,0.075,0.1
49-3051,Motorboat mechanics and service technicians,26.2,27.8,6.0,2.6,54950.0,High school diploma or equivalent,25.7,27.8,8.3,3.0,both_vintages,-2.3000000000000007,-0.8863602,0.0769230769230769,0.0769230769230769,0.0769230769230769,0.0,0.0384615384615384,0.0769230769230769,0.0,13.0,3.94,0.0,0.07692307692307693,0.07692307692307693,0.07692307692307693
49-3052,Motorcycle mechanics,14.9,15.7,5.3,1.5,47200.0,Postsecondary nondegree award,16.6,17.3,4.3,1.8,both_vintages,1.0,-0.763721,0.0,0.0,0.0,0.0,0.0,0.0,0.0,13.0,4.368461538461538,0.0023622791269016,0.0,0.0,0.0
49-3053,Outdoor power equipment and other small engine mechanics,36.9,37.8,2.5,3.5,46560.0,High school diploma or equivalent,37.5,38.7,3.1,4.1,both_vintages,-0.6000000000000001,-0.8941408,0.1428571428571428,0.1785714285714285,0.2142857142857142,0.0714285714285714,0.1071428571428571,0.1428571428571428,0.0,14.0,4.331428571428572,0.0,0.14285714285714285,0.17857142857142858,0.21428571428571427
49-3091,Bicycle repairers,13.2,12.9,-2.3,1.6,40360.0,High school diploma or equivalent,15.1,15.9,5.2,1.8,both_vintages,-7.5,-0.9226068,0.0,0.1034482758620689,0.2068965517241379,0.0689655172413793,0.0689655172413793,0.0689655172413793,0.0,14.0,4.272142857142858,0.0,0.0,0.10714285714285714,0.21428571428571427
49-3092,Recreational vehicle service technicians,19.5,21.7,11.5,2.8,50540.0,High school diploma or equivalent,16.7,18.7,12.2,2.2,both_vintages,-0.6999999999999993,-0.9244052,0.0606060606060606,0.0606060606060606,0.0606060606060606,0.0606060606060606,0.0909090909090909,0.1212121212121212,0.0,17.0,4.065294117647059,0.0,0.058823529411764705,0.058823529411764705,0.058823529411764705
49-3093,Tire repairers and changers,113.4,119.9,5.7,15.3,37120.0,High school diploma or equivalent,95.3,98.2,3.1,11.1,both_vintages,2.6,-1.550724,0.0,0.0,0.0,0.0,0.0,0.0,0.0,24.0,4.170416666666667,0.0,0.0,0.0,0.0
49-9011,Mechanical door repairers,28.4,31.7,11.4,2.7,51050.0,High school diploma or equivalent,23.7,26.4,11.4,2.2,both_vintages,0.0,-1.383152,0.0909090909090909,0.1363636363636363,0.1818181818181818,0.0454545454545454,0.0681818181818181,0.0909090909090909,0.0,25.0,3.7032,0.0,0.08,0.12,0.16
49-9012,"Control and valve installers and repairers, except mechanical door",47.7,48.3,1.3,3.9,74690.0,High school diploma or equivalent,45.7,46.1,0.7,3.6,both_vintages,0.6000000000000001,-0.7606913,0.0952380952380952,0.1309523809523809,0.1666666666666666,0.0476190476190476,0.0714285714285714,0.0952380952380952,0.0,32.0,3.743125,0.0,0.0625,0.09375,0.125
49-9021,"Heating, air conditioning, and refrigeration mechanics and installers",425.2,459.7,8.1,40.1,59810.0,Postsecondary nondegree award,394.1,414.4,5.1,40.1,both_vintages,3.0,-0.8491117,0.0701754385964912,0.1052631578947368,0.1403508771929824,0.0701754385964912,0.1403508771929824,0.2105263157894736,0.0191,30.0,4.008214285714286,0.005238097194434,0.06666666666666667,0.1,0.13333333333333333
49-9031,Home appliance repairers,37.3,38.3,2.6,3.1,49410.0,High school diploma or equivalent,35.5,36.0,1.3,3.6,both_vintages,1.3,-0.9703799,0.0727272727272727,0.1454545454545454,0.2181818181818181,0.0727272727272727,0.109090909090909,0.1454545454545454,0.0,29.0,4.069310344827587,0.0046218504656771,0.06896551724137931,0.13793103448275862,0.20689655172413793
49-9041,Industrial machinery mechanics,439.6,510.3,16.1,45.7,63760.0,High school diploma or equivalent,384.8,447.9,16.4,42.5,both_vintages,-0.29999999999999716,-1.133177,0.1935483870967742,0.2741935483870967,0.3548387096774194,0.064516129032258,0.1451612903225806,0.2258064516129032,0.0239,16.0,3.930625,0.0207469732014839,0.1875,0.28125,0.375
49-9043,"Maintenance workers, machinery",57.5,55.9,-2.8,4.8,60500.0,High school diploma or equivalent,58.5,63.0,7.8,6.9,both_vintages,-10.6,-0.9735492,0.1142857142857142,0.1428571428571428,0.1714285714285714,0.1142857142857142,0.1142857142857142,0.1142857142857142,0.0,18.0,3.876111111111111,0.0,0.1111111111111111,0.1388888888888889,0.16666666666666666
49-9044,Millwrights,41.3,41.3,0.0,3.6,65170.0,High school diploma or equivalent,39.9,42.0,5.2,3.8,both_vintages,-5.2,-1.266085,0.0,0.0217391304347826,0.0434782608695652,0.0,0.0434782608695652,0.0869565217391304,0.0,23.0,4.182608695652174,0.0042110193131724,0.0,0.021739130434782608,0.043478260869565216
49-9045,"Refractory materials repairers, except brickmasons",1.1,0.9,-16.9,0.1,58540.0,High school diploma or equivalent,0.7,0.5,-20.2,0.0,both_vintages,3.3000000000000007,-1.237463,0.0,0.0,0.0,0.0,0.0,0.0,0.0,10.0,3.746,0.0,0.0,0.0,0.0
49-9051,Electrical power-line installers and repairers,127.4,135.8,6.6,10.7,92560.0,High school diploma or equivalent,126.6,130.7,3.2,11.1,both_vintages,3.3999999999999995,-1.081398,0.0,0.0,0.0,0.0,0.0,0.0,0.0,23.0,4.17,0.0,0.0,0.0,0.0
49-9052,Telecommunications line installers and repairers,99.9,96.8,-3.1,8.9,70500.0,High school diploma or equivalent,103.8,113.4,9.2,12.4,both_vintages,-12.299999999999999,-1.083883,0.03125,0.03125,0.03125,0.0,0.03125,0.0625,0.0,19.0,3.847368421052632,0.0028758180675324,0.05263157894736842,0.05263157894736842,0.05263157894736842
49-9061,Camera and photographic equipment repairers,2.3,1.9,-15.1,0.2,49300.0,High school diploma or equivalent,2.5,2.7,4.8,0.3,both_vintages,-19.9,0.0546422,0.04,0.24,0.44,0.0,0.04,0.08,0.0412,15.0,3.8546666666666667,0.0055462205588124,0.06666666666666667,0.26666666666666666,0.4666666666666667
49-9062,Medical equipment repairers,68.0,76.8,12.9,7.3,62630.0,Associate's degree,59.1,69.1,17.0,7.7,both_vintages,-4.1,-0.2768838,0.1515151515151515,0.303030303030303,0.4545454545454546,0.2121212121212121,0.2727272727272727,0.3333333333333333,0.0,20.0,3.9735,0.0136601358207789,0.16666666666666666,0.3055555555555556,0.4444444444444444
49-9063,Musical instrument repairers and tuners,6.2,6.3,1.4,0.6,45320.0,High school diploma or equivalent,6.4,5.9,-7.1,0.6,both_vintages,8.5,-0.5306271,0.0,0.0196078431372549,0.0392156862745098,0.0,0.0,0.0,0.0,24.0,3.954166666666666,0.0023622791269016,0.0,0.020833333333333332,0.041666666666666664
49-9064,Watch and clock repairers,1.4,1.4,-1.1,0.1,60690.0,High school diploma or equivalent,2.2,1.7,-24.7,0.1,both_vintages,23.599999999999998,-0.2123996,0.1333333333333333,0.1999999999999999,0.2666666666666666,0.0666666666666666,0.1666666666666666,0.2666666666666666,0.0,15.0,4.338666666666667,0.0,0.13333333333333333,0.2,0.26666666666666666
49-9069,"Precision instrument and equipment repairers, all other",10.8,11.0,2.0,1.0,67080.0,High school diploma or equivalent,12.3,12.6,2.5,1.3,both_vintages,-0.5,,,,,,,,,,,,,,
49-9071,"Maintenance and repair workers, general",1629.7,1692.1,3.8,159.8,48620.0,High school diploma or equivalent,1539.1,1615.3,5.0,160.1,both_vintages,-1.2000000000000002,-1.014408,0.0392156862745098,0.1372549019607843,0.2352941176470588,0.0,0.0784313725490196,0.1568627450980392,0.0,27.0,3.6377777777777776,0.0112978566938773,0.037037037037037035,0.12962962962962962,0.2222222222222222
49-9081,Wind turbine service technicians,13.6,20.5,49.9,2.3,62580.0,Postsecondary nondegree award,11.1,16.1,44.3,1.9,both_vintages,5.600000000000001,-0.9709935,0.0,0.0434782608695652,0.0869565217391304,0.0,0.0434782608695652,0.0869565217391304,0.0,12.0,4.160833333333334,0.0,0.0,0.041666666666666664,0.08333333333333333
49-9091,"Coin, vending, and amusement machine servicers and repairers",32.5,31.6,-2.9,3.5,47350.0,High school diploma or equivalent,30.6,32.0,4.9,3.9,both_vintages,-7.800000000000001,-0.7233995,0.3214285714285714,0.3214285714285714,0.3214285714285714,0.1785714285714285,0.1964285714285714,0.2142857142857142,0.0,18.0,3.955,0.0025676947031539,0.2777777777777778,0.2777777777777778,0.2777777777777778
49-9092,Commercial divers,4.2,4.5,8.5,0.4,61130.0,Postsecondary nondegree award,3.0,3.4,14.7,0.4,both_vintages,-6.199999999999999,-1.102728,0.0,0.0666666666666666,0.1333333333333333,0.0,0.0888888888888888,0.1777777777777777,0.0,23.0,3.880434782608696,0.0023622791269016,0.0,0.06521739130434782,0.13043478260869565
49-9094,Locksmiths and safe repairers,18.8,17.2,-8.3,1.7,50490.0,High school diploma or equivalent,20.3,17.3,-14.8,1.6,both_vintages,6.5,-0.8657498,0.08,0.08,0.08,0.08,0.08,0.08,0.0,14.0,4.015714285714286,0.0,0.07142857142857142,0.07142857142857142,0.07142857142857142
49-9095,Manufactured building and mobile home installers,3.1,3.3,5.9,0.3,41080.0,High school diploma or equivalent,3.9,3.1,-20.3,0.3,both_vintages,26.200000000000003,-1.414062,0.0769230769230769,0.0769230769230769,0.0769230769230769,0.0769230769230769,0.1153846153846153,0.1538461538461538,0.0,14.0,3.777857142857143,0.0,0.07142857142857142,0.07142857142857142,0.07142857142857142
49-9096,Riggers,24.6,25.4,3.2,2.5,62060.0,High school diploma or equivalent,18.5,19.3,4.0,2.2,both_vintages,-0.7999999999999998,-1.221519,0.0,0.0,0.0,0.0,0.037037037037037,0.074074074074074,0.0,14.0,4.147142857142858,0.0,0.0,0.0,0.0
49-9097,Signal and track switch repairers,8.7,8.8,1.7,0.8,83600.0,High school diploma or equivalent,6.8,7.0,3.7,0.7,both_vintages,-2.0,-0.858221,0.0769230769230769,0.0769230769230769,0.0769230769230769,0.0,0.0384615384615384,0.0769230769230769,0.0,12.0,3.953333333333333,0.0,0.08333333333333333,0.08333333333333333,0.08333333333333333
49-9098,"Helpers--installation, maintenance, and repair workers",98.7,101.0,2.3,11.8,38860.0,High school diploma or equivalent,90.5,93.9,3.8,11.4,both_vintages,-1.5,-1.346555,0.0,0.0333333333333333,0.0666666666666666,0.0,0.0,0.0,0.0,16.0,3.724375,0.0016433246100185,0.0,0.03125,0.0625
49-9099,"Installation, maintenance, and repair workers, all other",221.2,226.5,2.4,21.5,48640.0,High school diploma or equivalent,180.5,186.3,3.2,19.3,both_vintages,-0.8000000000000003,-0.5900791,0.064516129032258,0.2096774193548387,0.3548387096774194,0.2903225806451612,0.3064516129032258,0.3225806451612903,0.0,24.0,3.79625,0.0021568635506493,0.041666666666666664,0.16666666666666666,0.2916666666666667
51-1011,First-line supervisors of production and operating workers,698.6,706.9,1.2,67.7,71190.0,High school diploma or equivalent,646.8,659.0,1.9,68.7,both_vintages,-0.7,-0.0845282,0.15,0.4,0.65,0.0,0.225,0.45,0.0,20.0,3.9549999999999996,0.0032866492200369,0.15,0.4,0.65
51-2011,"Aircraft structure, surfaces, rigging, and systems assemblers",33.6,28.7,-14.5,2.8,61680.0,High school diploma or equivalent,34.3,27.7,-19.4,2.9,both_vintages,4.899999999999999,-0.8684706,0.0,0.025,0.05,0.0,0.025,0.05,0.0494,27.0,4.128888888888889,0.0020541557625231,0.0,0.018518518518518517,0.037037037037037035
51-2021,"Coil winders, tapers, and finishers",12.2,11.5,-6.3,1.2,47260.0,High school diploma or equivalent,11.4,9.3,-17.9,1.0,both_vintages,11.599999999999998,-0.8289722,0.2222222222222222,0.2222222222222222,0.2222222222222222,0.0,0.1388888888888889,0.2777777777777778,0.0,11.0,4.191818181818181,0.0,0.18181818181818182,0.18181818181818182,0.18181818181818182
51-2028,"Electrical, electronic, and electromechanical assemblers, except coil winders, tapers, and finishers",261.4,273.3,4.6,29.6,44040.0,High school diploma or equivalent,279.5,285.5,2.2,32.8,both_vintages,2.3999999999999995,,,,,,,,,,,,,,
51-2031,Engine and other machine assemblers,38.4,30.3,-21.1,2.8,52540.0,High school diploma or equivalent,47.3,41.6,-12.2,5.7,both_vintages,-8.900000000000002,-0.9561453,0.0,0.0952380952380952,0.1904761904761904,0.0,0.0,0.0,0.0,12.0,4.229166666666667,0.0,0.0,0.08333333333333333,0.16666666666666666
51-2041,Structural metal fabricators and fitters,53.8,45.0,-16.3,4.1,49900.0,High school diploma or equivalent,63.6,53.6,-15.8,4.7,both_vintages,-0.5,-1.076307,0.0,0.0227272727272727,0.0454545454545454,0.0,0.0227272727272727,0.0454545454545454,0.0,23.0,3.87,0.0,0.0,0.021739130434782608,0.043478260869565216
51-2051,Fiberglass laminators and fabricators,18.6,19.4,4.2,2.1,45760.0,High school diploma or equivalent,17.8,18.0,0.7,2.1,both_vintages,3.5,,0.0,0.0208333333333333,0.0416666666666666,0.0833333333333333,0.0833333333333333,0.0833333333333333,0.0,16.0,4.171875,0.0,0.0,0.03125,0.0625
51-2061,Timing device assemblers and adjusters,0.2,0.2,-17.5,0.0,40790.0,High school diploma or equivalent,0.6,0.5,-18.3,0.1,both_vintages,0.8000000000000007,,0.0,0.06,0.12,0.0,0.0,0.0,0.0392,17.0,4.13470588235294,0.0,0.0,0.08823529411764706,0.17647058823529413
51-2090,Miscellaneous assemblers and fabricators,1467.1,1465.9,-0.1,156.3,42210.0,High school diploma or equivalent,1367.1,1270.7,-7.1,142.7,both_vintages,7.0,,,,,,,,,,,,,,
51-3011,Bakers,249.1,263.2,5.6,39.9,36650.0,No formal educational credential,200.8,217.0,8.1,31.3,both_vintages,-2.5,-0.3852989,0.1470588235294117,0.2647058823529412,0.3823529411764705,0.088235294117647,0.1176470588235294,0.1470588235294117,0.0,18.0,4.307222222222222,0.0105789021769941,0.16666666666666666,0.2777777777777778,0.3888888888888889
51-3021,Butchers and meat cutters,143.1,144.5,1.0,16.9,38960.0,No formal educational credential,146.9,142.0,-3.3,17.7,both_vintages,4.3,-0.9709924,0.0526315789473684,0.131578947368421,0.2105263157894736,0.0,0.0263157894736842,0.0526315789473684,0.0,11.0,4.297272727272727,0.0,0.09090909090909091,0.13636363636363635,0.18181818181818182
51-3022,"Meat, poultry, and fish cutters and trimmers",146.8,154.9,5.5,18.4,37700.0,No formal educational credential,137.3,139.1,1.3,17.5,both_vintages,4.2,-1.10563,0.0,0.0,0.0,0.0,0.0,0.0,0.0,12.0,4.2299999999999995,0.0,0.0,0.0,0.0
51-3023,Slaughterers and meat packers,69.6,71.2,2.2,8.4,39790.0,No formal educational credential,88.3,86.7,-1.8,10.8,both_vintages,4.0,-1.834668,0.0,0.0,0.0,0.0,0.0,0.0,0.0,14.0,4.377142857142857,0.0,0.0,0.0,0.0
51-3091,"Food and tobacco roasting, baking, and drying machine operators and tenders",20.7,20.8,0.6,2.4,42730.0,No formal educational credential,21.1,21.6,2.2,2.8,both_vintages,-1.6,-0.758859,0.0666666666666666,0.0666666666666666,0.0666666666666666,0.0,0.0666666666666666,0.1333333333333333,0.0,19.0,4.206315789473685,0.0,0.05263157894736842,0.05263157894736842,0.05263157894736842
51-3092,Food batchmakers,173.5,185.4,6.9,24.2,40790.0,High school diploma or equivalent,159.9,168.7,5.5,23.5,both_vintages,1.4000000000000004,-0.3791114,0.1025641025641025,0.1153846153846153,0.1282051282051282,0.1282051282051282,0.1538461538461538,0.1794871794871795,0.0,25.0,4.4796,0.054948666647494294,0.08,0.1,0.12
51-3093,Food cooking machine operators and tenders,29.7,29.9,0.6,4.4,40550.0,High school diploma or equivalent,27.2,27.0,-0.8,5.0,both_vintages,1.4,-0.5559894,0.1290322580645161,0.1290322580645161,0.1290322580645161,0.0,0.032258064516129,0.064516129032258,0.0,17.0,4.388823529411765,0.0,0.11764705882352941,0.11764705882352941,0.11764705882352941
51-3099,"Food processing workers, all other",58.7,61.8,5.3,6.5,38420.0,No formal educational credential,49.3,49.4,0.2,5.4,both_vintages,5.1,,,,,,,,,,,,,,
51-4021,"Extruding and drawing machine setters, operators, and tenders, metal and plastic",66.0,66.8,1.2,6.5,46980.0,High school diploma or equivalent,60.6,61.0,0.7,6.6,both_vintages,0.5,-1.234352,0.0,0.0208333333333333,0.0416666666666666,0.0416666666666666,0.0833333333333333,0.125,0.0,16.0,3.92875,0.0016433246100185,0.0,0.03125,0.0625
51-4022,"Forging machine setters, operators, and tenders, metal and plastic",8.8,7.2,-18.9,0.6,49240.0,High school diploma or equivalent,11.8,9.6,-18.3,0.9,both_vintages,-0.5999999999999979,-0.8046677,0.0,0.0416666666666666,0.0833333333333333,0.0,0.0416666666666666,0.0833333333333333,0.0,13.0,4.171538461538462,0.0,0.0,0.038461538461538464,0.07692307692307693
51-4023,"Rolling machine setters, operators, and tenders, metal and plastic",22.5,20.6,-8.3,1.9,48630.0,High school diploma or equivalent,32.1,28.7,-10.9,2.9,both_vintages,2.5999999999999996,-1.08921,0.1176470588235294,0.1764705882352941,0.2352941176470588,0.0,0.0735294117647058,0.1470588235294117,0.0,19.0,4.092631578947368,0.0,0.10526315789473684,0.15789473684210525,0.21052631578947367
51-4031,"Cutting, punching, and press machine setters, operators, and tenders, metal and plastic",174.7,153.6,-12.1,14.4,45590.0,High school diploma or equivalent,183.3,170.1,-7.2,17.1,both_vintages,-4.8999999999999995,-1.036569,0.0,0.01,0.02,0.0,0.02,0.04,0.0,31.0,3.985161290322581,0.0,0.0,0.016666666666666666,0.03333333333333333
51-4032,"Drilling and boring machine tool setters, operators, and tenders, metal and plastic",5.3,4.3,-19.6,0.4,46630.0,High school diploma or equivalent,6.9,5.6,-18.6,0.7,both_vintages,-1.0,-0.7598132,0.0,0.0303030303030303,0.0606060606060606,0.0,0.0,0.0,0.0,17.0,4.202941176470588,0.0015406168218923,0.0,0.029411764705882353,0.058823529411764705
51-4033,"Grinding, lapping, polishing, and buffing machine tool setters, operators, and tenders, metal and plastic",70.1,61.7,-12.0,5.5,45190.0,High school diploma or equivalent,69.0,63.0,-8.8,7.8,both_vintages,-3.1999999999999993,-0.9901662,0.032258064516129,0.064516129032258,0.0967741935483871,0.0,0.064516129032258,0.1290322580645161,0.0,18.0,4.053888888888888,0.0,0.05555555555555555,0.08333333333333333,0.1111111111111111
51-4034,"Lathe and turning machine tool setters, operators, and tenders, metal and plastic",18.9,16.4,-13.6,1.5,48620.0,High school diploma or equivalent,20.0,18.2,-9.1,2.4,both_vintages,-4.5,-1.06734,0.1290322580645161,0.1612903225806451,0.1935483870967742,0.0,0.032258064516129,0.064516129032258,0.0,18.0,3.9694444444444446,0.0,0.125,0.15625,0.1875
51-4035,"Milling and planing machine setters, operators, and tenders, metal and plastic",13.8,11.8,-14.4,1.1,48310.0,High school diploma or equivalent,15.2,12.5,-17.7,1.6,both_vintages,3.299999999999999,-0.8703219,0.2068965517241379,0.2413793103448275,0.2758620689655172,0.0,0.0689655172413793,0.1379310344827586,0.0,15.0,4.156666666666667,0.0,0.2,0.23333333333333334,0.26666666666666666
51-4041,Machinists,299.5,299.6,0.0,29.5,56150.0,High school diploma or equivalent,342.6,350.7,2.4,37.5,both_vintages,-2.4,-0.8675535,0.1632653061224489,0.2346938775510204,0.3061224489795918,0.0,0.1326530612244897,0.2653061224489795,0.0,29.0,4.200689655172414,0.0058543439231909,0.13793103448275862,0.20689655172413793,0.27586206896551724
51-4051,Metal-refining furnace operators and tenders,20.8,20.3,-2.3,2.0,55770.0,High school diploma or equivalent,15.9,14.9,-6.4,1.5,both_vintages,4.1000000000000005,-1.167465,0.0833333333333333,0.1041666666666666,0.125,0.0,0.0416666666666666,0.0833333333333333,0.0,15.0,4.36,0.0,0.06666666666666667,0.1,0.13333333333333333
51-4052,"Pourers and casters, metal",5.9,5.7,-4.7,0.6,48940.0,High school diploma or equivalent,6.7,5.9,-12.5,0.6,both_vintages,7.8,-1.00914,0.0,0.0,0.0,0.0,0.0,0.0,0.0,16.0,4.405625,0.0,0.0,0.0,0.0
51-4061,"Model makers, metal and plastic",3.2,2.6,-18.2,0.3,62700.0,High school diploma or equivalent,3.8,3.5,-7.1,0.3,both_vintages,-11.1,-0.7421977,0.1290322580645161,0.1612903225806451,0.1935483870967742,0.0,0.0967741935483871,0.1935483870967742,0.0,16.0,3.835625,0.0,0.125,0.15625,0.1875
51-4062,"Patternmakers, metal and plastic",1.6,1.2,-24.4,0.1,54540.0,High school diploma or equivalent,2.1,1.9,-10.2,0.2,both_vintages,-14.2,-0.6131331,0.0869565217391304,0.1521739130434782,0.217391304347826,0.0,0.1304347826086956,0.2608695652173913,0.0,15.0,3.6993333333333336,0.0,0.13333333333333333,0.2,0.26666666666666666
51-4071,Foundry mold and coremakers,12.7,9.4,-25.9,0.9,45700.0,High school diploma or equivalent,14.0,12.4,-11.1,1.2,both_vintages,-14.799999999999999,-1.740349,0.0,0.0,0.0,0.0,0.0,0.0,0.0,13.0,4.490769230769231,0.0,0.0,0.0,0.0
51-4072,"Molding, coremaking, and casting machine setters, operators, and tenders, metal and plastic",154.6,148.8,-3.8,15.9,41230.0,High school diploma or equivalent,166.1,165.2,-0.6,16.8,both_vintages,-3.1999999999999997,-1.146139,0.0232558139534883,0.0813953488372093,0.1395348837209302,0.0,0.0348837209302325,0.0697674418604651,0.0,29.0,3.79551724137931,0.0,0.034482758620689655,0.08620689655172414,0.13793103448275862
51-4081,"Multiple machine tool setters, operators, and tenders, metal and plastic",131.0,130.3,-0.5,12.8,46060.0,High school diploma or equivalent,139.5,143.4,2.8,15.3,both_vintages,-3.3,-0.74266,0.0769230769230769,0.1025641025641025,0.1282051282051282,0.1025641025641025,0.141025641025641,0.1794871794871795,0.0,21.0,3.9776190476190476,0.0,0.09523809523809523,0.11904761904761904,0.14285714285714285
51-4111,Tool and die makers,55.2,49.3,-10.8,4.7,63180.0,Postsecondary nondegree award,65.1,61.0,-6.4,6.5,both_vintages,-4.4,-0.5317897,0.09375,0.1875,0.28125,0.0,0.109375,0.21875,0.0,17.0,3.9905882352941178,0.0,0.11764705882352941,0.20588235294117646,0.29411764705882354
51-4121,"Welders, cutters, solderers, and brazers",457.3,467.2,2.2,45.6,51000.0,High school diploma or equivalent,428.0,434.9,1.6,47.6,both_vintages,0.6000000000000001,-1.197596,0.0784313725490196,0.088235294117647,0.0980392156862745,0.0,0.0392156862745098,0.0784313725490196,0.0,30.0,3.886896551724138,0.0020541557625231,0.06666666666666667,0.08333333333333333,0.1
51-4122,"Welding, soldering, and brazing machine setters, operators, and tenders",38.9,35.4,-9.0,3.2,47060.0,High school diploma or equivalent,32.3,29.7,-7.9,3.1,both_vintages,-1.0999999999999996,-1.002411,0.0454545454545454,0.0681818181818181,0.0909090909090909,0.0,0.0568181818181818,0.1136363636363636,0.0,29.0,3.8113793103448277,0.0,0.06896551724137931,0.08620689655172414,0.10344827586206896
51-4191,"Heat treating equipment setters, operators, and tenders, metal and plastic",14.8,12.9,-12.8,1.2,47450.0,High school diploma or equivalent,14.9,13.5,-9.8,1.3,both_vintages,-3.0,-1.092486,0.1764705882352941,0.1764705882352941,0.1764705882352941,0.0,0.0588235294117647,0.1176470588235294,0.0,23.0,4.279565217391304,0.0017460323981446,0.17391304347826086,0.17391304347826086,0.17391304347826086
51-4192,"Layout workers, metal and plastic",5.7,5.4,-5.4,0.5,61870.0,High school diploma or equivalent,7.1,6.4,-10.0,0.6,both_vintages,4.6,-0.7221353,0.0,0.1304347826086956,0.2608695652173913,0.0,0.1521739130434782,0.3043478260869565,0.0,14.0,4.094285714285714,0.001951447974397,0.0,0.14285714285714285,0.2857142857142857
51-4193,"Plating machine setters, operators, and tenders, metal and plastic",31.7,27.4,-13.6,2.5,41600.0,High school diploma or equivalent,33.0,29.6,-10.4,3.0,both_vintages,-3.1999999999999993,-0.8999876,0.0625,0.1041666666666666,0.1458333333333333,0.0,0.0416666666666666,0.0833333333333333,0.0,33.0,3.9927272727272722,0.0,0.06060606060606061,0.09090909090909091,0.12121212121212122
51-4194,"Tool grinders, filers, and sharpeners",5.8,5.4,-7.8,0.5,48970.0,High school diploma or equivalent,6.3,5.8,-7.9,0.6,both_vintages,0.10000000000000053,-0.8809238,0.0,0.0333333333333333,0.0666666666666666,0.0,0.0,0.0,0.0,18.0,4.171666666666667,0.0,0.0,0.027777777777777776,0.05555555555555555
51-4199,"Metal workers and plastic workers, all other",20.4,18.5,-9.5,1.7,42750.0,High school diploma or equivalent,19.4,18.0,-7.1,1.8,both_vintages,-2.4000000000000004,,,,,,,,,,,,,,
51-5111,Prepress technicians and workers,26.2,22.3,-14.6,2.8,47300.0,Postsecondary nondegree award,26.0,20.1,-22.7,2.4,both_vintages,8.1,0.4107973,0.0625,0.4375,0.8125,0.03125,0.109375,0.1875,0.1018,15.0,4.243333333333333,0.0206442654133576,0.06666666666666667,0.4666666666666667,0.8666666666666667
51-5112,Printing press operators,150.2,138.0,-8.1,13.7,45160.0,High school diploma or equivalent,153.1,129.4,-15.5,13.2,both_vintages,7.4,-0.7093881,0.175,0.2875,0.4,0.0,0.125,0.25,0.0,23.0,4.318695652173913,0.0055462205588125,0.21739130434782608,0.32608695652173914,0.43478260869565216
51-5113,Print binding and finishing workers,35.8,30.0,-16.1,2.8,39820.0,High school diploma or equivalent,42.2,31.8,-24.8,2.8,both_vintages,8.7,-0.9062089,0.0512820512820512,0.0897435897435897,0.1282051282051282,0.0,0.0641025641025641,0.1282051282051282,0.0,25.0,4.2536000000000005,0.0017460323981446,0.04,0.08,0.12
51-6011,Laundry and dry-cleaning workers,202.6,213.5,5.4,31.9,33800.0,No formal educational credential,164.0,183.5,11.9,26.6,both_vintages,-6.5,-1.054399,0.025,0.05,0.075,0.0,0.05,0.1,0.0,23.0,3.9517391304347824,0.0,0.043478260869565216,0.08695652173913043,0.13043478260869565
51-6021,"Pressers, textile, garment, and related materials",28.4,24.6,-13.5,2.8,33880.0,No formal educational credential,27.9,25.2,-9.6,2.9,both_vintages,-3.9000000000000004,-1.950063,0.0,0.0104166666666666,0.0208333333333333,0.0,0.0208333333333333,0.0416666666666666,0.0,28.0,4.238571428571428,0.0,0.0,0.017857142857142856,0.03571428571428571
51-6031,Sewing machine operators,124.0,110.7,-10.8,13.0,36000.0,No formal educational credential,127.0,116.5,-8.3,14.0,both_vintages,-2.5,-0.9639661,0.0465116279069767,0.0813953488372093,0.1162790697674418,0.0,0.0232558139534883,0.0465116279069767,0.0,26.0,4.039615384615384,0.0,0.038461538461538464,0.07692307692307693,0.11538461538461539
51-6041,Shoe and leather workers and repairers,9.5,9.1,-3.8,0.9,35950.0,High school diploma or equivalent,7.3,6.9,-5.1,0.9,both_vintages,1.2999999999999998,-0.990912,0.0,0.0588235294117647,0.1176470588235294,0.0,0.0588235294117647,0.1176470588235294,0.0,26.0,4.284230769230769,0.0,0.0,0.07692307692307693,0.15384615384615385
51-6042,Shoe machine operators and tenders,4.1,3.9,-3.7,0.4,38160.0,High school diploma or equivalent,4.7,4.3,-7.2,0.5,both_vintages,3.5,-1.029855,0.0869565217391304,0.0869565217391304,0.0869565217391304,0.0,0.0217391304347826,0.0434782608695652,0.0,19.0,4.252631578947368,0.0,0.05555555555555555,0.05555555555555555,0.05555555555555555
51-6051,"Sewers, hand",5.4,5.0,-7.0,0.7,33760.0,No formal educational credential,8.5,8.4,-1.0,1.2,both_vintages,-6.0,-0.5987218,0.0,0.0416666666666666,0.0833333333333333,0.0,0.0416666666666666,0.0833333333333333,0.0,11.0,4.491818181818181,0.0,0.0,0.05,0.1
51-6052,"Tailors, dressmakers, and custom sewers",38.8,37.1,-4.5,5.0,40860.0,No formal educational credential,35.0,35.5,1.2,5.0,both_vintages,-5.7,-0.4305268,0.0454545454545454,0.0909090909090909,0.1363636363636363,0.0,0.0681818181818181,0.1363636363636363,0.0342,22.0,4.086818181818182,0.092334301525416,0.045454545454545456,0.09090909090909091,0.13636363636363635
51-6061,Textile bleaching and dyeing machine operators and tenders,6.2,5.5,-10.1,0.7,37320.0,High school diploma or equivalent,6.5,5.6,-14.6,0.7,both_vintages,4.5,-0.8609312,0.131578947368421,0.1578947368421052,0.1842105263157894,0.0,0.1184210526315789,0.2368421052631578,0.0211,23.0,4.324347826086957,0.0038001881606677997,0.13636363636363635,0.1590909090909091,0.18181818181818182
51-6062,"Textile cutting machine setters, operators, and tenders",9.3,8.2,-11.7,1.0,37940.0,High school diploma or equivalent,12.3,10.8,-12.2,1.4,both_vintages,0.5,-1.022949,0.1071428571428571,0.1607142857142857,0.2142857142857142,0.0,0.1428571428571428,0.2857142857142857,0.0152,18.0,4.122222222222223,0.1373203127246733,0.1111111111111111,0.16666666666666666,0.2222222222222222
51-6063,"Textile knitting and weaving machine setters, operators, and tenders",15.3,13.6,-11.2,1.7,38260.0,High school diploma or equivalent,17.0,14.4,-15.1,1.9,both_vintages,3.9000000000000004,-1.241662,0.125,0.15625,0.1875,0.0,0.125,0.25,0.032,19.0,4.273157894736842,0.1373203127246733,0.15789473684210525,0.18421052631578946,0.21052631578947367
51-6064,"Textile winding, twisting, and drawing out machine setters, operators, and tenders",21.7,19.8,-9.0,2.5,37660.0,High school diploma or equivalent,23.0,20.1,-12.4,2.6,both_vintages,3.4000000000000004,-1.392929,0.0857142857142857,0.0857142857142857,0.0857142857142857,0.0,0.0714285714285714,0.1428571428571428,0.0,23.0,4.135217391304348,0.0,0.08695652173913043,0.08695652173913043,0.08695652173913043
51-6091,"Extruding and forming machine setters, operators, and tenders, synthetic and glass fibers",15.2,15.0,-1.1,2.0,44980.0,High school diploma or equivalent,14.4,13.7,-4.2,1.5,both_vintages,3.1,-0.8596925,0.0689655172413793,0.0689655172413793,0.0689655172413793,0.0,0.0862068965517241,0.1724137931034483,0.0,17.0,3.9452941176470584,0.0,0.058823529411764705,0.058823529411764705,0.058823529411764705
51-6092,Fabric and apparel patternmakers,2.8,2.5,-10.2,0.3,67670.0,High school diploma or equivalent,3.2,2.8,-12.7,0.3,both_vintages,2.5,-0.0831096,0.125,0.46875,0.8125,0.0,0.1875,0.375,0.0,16.0,4.29625,0.0,0.125,0.46875,0.8125
51-6093,Upholsterers,22.7,22.3,-1.8,2.2,46190.0,High school diploma or equivalent,34.5,35.7,3.3,3.7,both_vintages,-5.1,-1.313735,0.1176470588235294,0.1911764705882352,0.2647058823529412,0.0294117647058823,0.088235294117647,0.1470588235294117,0.0,22.0,4.084545454545455,0.0021568635506493,0.13636363636363635,0.22727272727272727,0.3181818181818182
51-6099,"Textile, apparel, and furnishings workers, all other",14.7,13.3,-9.4,1.7,37010.0,High school diploma or equivalent,13.1,11.9,-9.7,1.2,both_vintages,0.29999999999999893,,,,,,,,,,,,,,
51-7011,Cabinetmakers and bench carpenters,86.0,84.7,-1.6,8.1,46020.0,High school diploma or equivalent,102.9,106.5,3.5,11.5,both_vintages,-5.1,-1.327489,0.0588235294117647,0.1176470588235294,0.1764705882352941,0.0,0.0441176470588235,0.088235294117647,0.0,20.0,4.136,0.0,0.1,0.175,0.25
51-7021,Furniture finishers,20.5,19.8,-3.3,2.0,42530.0,High school diploma or equivalent,18.7,19.1,2.2,2.7,both_vintages,-5.5,-1.197727,0.0,0.0285714285714285,0.0571428571428571,0.0,0.0714285714285714,0.1428571428571428,0.0,22.0,4.012727272727273,0.0,0.0,0.045454545454545456,0.09090909090909091
51-7031,"Model makers, wood",0.9,0.9,-4.5,0.1,51850.0,High school diploma or equivalent,0.5,0.5,7.3,0.1,both_vintages,-11.8,-0.7278869,0.0769230769230769,0.1538461538461538,0.2307692307692307,0.0,0.1538461538461538,0.3076923076923077,0.0,14.0,3.952142857142857,0.0030812336437847,0.07142857142857142,0.14285714285714285,0.21428571428571427
51-7032,"Patternmakers, wood",0.5,0.4,-5.0,0.0,52520.0,High school diploma or equivalent,0.3,0.3,7.8,0.0,both_vintages,-12.8,-1.057897,0.2051282051282051,0.2564102564102564,0.3076923076923077,0.1538461538461538,0.282051282051282,0.4102564102564102,0.0301,20.0,4.101,0.2419795488252283,0.2,0.25,0.3
51-7041,"Sawing machine setters, operators, and tenders, wood",45.0,44.7,-0.6,4.8,39950.0,High school diploma or equivalent,47.1,49.0,4.1,5.7,both_vintages,-4.699999999999999,-1.165031,0.0,0.0588235294117647,0.1176470588235294,0.0,0.0147058823529411,0.0294117647058823,0.0,22.0,4.209545454545455,0.0,0.0,0.06818181818181818,0.13636363636363635
51-7042,"Woodworking machine setters, operators, and tenders, except sawing",63.1,61.9,-1.8,6.4,40440.0,High school diploma or equivalent,69.4,71.7,3.2,7.2,both_vintages,-5.0,-1.130357,0.0217391304347826,0.0652173913043478,0.108695652173913,0.0,0.0326086956521739,0.0652173913043478,0.0,25.0,4.0888,0.0,0.04,0.08,0.12
51-7099,"Woodworkers, all other",17.6,16.8,-4.4,1.8,41220.0,High school diploma or equivalent,11.4,12.3,7.7,1.4,both_vintages,-12.100000000000001,,,,,,,,,,,,,,
51-8011,Nuclear power reactor operators,5.7,4.9,-15.3,0.4,122610.0,High school diploma or equivalent,4.8,3.5,-26.8,0.3,both_vintages,11.5,0.7705302,0.1818181818181818,0.3181818181818182,0.4545454545454546,0.0,0.1212121212121212,0.2424242424242424,0.0,19.0,4.416315789473684,0.0,0.15789473684210525,0.2894736842105263,0.42105263157894735
51-8012,Power distributors and dispatchers,9.3,9.0,-3.2,0.8,107240.0,High school diploma or equivalent,9.7,9.1,-6.6,0.8,both_vintages,3.3999999999999995,0.5012214,0.0833333333333333,0.375,0.6666666666666666,0.0833333333333333,0.2499999999999999,0.4166666666666666,0.0,14.0,4.454285714285715,0.0160224149476806,0.07142857142857142,0.35714285714285715,0.6428571428571429
51-8013,Power plant operators,31.6,28.0,-11.2,2.5,99670.0,High school diploma or equivalent,29.2,24.7,-15.5,2.1,both_vintages,4.300000000000001,-0.3482779,0.08257080610021783,0.15522875816993464,0.22788671023965137,0.0,0.09144880174291936,0.18289760348583875,0.0257,69.0,4.190327868852459,0.042110193131724705,0.08695652173913043,0.16666666666666666,0.2463768115942029
51-8021,Stationary engineers and boiler operators,33.3,34.0,2.2,3.8,75190.0,High school diploma or equivalent,32.5,33.8,4.0,4.2,both_vintages,-1.7999999999999998,-0.5032496,0.1395348837209302,0.1627906976744186,0.1860465116279069,0.0,0.1046511627906976,0.2093023255813953,0.0,25.0,4.0484,0.0017460323981446,0.12,0.14,0.16
51-8031,Water and wastewater treatment plant and system operators,132.4,123.8,-6.5,10.7,58260.0,High school diploma or equivalent,125.2,116.6,-6.9,10.8,both_vintages,0.40000000000000036,-0.44501,0.125,0.125,0.125,0.0,0.125,0.25,0.0,8.0,4.405,0.0,0.125,0.125,0.125
51-8091,Chemical plant and system operators,18.1,17.0,-6.1,1.6,73540.0,High school diploma or equivalent,22.4,22.1,-1.1,2.3,both_vintages,-5.0,-0.3831282,0.0303030303030303,0.1515151515151515,0.2727272727272727,0.0909090909090909,0.1515151515151515,0.2121212121212121,0.0,19.0,4.440526315789474,0.0050326816181816,0.05263157894736842,0.15789473684210525,0.2631578947368421
51-8092,Gas plant operators,16.2,14.8,-8.8,1.3,83400.0,High school diploma or equivalent,15.3,14.0,-9.0,1.4,both_vintages,0.1999999999999993,-0.2982082,0.0625,0.09375,0.125,0.0,0.078125,0.15625,0.0723,19.0,4.163157894736842,0.0054435127706863005,0.05263157894736842,0.07894736842105263,0.10526315789473684
51-8093,"Petroleum pump system operators, refinery operators, and gaugers",34.9,34.0,-2.8,3.2,97540.0,High school diploma or equivalent,35.3,36.4,3.0,3.9,both_vintages,-5.8,-0.370036,0.048780487804878,0.1951219512195122,0.3414634146341463,0.024390243902439,0.1707317073170731,0.3170731707317073,0.0405,24.0,3.877916666666667,0.044267056682374004,0.08333333333333333,0.22916666666666666,0.375
51-8099,"Plant and system operators, all other",16.3,16.6,1.6,1.6,61710.0,High school diploma or equivalent,15.9,15.9,0.4,1.7,both_vintages,1.2000000000000002,-0.6702387,0.0,0.0945945945945946,0.1891891891891892,0.0,0.081081081081081,0.1621621621621621,0.0,19.0,4.316842105263158,0.0,0.0,0.10526315789473684,0.21052631578947367
51-9011,Chemical equipment operators and tenders,128.9,133.1,3.3,14.4,57090.0,High school diploma or equivalent,110.3,104.8,-5.0,10.6,both_vintages,8.3,-0.511521,0.0869565217391304,0.1521739130434782,0.217391304347826,0.0434782608695652,0.0652173913043478,0.0869565217391304,0.0,23.0,4.324347826086957,0.0039028959487939,0.08695652173913043,0.15217391304347827,0.21739130434782608
51-9012,"Separating, filtering, clarifying, precipitating, and still machine setters, operators, and tenders",54.4,52.0,-4.3,5.4,49500.0,High school diploma or equivalent,51.6,52.0,0.9,5.4,both_vintages,-5.2,-0.9379141,0.1142857142857142,0.1428571428571428,0.1714285714285714,0.0,0.0857142857142857,0.1714285714285714,0.0,20.0,3.9685,0.0,0.1,0.125,0.15
51-9021,"Crushing, grinding, and polishing machine setters, operators, and tenders",28.7,27.9,-2.5,2.7,46890.0,High school diploma or equivalent,32.1,31.4,-2.2,3.5,both_vintages,-0.2999999999999998,-1.043476,0.1081081081081081,0.1081081081081081,0.1081081081081081,0.0,0.081081081081081,0.1621621621621621,0.0425,21.0,3.8319047619047617,0.0021568635506493,0.09523809523809523,0.09523809523809523,0.09523809523809523
51-9022,"Grinding and polishing workers, hand",11.8,9.3,-21.2,0.8,41690.0,No formal educational credential,16.1,13.1,-18.7,1.3,both_vintages,-2.5,-1.146524,0.0357142857142857,0.0357142857142857,0.0357142857142857,0.0,0.0357142857142857,0.0714285714285714,0.0,17.0,3.949411764705882,0.0,0.058823529411764705,0.058823529411764705,0.058823529411764705
51-9023,"Mixing and blending machine setters, operators, and tenders",101.1,94.3,-6.8,8.8,47680.0,High school diploma or equivalent,111.0,113.5,2.3,12.8,both_vintages,-9.1,-0.819664,0.1111111111111111,0.1111111111111111,0.1111111111111111,0.0555555555555555,0.0833333333333333,0.1111111111111111,0.0,20.0,4.342499999999999,0.0020541557625231,0.10526315789473684,0.10526315789473684,0.10526315789473684
51-9031,"Cutters and trimmers, hand",7.0,5.7,-18.1,0.6,38800.0,No formal educational credential,8.2,5.9,-28.4,0.7,both_vintages,10.299999999999997,-0.9479839,0.0,0.0,0.0,0.0,0.0,0.0,0.0,18.0,4.054444444444445,0.0,0.0,0.0,0.0
51-9032,"Cutting and slicing machine setters, operators, and tenders",49.0,47.9,-2.3,5.3,45700.0,High school diploma or equivalent,58.3,57.0,-2.2,7.3,both_vintages,-0.09999999999999964,-1.079282,0.0454545454545454,0.0681818181818181,0.0909090909090909,0.0,0.0568181818181818,0.1136363636363636,0.0321,25.0,4.0984,0.0049299738300555,0.04,0.06,0.08
51-9041,"Extruding, forming, pressing, and compacting machine setters, operators, and tenders",57.3,58.4,2.0,5.2,45130.0,High school diploma or equivalent,58.4,60.8,4.2,6.3,both_vintages,-2.2,-1.042151,0.075,0.075,0.075,0.025,0.075,0.125,0.0,26.0,4.176153846153846,0.0,0.07692307692307693,0.07692307692307693,0.07692307692307693
51-9051,"Furnace, kiln, oven, drier, and kettle operators and tenders",16.5,17.0,3.0,1.9,47010.0,High school diploma or equivalent,15.3,15.7,2.7,1.8,both_vintages,0.2999999999999998,-0.9582346,0.16,0.16,0.16,0.0,0.04,0.08,0.0,17.0,3.998823529411765,0.0,0.11764705882352941,0.11764705882352941,0.11764705882352941
51-9061,"Inspectors, testers, sorters, samplers, and weighers",598.0,598.1,0.0,69.9,47460.0,High school diploma or equivalent,571.6,554.5,-3.0,67.8,both_vintages,3.0,-0.0293395,0.2708333333333333,0.4166666666666666,0.5625,0.0416666666666666,0.1770833333333333,0.3125,0.0324,31.0,4.124516129032258,0.15241835757921848,0.25806451612903225,0.41935483870967744,0.5806451612903226
51-9071,Jewelers and precious stone and metal workers,35.1,33.2,-5.5,4.0,49140.0,High school diploma or equivalent,45.8,46.4,1.4,6.1,both_vintages,-6.9,-0.1560197,0.0357142857142857,0.2053571428571428,0.37499999999999994,0.01785714285714285,0.1339285714285714,0.24999999999999994,0.0,44.0,3.9454545454545453,0.008832869778849499,0.024390243902439025,0.18292682926829268,0.34146341463414637
51-9081,Dental laboratory technicians,35.2,33.6,-4.7,3.9,48310.0,High school diploma or equivalent,36.7,36.5,-0.7,4.8,both_vintages,-4.0,0.0013206,0.0,0.0416666666666666,0.0833333333333333,0.0,0.0416666666666666,0.0833333333333333,0.0,17.0,4.4541176470588235,0.0,0.0,0.029411764705882353,0.058823529411764705
51-9082,Medical appliance technicians,12.0,12.4,3.7,1.5,47060.0,High school diploma or equivalent,16.4,17.3,5.3,2.3,both_vintages,-1.5999999999999996,-0.4949538,0.0689655172413793,0.1379310344827586,0.2068965517241379,0.0689655172413793,0.1034482758620689,0.1379310344827586,0.0,15.0,4.183333333333334,0.0,0.06666666666666667,0.13333333333333333,0.2
51-9083,Ophthalmic laboratory technicians,19.6,20.0,2.3,2.4,38420.0,High school diploma or equivalent,20.2,20.9,3.7,2.8,both_vintages,-1.4000000000000004,-0.5966759,0.0,0.09375,0.1875,0.0,0.0625,0.125,0.0,18.0,4.417222222222223,0.0055462205588125,0.0,0.08333333333333333,0.16666666666666666
51-9111,Packaging and filling machine operators and tenders,381.2,398.2,4.5,45.3,40900.0,High school diploma or equivalent,362.6,377.4,4.1,43.8,both_vintages,0.40000000000000036,-0.978608,0.0,0.0,0.0,0.0,0.075,0.15,0.0,20.0,4.284000000000001,0.0,0.0,0.0,0.0
51-9123,"Painting, coating, and decorating workers",8.8,8.9,1.4,0.8,40860.0,No formal educational credential,13.0,13.4,3.3,1.4,both_vintages,-1.9,-0.9705587,0.0,0.0,0.0,0.0,0.0294117647058823,0.0588235294117647,0.0,9.0,4.2155555555555555,0.0,0.0,0.0,0.0
51-9124,"Coating, painting, and spraying machine setters, operators, and tenders",165.5,166.7,0.7,15.8,47590.0,High school diploma or equivalent,160.0,164.4,2.8,16.6,both_vintages,-2.0999999999999996,,0.0217391304347826,0.0434782608695652,0.0652173913043478,0.0,0.0108695652173913,0.0217391304347826,0.0,29.0,4.099130434782609,0.0,0.034482758620689655,0.05172413793103448,0.06896551724137931
51-9141,Semiconductor processing technicians,31.9,35.4,10.9,3.9,51180.0,High school diploma or equivalent,27.0,27.9,3.4,3.2,both_vintages,7.5,-0.6372312,0.1875,0.234375,0.28125,0.03125,0.0625,0.09375,0.0,20.0,4.1745,0.0,0.2,0.25,0.3
51-9151,Photographic process workers and processing machine operators,11.2,10.9,-2.6,1.5,40100.0,High school diploma or equivalent,7.4,7.7,3.5,1.1,both_vintages,-6.1,-0.3615806,0.08,0.38,0.68,0.0,0.17,0.34,0.0108,27.0,3.998518518518519,0.058851562596288404,0.07407407407407407,0.3888888888888889,0.7037037037037037
51-9161,Computer numerically controlled tool operators,177.1,158.1,-10.7,13.5,49970.0,High school diploma or equivalent,160.4,147.6,-8.0,14.7,both_vintages,-2.6999999999999993,,0.22,0.25,0.28,0.0,0.18,0.36,0.0215,27.0,4.262962962962963,0.0060597594994432,0.2222222222222222,0.25925925925925924,0.2962962962962963
51-9162,Computer numerically controlled tool programmers,28.3,31.9,12.8,3.1,65670.0,Postsecondary nondegree award,26.2,31.8,21.1,3.6,both_vintages,-8.3,,0.7142857142857142,0.8035714285714285,0.8928571428571428,0.0,0.3571428571428571,0.7142857142857142,0.1207,16.0,4.003125,0.6774605704801383,0.7333333333333333,0.8,0.8666666666666667
51-9191,Adhesive bonding machine operators and tenders,12.2,12.3,1.0,1.3,45210.0,High school diploma or equivalent,12.7,12.9,1.5,1.6,both_vintages,-0.5,-1.311418,0.064516129032258,0.064516129032258,0.064516129032258,0.0,0.0,0.0,0.0,16.0,4.23,0.0,0.0625,0.0625,0.0625
51-9192,"Cleaning, washing, and metal pickling equipment operators and tenders",14.6,15.2,3.6,1.6,41460.0,High school diploma or equivalent,14.5,15.5,6.8,1.8,both_vintages,-3.1999999999999997,-1.141885,0.1052631578947368,0.1052631578947368,0.1052631578947368,0.0,0.0526315789473684,0.1052631578947368,0.0,11.0,3.960909090909091,0.0024649869150277,0.09090909090909091,0.09090909090909091,0.09090909090909091
51-9193,Cooling and freezing equipment operators and tenders,7.1,7.6,7.2,0.8,40160.0,High school diploma or equivalent,8.3,8.8,6.2,1.0,both_vintages,1.0,-0.9604952,0.08,0.08,0.08,0.0,0.04,0.08,0.0,18.0,3.8955555555555557,0.0,0.05555555555555555,0.05555555555555555,0.05555555555555555
51-9194,Etchers and engravers,8.6,8.6,-0.7,0.9,40450.0,High school diploma or equivalent,7.2,7.5,3.1,0.8,both_vintages,-3.8,-0.6395226,0.0,0.1363636363636363,0.2727272727272727,0.0,0.0303030303030303,0.0606060606060606,0.0,26.0,4.17576923076923,0.0030812336437847,0.0,0.1346153846153846,0.2692307692307692
51-9195,"Molders, shapers, and casters, except metal and plastic",41.7,44.3,6.2,5.5,45690.0,High school diploma or equivalent,41.3,49.2,19.3,5.7,both_vintages,-13.100000000000001,-1.183408,0.022727272727272724,0.07098155467720682,0.11923583662714093,0.0,0.046565191430258876,0.09313038286051777,0.0,79.0,4.023116883116883,0.018898233015212998,0.012658227848101266,0.06329113924050633,0.11392405063291139
51-9196,"Paper goods machine setters, operators, and tenders",97.5,91.4,-6.3,8.1,49390.0,High school diploma or equivalent,87.5,83.8,-4.3,10.1,both_vintages,-2.0,-0.8740445,0.0,0.0,0.0,0.0,0.0263157894736842,0.0526315789473684,0.0,14.0,4.192857142857142,0.0,0.0,0.0,0.0
51-9197,Tire builders,20.9,21.4,2.3,2.5,55580.0,High school diploma or equivalent,17.7,19.1,8.1,2.1,both_vintages,-5.8,-1.610915,0.0,0.0192307692307692,0.0384615384615384,0.0,0.0,0.0,0.0,20.0,4.396,0.0,0.0,0.025,0.05
51-9198,Helpers--production workers,168.5,153.5,-8.9,23.6,38220.0,High school diploma or equivalent,206.9,190.3,-8.0,28.7,both_vintages,-0.9000000000000004,-1.411304,0.0444444444444444,0.0888888888888888,0.1333333333333333,0.0,0.0555555555555555,0.1111111111111111,0.0393,30.0,3.7243333333333335,0.0194117719558438,0.06666666666666667,0.11666666666666667,0.16666666666666666
51-9199,"Production workers, all other",292.8,294.3,0.5,31.6,38820.0,High school diploma or equivalent,226.9,241.6,6.5,28.3,both_vintages,-6.0,-1.290964,,,,,,,,,,,,,
53-1041,Aircraft cargo handling supervisors,10.3,10.8,5.2,1.1,63940.0,High school diploma or equivalent,8.9,9.9,10.5,1.2,both_vintages,-5.3,,0.1,0.3,0.5,0.0,0.0,0.0,0.0,6.0,4.498333333333333,0.0,0.16666666666666666,0.3333333333333333,0.5
53-1047,"First-line supervisors of transportation and material moving workers, except aircraft cargo handling supervisors",609.6,632.2,3.7,61.3,61890.0,High school diploma or equivalent,561.8,592.9,5.5,71.3,both_vintages,-1.7999999999999998,,,,,,,,,,,,,,
53-2011,"Airline pilots, copilots, and flight engineers",100.0,103.9,3.9,11.7,226600.0,Bachelor's degree,87.6,92.9,6.0,11.8,both_vintages,-2.1,-0.2070626,0.0909090909090909,0.3522727272727273,0.6136363636363636,0.0,0.2272727272727273,0.4545454545454546,0.0,24.0,4.28375,0.0029785258556585,0.08333333333333333,0.3541666666666667,0.625
53-2012,Commercial pilots,55.4,58.3,5.1,6.6,122670.0,Postsecondary nondegree award,47.7,50.1,5.1,6.3,both_vintages,0.0,-0.1817332,0.1136363636363636,0.2386363636363636,0.3636363636363636,0.0,0.2159090909090909,0.4318181818181818,0.0,24.0,4.40875,0.0029785258556585,0.125,0.25,0.375
53-2021,Air traffic controllers,24.1,24.4,1.2,2.2,144580.0,Associate's degree,22.9,23.0,0.6,2.4,both_vintages,0.6,1.152798,0.0909090909090909,0.3409090909090909,0.5909090909090909,0.0,0.3068181818181818,0.6136363636363636,0.0,23.0,4.473478260869565,0.008524746414471,0.08695652173913043,0.34782608695652173,0.6086956521739131
53-2022,Airfield operations specialists,16.9,17.6,4.2,1.6,56750.0,High school diploma or equivalent,13.0,14.1,8.0,1.5,both_vintages,-3.8,0.4845738,0.0975609756097561,0.3658536585365853,0.6341463414634146,0.0,0.3292682926829268,0.6585365853658537,0.0476,27.0,4.045925925925926,0.0058543439231909,0.14814814814814814,0.42592592592592593,0.7037037037037037
53-2031,Flight attendants,130.8,142.9,9.2,19.8,67130.0,High school diploma or equivalent,106.3,128.4,20.8,18.1,both_vintages,-11.600000000000001,-0.7621183,0.1458333333333333,0.1666666666666666,0.1875,0.0416666666666666,0.1458333333333333,0.25,0.0913,25.0,4.0308,0.0050326816181817,0.16666666666666666,0.1875,0.20833333333333334
53-3011,"Ambulance drivers and attendants, except emergency medical technicians",12.3,12.1,-1.3,1.4,34330.0,High school diploma or equivalent,11.9,11.7,-1.0,1.8,both_vintages,-0.30000000000000004,-0.8298703,0.0909090909090909,0.0909090909090909,0.0909090909090909,0.0,0.0454545454545454,0.0909090909090909,0.0,11.0,4.087272727272727,0.0,0.09090909090909091,0.09090909090909091,0.09090909090909091
53-3031,Driver/sales workers,451.5,491.3,8.8,51.3,37130.0,High school diploma or equivalent,531.0,594.5,12.0,72.3,both_vintages,-3.1999999999999993,-0.7293087,0.1666666666666666,0.3333333333333333,0.5,0.0,0.1388888888888889,0.2777777777777778,0.0281,11.0,3.880909090909091,0.0096545320838588,0.18181818181818182,0.3181818181818182,0.45454545454545453
53-3032,Heavy and tractor-trailer truck drivers,2235.1,2324.4,4.0,237.6,57440.0,Postsecondary nondegree award,2094.7,2185.6,4.3,259.9,both_vintages,-0.2999999999999998,-1.149057,0.1923076923076923,0.2788461538461538,0.3653846153846154,0.0384615384615384,0.173076923076923,0.3076923076923077,0.0,29.0,4.340344827586207,0.0077030841094618,0.17857142857142858,0.26785714285714285,0.35714285714285715
53-3033,Light truck drivers,1079.8,1158.6,7.3,120.2,44140.0,High school diploma or equivalent,1109.7,1220.4,10.0,147.6,both_vintages,-2.7,-1.120501,0.2307692307692307,0.3653846153846154,0.5,0.0,0.25,0.5,0.0,13.0,4.41,0.0,0.23076923076923078,0.34615384615384615,0.46153846153846156
53-3051,"Bus drivers, school",387.3,388.2,0.2,61.0,47040.0,High school diploma or equivalent,354.7,378.2,6.6,59.5,both_vintages,-6.3999999999999995,,0.2941176470588235,0.3235294117647059,0.3529411764705882,0.0,0.1764705882352941,0.3529411764705882,0.0,17.0,4.470588235294118,0.0145845059139143,0.29411764705882354,0.3235294117647059,0.35294117647058826
53-3052,"Bus drivers, transit and intercity",158.8,165.6,4.3,20.9,57440.0,High school diploma or equivalent,159.9,173.0,8.2,23.3,both_vintages,-3.8999999999999995,,0.2222222222222222,0.2407407407407407,0.2592592592592592,0.0,0.1666666666666666,0.3333333333333333,0.0,14.0,4.2542857142857144,0.0,0.23076923076923078,0.2692307692307692,0.3076923076923077
53-3053,Shuttle drivers and chauffeurs,243.9,260.3,6.7,36.3,36670.0,No formal educational credential,189.5,215.2,13.6,29.0,both_vintages,-6.8999999999999995,,0.1923076923076923,0.25,0.3076923076923077,0.0384615384615384,0.173076923076923,0.3076923076923077,0.0,26.0,4.383846153846154,0.017049492828942,0.19230769230769232,0.25,0.3076923076923077
53-3054,Taxi drivers,204.0,226.6,11.1,22.6,36220.0,No formal educational credential,128.5,165.1,28.5,19.4,both_vintages,-17.4,,0.25,0.28125,0.3125,0.125,0.25,0.375,0.0,16.0,,0.0042110193131723005,0.25,0.28125,0.3125
53-3099,"Motor vehicle operators, all other",79.3,84.0,6.0,11.1,36260.0,No formal educational credential,68.4,74.1,8.3,11.9,both_vintages,-2.3000000000000007,,,,,,,,,,,,,,
53-4011,Locomotive engineers,27.0,27.2,0.7,2.2,77400.0,High school diploma or equivalent,26.6,27.9,4.7,2.6,both_vintages,-4.0,-0.4977403,0.2142857142857142,0.2857142857142857,0.3571428571428571,0.0714285714285714,0.2321428571428571,0.3928571428571428,0.0,14.0,4.5878571428571435,0.0036974803725416,0.21428571428571427,0.2857142857142857,0.35714285714285715
53-4013,"Rail yard engineers, dinkey operators, and hostlers",3.1,3.1,0.3,0.2,58030.0,High school diploma or equivalent,3.8,3.8,2.1,0.4,both_vintages,-1.8,-0.8320907,0.2045454545454545,0.2045454545454545,0.2045454545454545,0.0,0.0568181818181818,0.1136363636363636,0.0,23.0,4.204782608695653,0.0048272660419294,0.21739130434782608,0.21739130434782608,0.21739130434782608
53-4022,"Railroad brake, signal, and switch operators and locomotive firers",11.0,11.1,1.0,1.0,65480.0,High school diploma or equivalent,11.8,11.9,1.2,1.3,both_vintages,-0.19999999999999996,,0.0833333333333333,0.1666666666666666,0.2499999999999999,0.0,0.0416666666666666,0.0833333333333333,0.0,26.0,4.226,0.0,0.07692307692307693,0.15384615384615385,0.23076923076923078
53-4031,Railroad conductors and yardmasters,36.8,37.2,1.1,3.1,74080.0,High school diploma or equivalent,34.3,35.9,4.7,3.2,both_vintages,-3.6,-0.4662731,0.0833333333333333,0.2777777777777778,0.4722222222222222,0.0,0.2083333333333333,0.4166666666666666,0.0,20.0,4.0745,0.0023622791269016,0.1,0.3,0.5
53-4041,Subway and streetcar operators,9.6,9.9,3.4,0.9,84830.0,High school diploma or equivalent,10.6,10.9,3.5,1.2,both_vintages,-0.10000000000000009,-0.6155429,0.4090909090909091,0.4090909090909091,0.4090909090909091,0.0,0.2045454545454545,0.4090909090909091,0.0,10.0,4.564,0.0035947725844155,0.4,0.4,0.4
53-4099,"Rail transportation workers, all other",1.6,1.6,3.9,0.2,49330.0,High school diploma or equivalent,1.2,1.2,-1.2,0.1,both_vintages,5.1,,,,,,,,,,,,,,
53-5011,Sailors and marine oilers,32.1,32.8,2.3,3.9,49610.0,No formal educational credential,27.6,27.7,0.4,3.3,both_vintages,1.9,-1.150001,0.0212765957446808,0.0425531914893617,0.0638297872340425,0.0,0.0106382978723404,0.0212765957446808,0.0,28.0,3.7621428571428575,0.0,0.03571428571428571,0.05357142857142857,0.07142857142857142
53-5021,"Captains, mates, and pilots of water vessels",40.7,40.9,0.5,4.3,85540.0,Postsecondary nondegree award,36.8,37.2,1.2,4.1,both_vintages,-0.7,-0.4281868,0.1999999999999999,0.2636363636363636,0.3272727272727272,0.0727272727272727,0.209090909090909,0.3454545454545454,0.0,30.0,4.3389655172413795,0.0021568635506493,0.2,0.26666666666666666,0.3333333333333333
53-5022,Motorboat operators,2.7,2.8,1.4,0.3,51880.0,Postsecondary nondegree award,3.1,3.1,-0.2,0.3,both_vintages,1.5999999999999999,-0.8871186,0.0,0.0,0.0,0.0,0.1290322580645161,0.2580645161290322,0.0,16.0,4.254375,0.0,0.0,0.0,0.0
53-5031,Ship engineers,8.8,9.0,1.6,1.1,101320.0,Postsecondary nondegree award,7.9,7.8,-0.7,0.9,both_vintages,2.3,-0.5264951,0.125,0.171875,0.21875,0.0,0.140625,0.28125,0.0,17.0,4.333529411764706,0.0,0.11764705882352941,0.17647058823529413,0.23529411764705882
53-6011,Bridge and lock tenders,2.9,2.8,-3.3,0.3,58490.0,High school diploma or equivalent,4.2,4.2,0.0,0.5,both_vintages,-3.3,-0.6322159,0.2857142857142857,0.2857142857142857,0.2857142857142857,0.0,0.1607142857142857,0.3214285714285714,0.0,18.0,4.566111111111111,0.0,0.2222222222222222,0.2222222222222222,0.2222222222222222
53-6021,Parking attendants,135.7,139.8,3.0,18.5,34600.0,No formal educational credential,95.9,101.3,5.6,14.8,both_vintages,-2.5999999999999996,-0.8353891,0.0357142857142857,0.1071428571428571,0.1785714285714285,0.0357142857142857,0.125,0.2142857142857142,0.0,15.0,3.95,0.0045191426775508005,0.0,0.06666666666666667,0.13333333333333333
53-6031,Automotive and watercraft service attendants,100.0,99.0,-1.0,14.4,34850.0,No formal educational credential,113.6,113.2,-0.4,17.7,both_vintages,-0.6,-1.221489,0.1304347826086956,0.1304347826086956,0.1304347826086956,0.0,0.0652173913043478,0.1304347826086956,0.0,14.0,3.9314285714285715,0.009757239871985,0.21428571428571427,0.21428571428571427,0.21428571428571427
53-6032,Aircraft service attendants,28.0,29.5,5.1,4.3,41540.0,High school diploma or equivalent,12.3,13.6,10.7,2.2,both_vintages,-5.6,,0.1111111111111111,0.1388888888888889,0.1666666666666666,0.1111111111111111,0.1111111111111111,0.1111111111111111,,18.0,,0.0,0.1111111111111111,0.1388888888888889,0.16666666666666666
53-6041,Traffic technicians,7.9,8.2,3.7,0.8,58480.0,High school diploma or equivalent,8.0,8.2,2.3,1.0,both_vintages,1.4000000000000004,0.3995872,0.1111111111111111,0.4629629629629629,0.8148148148148148,0.037037037037037,0.3888888888888888,0.7407407407407407,0.0,23.0,3.7939130434782613,0.0103734866007418,0.13043478260869565,0.4782608695652174,0.8260869565217391
53-6051,Transportation inspectors,25.7,26.1,1.7,2.5,85750.0,High school diploma or equivalent,24.9,25.4,1.8,2.8,both_vintages,-0.10000000000000009,-0.18376,0.187020202020202,0.4125757575757576,0.6381313131313131,0.0602020202020202,0.23439393939393938,0.4085858585858586,0.0,44.0,4.067560975609756,0.0028758180675324,0.18181818181818182,0.4090909090909091,0.6363636363636364
53-6061,Passenger attendants,25.6,26.8,4.7,4.1,37560.0,High school diploma or equivalent,21.5,21.7,0.8,4.0,both_vintages,3.9000000000000004,-0.3752249,0.1666666666666666,0.2222222222222222,0.2777777777777778,0.0,0.1388888888888889,0.2777777777777778,0.1169,12.0,4.185,0.0067787140163263,0.16666666666666666,0.25,0.3333333333333333
53-6099,"Transportation workers, all other",11.5,11.9,3.8,1.2,39630.0,High school diploma or equivalent,14.5,15.1,4.6,1.9,both_vintages,-0.7999999999999998,,,,,,,,,,,,,,
53-7011,Conveyor operators and tenders,29.1,28.1,-3.4,2.6,41230.0,No formal educational credential,34.6,37.0,7.0,5.0,both_vintages,-10.4,-0.7554432,0.0689655172413793,0.1034482758620689,0.1379310344827586,0.0,0.1379310344827586,0.2758620689655172,0.0,20.0,4.308,0.0055462205588125,0.05,0.1,0.15
53-7021,Crane and tower operators,42.3,43.5,3.0,3.8,66370.0,High school diploma or equivalent,45.1,45.2,0.4,4.8,both_vintages,2.6,-1.030619,0.1052631578947368,0.1842105263157894,0.2631578947368421,0.0,0.0263157894736842,0.0526315789473684,0.0,11.0,4.134545454545454,0.0,0.09090909090909091,0.18181818181818182,0.2727272727272727
53-7031,Dredge operators,1.1,1.2,1.2,0.1,48430.0,High school diploma or equivalent,2.0,2.1,2.9,0.3,both_vintages,-1.7,-1.016648,0.0,0.0,0.0,0.0,0.0,0.0,0.0,6.0,4.276666666666666,0.0,0.0,0.0,0.0
53-7041,Hoist and winch operators,2.7,2.7,-1.1,0.3,52310.0,No formal educational credential,3.2,3.2,1.0,0.4,both_vintages,-2.1,-0.9781997,0.0,0.0,0.0,0.0,0.0952380952380952,0.1904761904761904,0.0,13.0,4.202307692307692,0.0,0.0,0.0,0.0
53-7051,Industrial truck and tractor operators,792.5,801.6,1.1,76.4,46390.0,No formal educational credential,767.4,821.6,7.1,95.3,both_vintages,-6.0,-1.39869,0.0,0.03125,0.0625,0.0,0.03125,0.0625,0.0,9.0,4.276666666666667,0.0,0.0,0.05555555555555555,0.1111111111111111
53-7061,Cleaners of vehicles and equipment,410.1,426.2,3.9,56.2,35270.0,No formal educational credential,391.7,414.3,5.8,59.9,both_vintages,-1.9,-1.629897,0.0555555555555555,0.0833333333333333,0.1111111111111111,0.0,0.0,0.0,0.0,20.0,3.6670000000000003,0.0,0.05,0.075,0.1
53-7062,"Laborers and freight, stock, and material movers, hand",2988.9,3033.1,1.5,384.3,38940.0,No formal educational credential,2806.5,2974.8,6.0,421.9,both_vintages,-4.5,-1.709183,0.0417391304347826,0.0417391304347826,0.0417391304347826,0.0,0.040869565217391296,0.08173913043478259,0.0,27.0,3.9096296296296296,0.0,0.07692307692307693,0.07692307692307693,0.07692307692307693
53-7063,Machine feeders and offbearers,46.5,40.4,-13.0,4.7,39700.0,No formal educational credential,61.2,65.0,6.3,10.8,both_vintages,-19.3,-1.037413,0.0909090909090909,0.0909090909090909,0.0909090909090909,0.0,0.0909090909090909,0.1818181818181818,0.0,13.0,4.075384615384616,0.0,0.07692307692307693,0.07692307692307693,0.07692307692307693
53-7064,"Packers and packagers, hand",591.8,559.7,-5.4,74.0,35580.0,No formal educational credential,602.3,600.3,-0.3,92.4,both_vintages,-5.1000000000000005,-1.51362,0.1,0.1,0.1,0.0,0.1,0.2,0.0,12.0,4.128333333333333,0.0,0.08333333333333333,0.08333333333333333,0.08333333333333333
53-7065,Stockers and order fillers,2764.8,2999.8,8.5,472.3,37090.0,No formal educational credential,2472.7,2630.6,6.4,450.4,both_vintages,2.0999999999999996,,0.109090909090909,0.1818181818181818,0.2545454545454545,0.109090909090909,0.1909090909090909,0.2727272727272727,0.0,30.0,3.9113333333333333,0.0045191426775509,0.1,0.18333333333333332,0.26666666666666666
53-7071,Gas compressor and gas pumping station operators,5.4,5.3,-1.3,0.6,71510.0,High school diploma or equivalent,3.0,3.0,-0.1,0.4,both_vintages,-1.2,-0.6909992,0.2307692307692307,0.2692307692307693,0.3076923076923077,0.0,0.0769230769230769,0.1538461538461538,0.0,13.0,3.9853846153846155,0.0,0.23076923076923078,0.2692307692307692,0.3076923076923077
53-7072,"Pump operators, except wellhead pumpers",13.1,13.5,2.6,1.5,60020.0,High school diploma or equivalent,11.0,12.3,11.4,1.5,both_vintages,-8.8,-0.8422927,0.1666666666666666,0.2499999999999999,0.3333333333333333,0.0,0.1666666666666666,0.3333333333333333,0.0,14.0,4.162142857142857,0.0,0.14285714285714285,0.21428571428571427,0.2857142857142857
53-7073,Wellhead pumpers,18.8,17.9,-4.7,2.0,70010.0,High school diploma or equivalent,18.0,18.6,3.3,2.3,both_vintages,-8.0,-1.091197,0.0,0.0,0.0,0.0,0.0,0.0,0.0,14.0,4.058571428571429,0.0,0.0,0.0,0.0
53-7081,Refuse and recyclable material collectors,147.9,149.2,0.9,16.9,48350.0,No formal educational credential,138.7,146.2,5.4,20.6,both_vintages,-4.5,-1.283373,0.1785714285714285,0.1964285714285714,0.2142857142857142,0.1071428571428571,0.2321428571428571,0.3571428571428571,0.0,14.0,3.975,0.0,0.14285714285714285,0.17857142857142858,0.21428571428571427
53-7121,"Tank car, truck, and ship loaders",12.0,12.5,4.3,1.3,58070.0,No formal educational credential,13.5,13.1,-2.5,1.7,both_vintages,6.8,-1.38776,0.0714285714285714,0.0714285714285714,0.0714285714285714,0.0,0.125,0.25,0.0,19.0,4.287894736842105,0.0,0.05263157894736842,0.05263157894736842,0.05263157894736842
53-7199,"Material moving workers, all other",27.7,28.9,4.3,3.1,41690.0,No formal educational credential,25.0,26.0,4.3,3.5,both_vintages,0.0,,,,,,,,,,,,,,
